1,370,773.320,550.220,108.340,290.380,1.0000,-1,-1,-1
1,371,926.900,560.430,68.100,268.960,1.0000,-1,-1,-1
1,372,647.160,540.510,142.830,292.200,1.0000,-1,-1,-1
1,373,798.080,646.600,155.060,211.050,1.0000,-1,-1,-1
1,374,1022.200,568.250,51.280,228.800,1.0000,-1,-1,-1
1,375,1034.460,611.370,155.460,215.670,1.0000,-1,-1,-1
1,376,1097.000,571.620,90.970,230.730,1.0000,-1,-1,-1
1,377,1006.590,633.350,114.620,203.610,1.0000,-1,-1,-1
1,378,926.510,635.000,185.950,220.040,1.0000,-1,-1,-1
2,370,763.780,549.930,111.970,291.090,1.0000,-1,-1,-1
2,371,928.870,560.500,66.100,267.980,1.0000,-1,-1,-1
2,372,643.810,529.500,134.690,308.610,1.0000,-1,-1,-1
2,373,796.450,645.620,183.810,211.740,1.0000,-1,-1,-1
2,374,1022.980,568.510,46.320,226.520,1.0000,-1,-1,-1
2,375,1018.890,610.410,167.100,217.870,1.0000,-1,-1,-1
2,376,1102.070,572.340,88.470,230.920,1.0000,-1,-1,-1
2,377,1004.400,634.500,113.460,205.390,1.0000,-1,-1,-1
2,378,927.540,634.910,185.950,219.900,1.0000,-1,-1,-1
3,370,757.310,549.470,110.320,291.450,1.0000,-1,-1,-1
3,371,921.340,561.120,78.330,267.610,1.0000,-1,-1,-1
3,372,643.820,534.010,137.130,304.410,1.0000,-1,-1,-1
3,373,819.740,645.470,161.520,211.860,1.0000,-1,-1,-1
3,374,1022.700,568.580,44.980,225.960,1.0000,-1,-1,-1
3,375,1015.550,610.390,170.690,218.460,1.0000,-1,-1,-1
3,376,1110.380,572.420,79.880,230.290,1.0000,-1,-1,-1
3,377,1003.560,634.980,114.400,205.610,1.0000,-1,-1,-1
3,378,927.520,635.340,182.790,219.680,1.0000,-1,-1,-1
4,370,748.090,549.150,112.700,292.430,1.0000,-1,-1,-1
4,371,919.460,561.530,81.820,265.600,1.0000,-1,-1,-1
4,372,644.490,538.600,128.010,299.860,1.0000,-1,-1,-1
4,373,811.270,646.060,163.920,211.360,1.0000,-1,-1,-1
4,374,1023.020,568.200,44.120,225.580,1.0000,-1,-1,-1
4,375,1018.200,610.240,166.200,219.530,1.0000,-1,-1,-1
4,376,1115.590,572.520,74.830,232.060,1.0000,-1,-1,-1
4,377,1001.210,634.900,119.390,205.380,1.0000,-1,-1,-1
4,378,927.830,635.050,184.120,220.070,1.0000,-1,-1,-1
4,379,643.080,562.260,128.740,270.530,1.0000,-1,-1,-1
5,370,741.230,549.580,120.120,292.310,1.0000,-1,-1,-1
5,371,916.790,562.080,80.240,265.470,1.0000,-1,-1,-1
5,372,644.900,544.260,126.050,295.110,1.0000,-1,-1,-1
5,373,821.920,646.280,140.440,211.350,1.0000,-1,-1,-1
5,374,1023.970,568.190,42.910,226.940,1.0000,-1,-1,-1
5,375,1018.060,610.330,163.030,219.690,1.0000,-1,-1,-1
5,376,1115.870,573.020,74.780,232.570,1.0000,-1,-1,-1
5,377,999.190,635.150,118.170,205.650,1.0000,-1,-1,-1
5,378,933.050,634.880,179.880,220.090,1.0000,-1,-1,-1
5,379,642.430,575.370,129.760,257.710,1.0000,-1,-1,-1
6,370,734.950,550.130,125.410,291.850,1.0000,-1,-1,-1
6,371,918.520,562.040,75.360,267.780,1.0000,-1,-1,-1
6,372,649.230,546.500,120.050,294.010,1.0000,-1,-1,-1
6,373,819.980,646.660,136.270,210.890,1.0000,-1,-1,-1
6,374,1024.840,568.160,42.100,227.180,1.0000,-1,-1,-1
6,375,1017.880,610.730,167.250,219.670,1.0000,-1,-1,-1
6,376,1115.740,573.130,75.380,233.560,1.0000,-1,-1,-1
6,377,1000.840,634.740,117.110,206.200,1.0000,-1,-1,-1
6,378,939.180,635.600,173.920,219.260,1.0000,-1,-1,-1
6,379,633.090,590.300,136.570,242.420,1.0000,-1,-1,-1
7,370,743.040,551.130,117.170,290.720,1.0000,-1,-1,-1
7,371,920.750,561.790,72.420,268.060,1.0000,-1,-1,-1
7,372,647.340,547.130,118.560,291.940,1.0000,-1,-1,-1
7,373,821.440,647.330,133.590,210.190,1.0000,-1,-1,-1
7,374,1024.050,568.170,42.790,227.290,1.0000,-1,-1,-1
7,375,1019.830,610.070,163.550,220.210,1.0000,-1,-1,-1
7,376,1117.200,573.500,73.870,236.180,1.0000,-1,-1,-1
7,377,1002.590,634.320,113.380,206.720,1.0000,-1,-1,-1
7,378,940.930,636.000,171.440,218.740,1.0000,-1,-1,-1
7,379,621.890,581.060,143.150,253.560,1.0000,-1,-1,-1
7,380,726.690,579.560,130.630,235.120,1.0000,-1,-1,-1
8,370,753.720,552.980,108.020,288.830,1.0000,-1,-1,-1
8,371,921.150,561.950,75.780,268.410,1.0000,-1,-1,-1
8,372,644.860,547.490,114.480,291.280,1.0000,-1,-1,-1
8,373,838.750,648.580,113.810,208.710,1.0000,-1,-1,-1
8,374,1024.500,568.150,42.440,226.990,1.0000,-1,-1,-1
8,375,1030.660,609.980,158.390,219.290,1.0000,-1,-1,-1
8,376,1118.120,573.210,72.180,231.900,1.0000,-1,-1,-1
8,377,1003.880,634.540,111.660,206.520,1.0000,-1,-1,-1
8,378,945.010,635.920,167.800,218.750,1.0000,-1,-1,-1
8,379,605.430,596.510,129.390,237.170,1.0000,-1,-1,-1
8,380,722.290,575.480,127.350,244.340,1.0000,-1,-1,-1
9,370,749.880,554.040,112.410,287.820,1.0000,-1,-1,-1
9,371,922.860,561.900,75.780,267.910,1.0000,-1,-1,-1
9,372,619.690,547.890,137.880,290.810,1.0000,-1,-1,-1
9,373,839.740,648.670,113.150,208.580,1.0000,-1,-1,-1
9,374,1024.860,568.410,42.510,226.830,1.0000,-1,-1,-1
9,375,1030.340,609.960,158.540,218.770,1.0000,-1,-1,-1
9,376,1116.540,573.390,73.210,230.340,1.0000,-1,-1,-1
9,377,1001.460,634.090,115.120,206.600,1.0000,-1,-1,-1
9,378,942.100,636.070,170.220,218.540,1.0000,-1,-1,-1
9,379,596.530,601.050,131.640,233.790,1.0000,-1,-1,-1
9,380,724.880,579.140,108.920,241.610,1.0000,-1,-1,-1
10,370,724.430,555.720,140.290,285.570,1.0000,-1,-1,-1
10,371,925.890,561.840,73.640,268.100,1.0000,-1,-1,-1
10,372,656.220,547.780,97.210,290.720,1.0000,-1,-1,-1
10,373,839.550,648.560,115.870,208.830,1.0000,-1,-1,-1
10,374,1027.480,568.710,40.850,227.050,1.0000,-1,-1,-1
10,375,1023.780,609.940,163.490,219.790,1.0000,-1,-1,-1
10,376,1114.460,573.770,75.330,231.550,1.0000,-1,-1,-1
10,377,1007.020,634.280,109.690,206.480,1.0000,-1,-1,-1
10,378,935.910,635.940,177.480,218.890,1.0000,-1,-1,-1
10,379,559.040,601.550,133.490,233.230,1.0000,-1,-1,-1
10,380,715.340,578.660,99.860,242.030,1.0000,-1,-1,-1
11,370,711.750,556.080,154.460,285.440,1.0000,-1,-1,-1
11,371,928.940,561.890,71.450,268.000,1.0000,-1,-1,-1
11,372,658.530,547.420,94.720,291.830,1.0000,-1,-1,-1
11,373,838.000,648.500,116.790,208.750,1.0000,-1,-1,-1
11,374,1027.920,568.690,40.480,225.770,1.0000,-1,-1,-1
11,375,1022.900,610.120,160.980,220.040,1.0000,-1,-1,-1
11,376,1109.620,573.860,79.890,231.930,1.0000,-1,-1,-1
11,377,1005.980,634.160,112.690,206.540,1.0000,-1,-1,-1
11,378,934.710,635.870,178.060,219.100,1.0000,-1,-1,-1
11,379,542.000,598.150,138.020,236.660,1.0000,-1,-1,-1
11,380,710.670,578.930,100.290,241.870,1.0000,-1,-1,-1
12,370,743.180,553.980,124.900,287.690,1.0000,-1,-1,-1
12,371,929.340,561.880,71.140,267.750,1.0000,-1,-1,-1
12,372,652.730,545.070,99.090,294.950,1.0000,-1,-1,-1
12,373,834.800,648.680,119.010,208.560,1.0000,-1,-1,-1
12,374,1027.910,568.520,40.800,224.650,1.0000,-1,-1,-1
12,375,1021.840,610.260,154.230,220.460,1.0000,-1,-1,-1
12,376,1106.770,573.830,82.960,230.340,1.0000,-1,-1,-1
12,377,1003.170,633.910,116.020,207.080,1.0000,-1,-1,-1
12,378,938.120,635.930,171.870,218.780,1.0000,-1,-1,-1
12,379,519.650,583.790,146.440,252.680,1.0000,-1,-1,-1
12,380,718.460,569.980,91.470,250.850,1.0000,-1,-1,-1
13,370,751.030,553.450,117.720,288.280,1.0000,-1,-1,-1
13,371,929.560,562.160,73.360,267.590,1.0000,-1,-1,-1
13,372,646.550,544.100,102.420,296.680,1.0000,-1,-1,-1
13,373,832.370,648.360,122.090,208.870,1.0000,-1,-1,-1
13,374,1027.650,568.530,41.100,223.260,1.0000,-1,-1,-1
13,375,1017.430,610.230,158.020,219.590,1.0000,-1,-1,-1
13,376,1105.150,573.980,85.180,231.460,1.0000,-1,-1,-1
13,377,998.240,633.910,122.060,207.040,1.0000,-1,-1,-1
13,378,937.190,635.910,173.990,218.770,1.0000,-1,-1,-1
13,379,513.320,573.400,148.060,263.500,1.0000,-1,-1,-1
13,380,712.880,580.000,85.990,241.200,1.0000,-1,-1,-1
14,370,760.020,552.600,109.550,288.990,1.0000,-1,-1,-1
14,371,929.610,562.420,73.960,267.440,1.0000,-1,-1,-1
14,372,634.070,542.080,112.720,298.850,1.0000,-1,-1,-1
14,373,823.830,648.850,131.200,208.450,1.0000,-1,-1,-1
14,374,1028.600,568.260,40.620,221.990,1.0000,-1,-1,-1
14,375,1020.230,610.130,154.930,220.300,1.0000,-1,-1,-1
14,376,1108.690,573.970,82.770,234.430,1.0000,-1,-1,-1
14,377,999.120,634.010,124.520,206.940,1.0000,-1,-1,-1
14,378,935.290,635.690,176.170,219.240,1.0000,-1,-1,-1
14,379,510.350,552.020,158.310,284.300,1.0000,-1,-1,-1
14,380,722.830,553.380,75.620,268.480,1.0000,-1,-1,-1
15,370,773.420,553.660,93.770,287.970,1.0000,-1,-1,-1
15,371,930.160,562.480,73.460,267.610,1.0000,-1,-1,-1
15,372,632.400,541.110,112.840,300.030,1.0000,-1,-1,-1
15,373,820.640,648.900,133.170,208.290,1.0000,-1,-1,-1
15,374,1028.970,568.350,40.540,221.660,1.0000,-1,-1,-1
15,375,1021.630,609.910,153.090,220.780,1.0000,-1,-1,-1
15,376,1115.160,574.040,77.390,241.630,1.0000,-1,-1,-1
15,377,1004.120,633.730,120.900,207.190,1.0000,-1,-1,-1
15,378,936.370,635.640,165.610,219.490,1.0000,-1,-1,-1
15,379,509.140,532.740,155.850,304.010,1.0000,-1,-1,-1
15,380,722.050,540.620,79.680,281.670,1.0000,-1,-1,-1
16,370,771.390,552.060,92.890,289.310,1.0000,-1,-1,-1
16,371,930.910,562.640,72.860,267.470,1.0000,-1,-1,-1
16,372,629.770,541.680,110.150,299.260,1.0000,-1,-1,-1
16,373,825.900,648.730,127.780,208.500,1.0000,-1,-1,-1
16,374,1029.640,568.300,39.960,222.130,1.0000,-1,-1,-1
16,375,1022.410,609.770,151.930,222.130,1.0000,-1,-1,-1
16,376,1118.870,574.050,73.660,247.910,1.0000,-1,-1,-1
16,377,1005.900,633.460,126.020,207.420,1.0000,-1,-1,-1
16,378,935.890,635.480,176.760,219.450,1.0000,-1,-1,-1
16,379,508.080,506.260,148.400,331.960,1.0000,-1,-1,-1
16,380,721.960,542.280,79.230,279.520,1.0000,-1,-1,-1
17,370,772.500,553.620,103.840,287.670,1.0000,-1,-1,-1
17,371,931.480,562.660,69.900,267.360,1.0000,-1,-1,-1
17,372,627.650,542.360,109.860,298.750,1.0000,-1,-1,-1
17,373,828.140,648.740,125.510,208.440,1.0000,-1,-1,-1
17,374,1030.150,568.230,39.760,221.470,1.0000,-1,-1,-1
17,375,1023.410,609.840,153.990,222.840,1.0000,-1,-1,-1
17,376,1119.740,574.010,72.930,248.610,1.0000,-1,-1,-1
17,377,1009.040,632.620,145.180,207.960,1.0000,-1,-1,-1
17,378,935.810,635.550,179.250,219.560,1.0000,-1,-1,-1
17,379,508.030,512.320,144.980,326.990,1.0000,-1,-1,-1
17,380,723.730,528.380,76.130,293.050,1.0000,-1,-1,-1
18,370,765.020,549.620,126.530,292.300,1.0000,-1,-1,-1
18,371,931.080,562.720,69.030,267.570,1.0000,-1,-1,-1
18,372,621.720,544.770,113.480,296.700,1.0000,-1,-1,-1
18,373,832.040,648.690,121.320,208.490,1.0000,-1,-1,-1
18,374,1031.090,568.520,39.830,220.480,1.0000,-1,-1,-1
18,375,1021.770,609.660,163.300,223.330,1.0000,-1,-1,-1
18,376,1122.010,574.110,70.240,248.540,1.0000,-1,-1,-1
18,377,1012.460,632.610,163.420,205.690,1.0000,-1,-1,-1
18,378,936.360,635.790,178.300,219.470,1.0000,-1,-1,-1
18,379,503.890,536.920,152.500,302.880,1.0000,-1,-1,-1
18,380,720.380,573.340,77.330,247.340,1.0000,-1,-1,-1
19,370,762.780,526.040,135.820,315.100,1.0000,-1,-1,-1
19,371,930.520,562.790,71.490,267.600,1.0000,-1,-1,-1
19,372,620.870,544.890,114.640,296.530,1.0000,-1,-1,-1
19,373,836.180,649.280,116.660,207.910,1.0000,-1,-1,-1
19,374,1031.320,568.470,39.750,221.230,1.0000,-1,-1,-1
19,375,1022.040,610.330,161.600,223.640,1.0000,-1,-1,-1
19,376,1124.480,574.140,67.140,248.100,1.0000,-1,-1,-1
19,377,1016.990,611.100,163.220,225.130,1.0000,-1,-1,-1
19,378,937.270,635.800,176.360,219.440,1.0000,-1,-1,-1
19,379,493.120,542.120,164.020,297.950,1.0000,-1,-1,-1
19,380,716.020,575.560,72.400,245.340,1.0000,-1,-1,-1
20,370,757.650,528.120,154.750,312.810,1.0000,-1,-1,-1
20,371,930.710,562.680,71.640,267.970,1.0000,-1,-1,-1
20,372,617.650,546.630,121.640,295.030,1.0000,-1,-1,-1
20,373,839.520,648.820,113.040,208.470,1.0000,-1,-1,-1
20,374,1031.800,568.710,39.890,220.020,1.0000,-1,-1,-1
20,375,1021.740,610.490,167.210,222.070,1.0000,-1,-1,-1
20,376,1126.690,574.120,65.120,247.770,1.0000,-1,-1,-1
20,378,938.490,635.860,175.050,219.530,1.0000,-1,-1,-1
20,379,476.210,555.850,158.270,284.460,1.0000,-1,-1,-1
20,380,711.010,567.820,78.120,253.770,1.0000,-1,-1,-1
21,370,751.770,530.530,165.560,310.190,1.0000,-1,-1,-1
21,371,930.870,562.710,69.800,267.540,1.0000,-1,-1,-1
21,372,616.910,547.620,126.070,294.280,1.0000,-1,-1,-1
21,373,841.140,648.550,111.620,208.770,1.0000,-1,-1,-1
21,374,1032.060,569.000,40.040,218.170,1.0000,-1,-1,-1
21,376,1127.050,574.420,65.120,248.320,1.0000,-1,-1,-1
21,378,935.950,635.380,177.610,220.190,1.0000,-1,-1,-1
21,379,465.390,564.490,156.580,275.630,1.0000,-1,-1,-1
21,380,707.340,571.650,80.740,249.120,1.0000,-1,-1,-1
22,370,738.470,552.160,176.530,288.740,1.0000,-1,-1,-1
22,371,930.060,562.730,70.450,266.860,1.0000,-1,-1,-1
22,372,613.980,549.040,122.910,293.000,1.0000,-1,-1,-1
22,373,840.700,643.390,111.970,213.950,1.0000,-1,-1,-1
22,374,1034.360,569.380,38.910,219.240,1.0000,-1,-1,-1
22,375,1032.160,610.710,158.770,219.690,1.0000,-1,-1,-1
22,376,1128.060,574.420,65.060,248.790,1.0000,-1,-1,-1
22,377,1022.970,611.730,166.690,221.230,1.0000,-1,-1,-1
22,378,933.260,633.950,180.790,221.590,1.0000,-1,-1,-1
22,379,440.570,567.170,190.530,272.990,1.0000,-1,-1,-1
22,380,698.640,576.580,92.720,242.400,1.0000,-1,-1,-1
23,370,734.310,552.840,161.590,287.870,1.0000,-1,-1,-1
23,371,929.850,562.600,72.480,266.400,1.0000,-1,-1,-1
23,372,612.490,550.380,123.550,291.740,1.0000,-1,-1,-1
23,373,840.930,649.180,111.860,208.220,1.0000,-1,-1,-1
23,374,1032.370,569.430,41.710,213.390,1.0000,-1,-1,-1
23,375,1035.100,609.560,156.820,217.880,1.0000,-1,-1,-1
23,376,1128.600,574.460,65.420,248.440,1.0000,-1,-1,-1
23,377,1022.620,611.350,167.310,219.760,1.0000,-1,-1,-1
23,378,930.640,633.540,139.860,222.320,1.0000,-1,-1,-1
23,379,432.680,567.560,202.610,272.520,1.0000,-1,-1,-1
23,380,701.130,577.720,93.270,243.280,1.0000,-1,-1,-1
24,370,734.780,552.940,141.800,287.320,1.0000,-1,-1,-1
24,371,932.050,562.500,62.820,265.730,1.0000,-1,-1,-1
24,372,608.980,551.350,123.170,290.690,1.0000,-1,-1,-1
24,373,839.520,648.650,114.460,208.670,1.0000,-1,-1,-1
24,374,1034.650,569.650,42.610,217.300,1.0000,-1,-1,-1
24,375,1026.940,612.040,166.190,217.470,1.0000,-1,-1,-1
24,376,1131.380,575.160,65.660,245.120,1.0000,-1,-1,-1
24,377,1024.360,611.500,166.990,218.760,1.0000,-1,-1,-1
24,378,949.780,631.860,119.340,223.830,1.0000,-1,-1,-1
24,379,427.740,567.140,215.060,272.690,1.0000,-1,-1,-1
24,380,693.740,578.920,108.420,244.210,1.0000,-1,-1,-1
25,370,732.120,552.160,141.420,288.030,1.0000,-1,-1,-1
25,371,932.780,562.570,61.000,266.090,1.0000,-1,-1,-1
25,372,606.330,550.970,125.960,291.150,1.0000,-1,-1,-1
25,373,838.610,649.840,115.830,207.550,1.0000,-1,-1,-1
25,374,1036.980,569.470,41.470,220.740,1.0000,-1,-1,-1
25,376,1135.680,575.910,62.830,241.520,1.0000,-1,-1,-1
25,378,945.420,632.340,122.770,222.900,1.0000,-1,-1,-1
25,379,442.770,567.410,194.290,272.840,1.0000,-1,-1,-1
25,380,698.340,579.140,95.210,244.650,1.0000,-1,-1,-1
26,370,751.320,551.440,117.620,290.520,1.0000,-1,-1,-1
26,371,932.350,563.020,63.400,265.580,1.0000,-1,-1,-1
26,372,604.130,547.880,126.150,293.370,1.0000,-1,-1,-1
26,373,830.030,653.750,136.310,201.910,1.0000,-1,-1,-1
26,374,1034.460,569.440,46.910,220.820,1.0000,-1,-1,-1
26,375,1049.850,612.640,147.540,216.020,1.0000,-1,-1,-1
26,376,1137.750,576.690,66.820,237.490,1.0000,-1,-1,-1
26,378,946.790,634.770,121.960,220.350,1.0000,-1,-1,-1
26,379,472.780,569.350,115.700,271.190,1.0000,-1,-1,-1
26,380,684.350,577.370,102.020,245.380,1.0000,-1,-1,-1
27,370,758.290,552.120,108.760,289.830,1.0000,-1,-1,-1
27,371,932.410,563.060,63.480,265.830,1.0000,-1,-1,-1
27,372,592.970,546.230,134.920,294.500,1.0000,-1,-1,-1
27,373,834.810,655.050,130.770,198.410,1.0000,-1,-1,-1
27,374,1033.020,569.680,46.540,220.150,1.0000,-1,-1,-1
27,376,1138.420,577.490,71.410,237.510,1.0000,-1,-1,-1
27,378,947.330,635.240,133.160,220.170,1.0000,-1,-1,-1
27,379,494.090,570.890,76.470,269.170,1.0000,-1,-1,-1
27,380,689.110,577.160,92.110,245.700,1.0000,-1,-1,-1
28,370,775.340,554.520,90.630,287.160,1.0000,-1,-1,-1
28,371,932.490,563.020,63.420,262.730,1.0000,-1,-1,-1
28,372,578.820,543.620,146.360,296.550,1.0000,-1,-1,-1
28,373,835.420,652.890,120.090,200.910,1.0000,-1,-1,-1
28,374,1030.940,569.410,51.400,219.540,1.0000,-1,-1,-1
28,375,1067.880,613.360,128.820,215.520,1.0000,-1,-1,-1
28,376,1134.220,578.100,104.180,234.160,1.0000,-1,-1,-1
28,377,1026.950,637.330,97.860,203.380,1.0000,-1,-1,-1
28,378,948.110,633.700,145.340,221.900,1.0000,-1,-1,-1
28,379,488.210,572.600,83.160,266.930,1.0000,-1,-1,-1
28,380,702.250,577.490,84.140,245.600,1.0000,-1,-1,-1
29,370,770.810,555.750,95.270,285.360,1.0000,-1,-1,-1
29,371,932.680,563.260,62.040,254.620,1.0000,-1,-1,-1
29,372,583.910,542.790,147.110,297.120,1.0000,-1,-1,-1
29,373,835.560,650.270,102.400,202.620,1.0000,-1,-1,-1
29,374,1027.080,569.340,57.410,225.710,1.0000,-1,-1,-1
29,375,1063.360,614.170,132.030,214.690,1.0000,-1,-1,-1
29,376,1124.400,579.570,129.680,231.850,1.0000,-1,-1,-1
29,377,1025.230,643.650,90.750,197.120,1.0000,-1,-1,-1
29,378,945.690,629.880,148.110,225.820,1.0000,-1,-1,-1
29,379,479.690,572.790,93.610,266.370,1.0000,-1,-1,-1
29,380,697.430,578.370,79.170,244.480,1.0000,-1,-1,-1
30,370,747.240,554.270,118.490,286.680,1.0000,-1,-1,-1
30,371,929.780,563.140,68.210,243.700,1.0000,-1,-1,-1
30,372,564.390,540.260,155.410,299.610,1.0000,-1,-1,-1
30,373,829.970,641.170,109.110,210.610,1.0000,-1,-1,-1
30,374,1031.640,569.080,56.870,225.480,1.0000,-1,-1,-1
30,375,1058.420,613.770,136.750,212.010,1.0000,-1,-1,-1
30,376,1116.880,583.010,167.140,231.350,1.0000,-1,-1,-1
30,377,1025.580,639.650,92.480,198.980,1.0000,-1,-1,-1
30,378,945.730,619.990,121.870,235.440,1.0000,-1,-1,-1
30,379,465.320,572.910,108.050,266.750,1.0000,-1,-1,-1
30,380,682.620,577.950,86.440,244.430,1.0000,-1,-1,-1
31,370,730.400,552.950,135.780,288.420,1.0000,-1,-1,-1
31,371,925.080,563.280,74.030,243.530,1.0000,-1,-1,-1
31,372,553.480,538.590,167.220,301.860,1.0000,-1,-1,-1
31,373,828.850,635.880,105.350,216.310,1.0000,-1,-1,-1
31,374,1035.390,569.020,57.680,228.730,1.0000,-1,-1,-1
31,375,1070.630,612.000,125.230,212.610,1.0000,-1,-1,-1
31,376,1121.640,585.620,172.960,228.790,1.0000,-1,-1,-1
31,377,1017.460,635.920,101.040,200.680,1.0000,-1,-1,-1
31,378,943.600,613.700,112.870,241.270,1.0000,-1,-1,-1
31,379,463.980,572.460,108.940,267.320,1.0000,-1,-1,-1
31,380,675.840,576.770,96.440,245.950,1.0000,-1,-1,-1
32,370,720.050,552.550,156.210,289.760,1.0000,-1,-1,-1
32,371,918.830,564.250,86.940,242.940,1.0000,-1,-1,-1
32,372,518.620,536.800,222.490,301.200,1.0000,-1,-1,-1
32,373,827.920,625.070,114.180,227.620,1.0000,-1,-1,-1
32,374,1038.120,569.320,69.130,227.370,1.0000,-1,-1,-1
32,375,1096.860,605.520,100.960,217.990,1.0000,-1,-1,-1
32,376,1135.840,587.420,168.430,227.760,1.0000,-1,-1,-1
32,377,1016.980,623.840,104.510,209.100,1.0000,-1,-1,-1
32,378,947.620,601.150,110.180,253.400,1.0000,-1,-1,-1
32,379,435.460,572.980,155.920,266.910,1.0000,-1,-1,-1
32,380,658.140,575.010,114.900,248.140,1.0000,-1,-1,-1
33,370,717.870,554.930,158.680,286.550,1.0000,-1,-1,-1
33,371,921.850,564.200,83.840,243.250,1.0000,-1,-1,-1
33,372,518.430,537.130,222.390,305.590,1.0000,-1,-1,-1
33,373,826.330,619.320,152.410,233.480,1.0000,-1,-1,-1
33,374,1038.900,568.840,70.900,226.950,1.0000,-1,-1,-1
33,375,1098.520,601.700,100.120,222.810,1.0000,-1,-1,-1
33,376,1141.980,586.440,164.980,227.800,1.0000,-1,-1,-1
33,377,1008.860,616.530,114.380,212.780,1.0000,-1,-1,-1
33,378,945.540,594.250,108.560,260.360,1.0000,-1,-1,-1
33,379,413.730,573.690,184.100,266.020,1.0000,-1,-1,-1
33,380,645.260,574.060,126.570,252.660,1.0000,-1,-1,-1
34,370,713.620,560.790,167.740,281.290,1.0000,-1,-1,-1
34,371,917.460,564.490,95.490,254.140,1.0000,-1,-1,-1
34,372,532.380,541.050,216.360,311.040,1.0000,-1,-1,-1
34,373,825.380,606.840,115.560,245.780,1.0000,-1,-1,-1
34,374,1035.470,569.180,87.350,244.740,1.0000,-1,-1,-1
34,375,1074.990,592.110,131.550,233.310,1.0000,-1,-1,-1
34,376,1150.080,583.320,159.430,232.040,1.0000,-1,-1,-1
34,377,993.490,599.540,137.880,237.380,1.0000,-1,-1,-1
34,378,926.220,582.390,126.250,272.860,1.0000,-1,-1,-1
34,379,415.250,574.430,185.600,266.480,1.0000,-1,-1,-1
34,380,631.650,573.090,139.010,257.450,1.0000,-1,-1,-1
35,370,711.350,561.050,167.820,281.210,1.0000,-1,-1,-1
35,371,923.260,563.880,87.200,258.960,1.0000,-1,-1,-1
35,372,528.690,543.140,215.150,312.130,1.0000,-1,-1,-1
35,373,823.980,599.270,115.220,253.660,1.0000,-1,-1,-1
35,374,1035.750,569.750,90.080,243.530,1.0000,-1,-1,-1
35,375,1079.970,587.230,129.110,238.110,1.0000,-1,-1,-1
35,376,1168.010,582.050,141.440,233.450,1.0000,-1,-1,-1
35,377,1011.950,591.140,120.640,246.460,1.0000,-1,-1,-1
35,378,921.430,575.900,143.490,279.100,1.0000,-1,-1,-1
35,379,410.720,574.730,188.580,266.970,1.0000,-1,-1,-1
35,380,627.330,573.730,147.100,260.300,1.0000,-1,-1,-1
36,370,715.340,559.490,172.450,282.990,1.0000,-1,-1,-1
36,371,916.060,562.620,94.340,261.320,1.0000,-1,-1,-1
36,372,523.310,544.340,218.180,312.170,1.0000,-1,-1,-1
36,373,824.080,584.860,109.670,268.370,1.0000,-1,-1,-1
36,375,1069.540,578.500,174.490,246.310,1.0000,-1,-1,-1
36,376,1190.520,577.990,118.950,238.140,1.0000,-1,-1,-1
36,377,1039.530,570.350,104.550,266.440,1.0000,-1,-1,-1
36,378,937.280,563.100,127.690,292.510,1.0000,-1,-1,-1
36,379,393.860,574.020,202.870,267.710,1.0000,-1,-1,-1
36,380,633.500,573.120,146.890,256.870,1.0000,-1,-1,-1
37,370,715.150,557.070,169.780,285.200,1.0000,-1,-1,-1
37,371,915.310,562.250,94.480,264.080,1.0000,-1,-1,-1
37,372,519.760,542.920,221.300,314.270,1.0000,-1,-1,-1
37,373,822.920,577.710,109.310,275.500,1.0000,-1,-1,-1
37,375,1065.580,574.480,197.270,250.270,1.0000,-1,-1,-1
37,376,1206.610,577.080,102.880,238.460,1.0000,-1,-1,-1
37,377,1042.320,567.360,107.460,269.370,1.0000,-1,-1,-1
37,378,929.680,556.680,129.150,297.790,1.0000,-1,-1,-1
37,379,391.110,572.220,204.930,269.590,1.0000,-1,-1,-1
37,380,636.240,570.510,146.470,253.790,1.0000,-1,-1,-1
38,370,712.090,552.120,154.680,289.710,1.0000,-1,-1,-1
38,371,908.170,562.140,105.040,266.400,1.0000,-1,-1,-1
38,372,510.280,542.520,223.650,314.730,1.0000,-1,-1,-1
38,373,821.430,563.700,108.620,289.010,1.0000,-1,-1,-1
38,375,1070.430,564.040,203.030,261.110,1.0000,-1,-1,-1
38,376,1241.150,576.000,68.210,239.590,1.0000,-1,-1,-1
38,377,1034.390,554.340,119.490,282.810,1.0000,-1,-1,-1
38,378,941.100,547.000,141.080,308.180,1.0000,-1,-1,-1
38,379,404.930,571.920,185.930,270.020,1.0000,-1,-1,-1
38,380,643.880,565.330,135.980,260.580,1.0000,-1,-1,-1
39,370,719.120,550.930,146.880,291.050,1.0000,-1,-1,-1
39,371,903.620,557.090,104.260,272.700,1.0000,-1,-1,-1
39,372,517.330,542.060,210.740,315.560,1.0000,-1,-1,-1
39,373,821.790,557.980,101.390,294.480,1.0000,-1,-1,-1
39,375,1084.490,558.190,193.700,266.670,1.0000,-1,-1,-1
39,376,1247.580,575.150,74.000,240.460,1.0000,-1,-1,-1
39,377,1047.640,548.470,110.040,288.670,1.0000,-1,-1,-1
39,378,941.980,542.280,144.040,312.920,1.0000,-1,-1,-1
39,379,417.660,572.510,169.160,269.740,1.0000,-1,-1,-1
39,380,656.280,564.230,113.200,259.600,1.0000,-1,-1,-1
40,370,735.250,549.970,144.690,291.490,1.0000,-1,-1,-1
40,371,912.630,543.770,87.710,287.280,1.0000,-1,-1,-1
40,372,525.860,547.230,186.840,308.870,1.0000,-1,-1,-1
40,373,825.130,548.610,94.460,303.860,1.0000,-1,-1,-1
40,375,1110.860,544.310,153.780,279.000,1.0000,-1,-1,-1
40,376,1254.960,573.190,90.420,240.840,1.0000,-1,-1,-1
40,377,1055.420,539.720,109.120,297.810,1.0000,-1,-1,-1
40,378,946.450,535.660,123.030,318.950,1.0000,-1,-1,-1
40,379,440.080,576.040,140.270,264.040,1.0000,-1,-1,-1
40,380,663.610,564.340,102.900,259.710,1.0000,-1,-1,-1
41,370,737.580,550.440,147.740,291.550,1.0000,-1,-1,-1
41,371,917.420,539.470,79.590,288.920,1.0000,-1,-1,-1
41,372,537.910,548.380,170.070,308.400,1.0000,-1,-1,-1
41,373,828.800,545.900,91.520,305.910,1.0000,-1,-1,-1
41,375,1132.970,539.070,128.970,283.390,1.0000,-1,-1,-1
41,376,1259.170,571.880,99.440,243.480,1.0000,-1,-1,-1
41,377,1058.810,537.690,107.890,300.170,1.0000,-1,-1,-1
41,378,958.650,533.680,120.930,320.580,1.0000,-1,-1,-1
41,379,447.940,578.360,130.400,262.450,1.0000,-1,-1,-1
41,380,665.160,565.730,101.730,258.340,1.0000,-1,-1,-1
42,370,758.060,552.540,138.470,290.210,1.0000,-1,-1,-1
42,371,904.460,535.170,97.610,293.650,1.0000,-1,-1,-1
42,372,552.450,549.290,151.790,307.630,1.0000,-1,-1,-1
42,373,837.230,543.210,92.640,308.640,1.0000,-1,-1,-1
42,374,1051.790,564.220,110.320,249.090,1.0000,-1,-1,-1
42,375,1159.920,531.990,101.800,287.730,1.0000,-1,-1,-1
42,376,1267.860,572.000,98.140,242.020,1.0000,-1,-1,-1
42,377,1066.600,536.930,121.440,300.800,1.0000,-1,-1,-1
42,378,970.980,530.530,113.400,321.160,1.0000,-1,-1,-1
42,379,465.020,580.130,110.710,262.040,1.0000,-1,-1,-1
42,380,670.830,567.040,90.740,257.320,1.0000,-1,-1,-1
43,370,763.620,552.900,123.760,290.220,1.0000,-1,-1,-1
43,371,911.180,535.780,96.580,293.170,1.0000,-1,-1,-1
43,372,564.310,547.880,139.820,309.040,1.0000,-1,-1,-1
43,373,840.610,542.240,86.540,309.510,1.0000,-1,-1,-1
43,374,1053.070,557.600,106.770,254.980,1.0000,-1,-1,-1
43,375,1163.340,531.410,100.120,284.970,1.0000,-1,-1,-1
43,376,1271.170,574.260,99.340,240.010,1.0000,-1,-1,-1
43,377,1072.940,537.410,114.770,300.700,1.0000,-1,-1,-1
43,378,971.190,529.270,113.810,322.840,1.0000,-1,-1,-1
43,379,471.430,577.030,103.760,264.310,1.0000,-1,-1,-1
43,380,676.630,567.810,80.060,256.850,1.0000,-1,-1,-1
44,370,774.290,551.880,94.940,291.010,1.0000,-1,-1,-1
44,371,911.350,540.780,88.250,288.420,1.0000,-1,-1,-1
44,372,581.030,541.720,123.520,315.240,1.0000,-1,-1,-1
44,373,842.210,541.130,85.070,310.610,1.0000,-1,-1,-1
44,374,1055.060,562.090,105.720,251.290,1.0000,-1,-1,-1
44,375,1180.580,534.790,89.330,284.080,1.0000,-1,-1,-1
44,376,1279.240,575.930,87.400,237.600,1.0000,-1,-1,-1
44,377,1074.290,539.800,104.390,298.470,1.0000,-1,-1,-1
44,378,972.180,528.060,102.160,324.550,1.0000,-1,-1,-1
44,379,476.820,561.700,99.910,278.990,1.0000,-1,-1,-1
44,380,682.400,571.160,74.250,252.970,1.0000,-1,-1,-1
45,370,770.560,551.350,99.150,291.720,1.0000,-1,-1,-1
45,371,912.990,542.650,84.910,286.340,1.0000,-1,-1,-1
45,372,579.590,538.580,126.880,318.620,1.0000,-1,-1,-1
45,373,843.570,541.340,82.810,311.440,1.0000,-1,-1,-1
45,374,1056.710,566.500,108.080,246.910,1.0000,-1,-1,-1
45,375,1182.120,538.130,97.170,284.860,1.0000,-1,-1,-1
45,376,1283.500,575.870,83.030,237.740,1.0000,-1,-1,-1
45,377,1078.370,541.240,103.290,296.790,1.0000,-1,-1,-1
45,378,972.460,527.980,98.230,324.520,1.0000,-1,-1,-1
45,379,471.640,556.400,105.070,284.390,1.0000,-1,-1,-1
45,380,685.150,571.680,69.360,252.620,1.0000,-1,-1,-1
46,370,765.980,551.410,105.070,291.760,1.0000,-1,-1,-1
46,371,911.900,545.020,83.110,283.670,1.0000,-1,-1,-1
46,372,574.250,534.770,134.280,322.490,1.0000,-1,-1,-1
46,373,843.060,541.330,82.930,311.680,1.0000,-1,-1,-1
46,374,1064.040,566.680,97.380,247.350,1.0000,-1,-1,-1
46,375,1182.950,547.510,96.700,275.710,1.0000,-1,-1,-1
46,376,1288.780,574.880,77.560,238.540,1.0000,-1,-1,-1
46,377,1082.580,542.730,104.650,295.110,1.0000,-1,-1,-1
46,378,972.440,528.210,92.350,324.320,1.0000,-1,-1,-1
46,379,460.640,555.350,116.640,285.830,1.0000,-1,-1,-1
46,380,681.410,576.230,71.630,248.240,1.0000,-1,-1,-1
47,370,765.110,552.780,108.380,289.860,1.0000,-1,-1,-1
47,371,908.480,545.240,84.830,283.490,1.0000,-1,-1,-1
47,372,572.180,533.900,135.600,323.390,1.0000,-1,-1,-1
47,373,842.680,541.580,82.230,311.250,1.0000,-1,-1,-1
47,374,1064.740,566.650,96.970,247.080,1.0000,-1,-1,-1
47,375,1182.360,551.890,97.620,271.130,1.0000,-1,-1,-1
47,376,1290.460,574.820,75.660,238.400,1.0000,-1,-1,-1
47,377,1084.940,543.150,104.930,294.380,1.0000,-1,-1,-1
47,378,968.530,528.260,95.680,324.280,1.0000,-1,-1,-1
47,379,456.980,549.750,119.740,291.360,1.0000,-1,-1,-1
47,380,680.400,574.930,72.650,249.480,1.0000,-1,-1,-1
48,370,766.340,555.200,108.300,287.380,1.0000,-1,-1,-1
48,371,909.870,545.800,80.400,282.950,1.0000,-1,-1,-1
48,372,560.470,532.800,153.810,324.520,1.0000,-1,-1,-1
48,373,840.120,541.770,87.850,311.330,1.0000,-1,-1,-1
48,374,1064.840,566.570,98.090,247.310,1.0000,-1,-1,-1
48,375,1194.770,550.010,87.100,272.980,1.0000,-1,-1,-1
48,376,1294.870,574.080,76.520,239.170,1.0000,-1,-1,-1
48,377,1088.380,543.660,103.620,294.050,1.0000,-1,-1,-1
48,378,963.860,528.820,99.890,323.540,1.0000,-1,-1,-1
48,379,449.940,543.560,126.370,297.790,1.0000,-1,-1,-1
48,380,686.560,590.960,69.600,233.220,1.0000,-1,-1,-1
49,370,765.140,556.050,110.800,286.480,1.0000,-1,-1,-1
49,371,912.630,546.340,76.360,282.430,1.0000,-1,-1,-1
49,372,557.400,532.240,149.630,324.950,1.0000,-1,-1,-1
49,373,839.440,541.860,87.540,311.380,1.0000,-1,-1,-1
49,374,1065.170,566.520,100.470,247.090,1.0000,-1,-1,-1
49,375,1201.970,548.390,80.590,274.520,1.0000,-1,-1,-1
49,376,1296.710,574.130,77.260,239.180,1.0000,-1,-1,-1
49,377,1087.710,543.850,104.280,293.890,1.0000,-1,-1,-1
49,378,963.600,528.970,99.600,323.380,1.0000,-1,-1,-1
49,379,448.240,541.750,129.630,300.310,1.0000,-1,-1,-1
49,380,687.740,589.470,69.060,234.520,1.0000,-1,-1,-1
50,370,746.470,556.790,127.470,285.490,1.0000,-1,-1,-1
50,371,913.070,546.330,74.940,282.350,1.0000,-1,-1,-1
50,372,562.120,530.910,136.590,326.260,1.0000,-1,-1,-1
50,373,838.920,542.390,87.830,310.670,1.0000,-1,-1,-1
50,374,1065.540,566.420,102.070,247.310,1.0000,-1,-1,-1
50,375,1204.420,546.300,80.450,276.860,1.0000,-1,-1,-1
50,376,1299.960,573.950,75.810,239.070,1.0000,-1,-1,-1
50,377,1089.230,543.640,102.400,294.070,1.0000,-1,-1,-1
50,378,964.220,529.430,97.730,323.000,1.0000,-1,-1,-1
50,379,441.540,545.520,141.780,296.520,1.0000,-1,-1,-1
50,380,671.580,585.470,84.080,238.360,1.0000,-1,-1,-1
51,370,744.190,555.860,130.040,286.400,1.0000,-1,-1,-1
51,371,912.950,546.760,76.210,281.920,1.0000,-1,-1,-1
51,372,562.520,530.540,134.320,326.680,1.0000,-1,-1,-1
51,373,837.440,542.520,88.610,310.750,1.0000,-1,-1,-1
51,374,1065.100,566.160,100.600,247.510,1.0000,-1,-1,-1
51,375,1207.310,545.360,79.240,278.110,1.0000,-1,-1,-1
51,376,1301.400,574.130,76.190,238.890,1.0000,-1,-1,-1
51,377,1089.680,543.540,101.540,294.210,1.0000,-1,-1,-1
51,378,963.660,529.950,97.550,322.690,1.0000,-1,-1,-1
51,379,442.080,552.850,143.460,289.300,1.0000,-1,-1,-1
51,380,669.280,584.360,85.130,239.500,1.0000,-1,-1,-1
52,370,766.750,552.890,106.390,289.630,1.0000,-1,-1,-1
52,371,913.260,546.660,76.510,282.010,1.0000,-1,-1,-1
52,372,586.700,530.490,110.030,326.840,1.0000,-1,-1,-1
52,373,837.930,542.830,87.920,310.290,1.0000,-1,-1,-1
52,374,1065.300,565.880,103.500,247.870,1.0000,-1,-1,-1
52,375,1210.160,544.750,78.040,278.590,1.0000,-1,-1,-1
52,376,1302.960,574.010,77.110,239.020,1.0000,-1,-1,-1
52,377,1090.360,543.330,100.180,294.450,1.0000,-1,-1,-1
52,378,964.600,530.240,96.020,322.190,1.0000,-1,-1,-1
52,379,457.410,571.250,135.280,271.100,1.0000,-1,-1,-1
52,380,673.680,581.850,81.830,242.120,1.0000,-1,-1,-1
53,370,771.720,552.180,94.020,290.260,1.0000,-1,-1,-1
53,371,913.770,546.630,70.580,282.020,1.0000,-1,-1,-1
53,372,586.910,529.970,109.720,327.500,1.0000,-1,-1,-1
53,373,840.370,543.040,83.700,310.020,1.0000,-1,-1,-1
53,374,1064.930,566.400,103.430,246.630,1.0000,-1,-1,-1
53,375,1210.830,544.160,78.160,279.040,1.0000,-1,-1,-1
53,376,1304.010,574.030,77.150,239.000,1.0000,-1,-1,-1
53,377,1090.630,543.180,99.760,294.570,1.0000,-1,-1,-1
53,378,964.550,530.430,96.060,321.740,1.0000,-1,-1,-1
53,379,479.550,571.320,110.290,270.880,1.0000,-1,-1,-1
53,380,676.900,580.220,78.400,243.590,1.0000,-1,-1,-1
54,370,770.140,550.850,87.220,291.480,1.0000,-1,-1,-1
54,371,913.760,546.810,69.060,281.790,1.0000,-1,-1,-1
54,372,583.060,531.420,110.970,326.180,1.0000,-1,-1,-1
54,373,840.420,543.360,81.410,309.800,1.0000,-1,-1,-1
54,374,1063.270,568.680,89.850,244.000,1.0000,-1,-1,-1
54,375,1212.390,543.490,78.100,279.650,1.0000,-1,-1,-1
54,376,1305.960,573.910,76.880,239.170,1.0000,-1,-1,-1
54,377,1091.530,542.850,98.450,294.930,1.0000,-1,-1,-1
54,378,965.120,530.870,95.410,321.390,1.0000,-1,-1,-1
54,379,486.270,573.640,95.590,269.410,1.0000,-1,-1,-1
54,380,679.410,576.770,76.880,247.060,1.0000,-1,-1,-1
55,370,770.050,552.010,82.850,290.480,1.0000,-1,-1,-1
55,371,913.810,546.620,68.290,281.930,1.0000,-1,-1,-1
55,372,580.910,533.720,111.510,323.790,1.0000,-1,-1,-1
55,373,840.170,543.540,81.720,309.490,1.0000,-1,-1,-1
55,374,1064.890,569.340,85.140,243.590,1.0000,-1,-1,-1
55,375,1212.930,542.920,78.540,280.130,1.0000,-1,-1,-1
55,376,1306.370,573.910,77.340,239.150,1.0000,-1,-1,-1
55,377,1091.710,542.580,98.140,295.220,1.0000,-1,-1,-1
55,378,965.860,531.080,94.570,321.150,1.0000,-1,-1,-1
55,379,485.640,574.980,91.400,268.040,1.0000,-1,-1,-1
55,380,684.470,576.220,75.130,247.490,1.0000,-1,-1,-1
56,370,768.460,556.910,85.660,285.600,1.0000,-1,-1,-1
56,371,913.460,546.750,70.860,281.880,1.0000,-1,-1,-1
56,372,578.030,538.970,110.300,318.340,1.0000,-1,-1,-1
56,373,840.300,543.820,81.680,309.210,1.0000,-1,-1,-1
56,374,1065.560,569.390,80.260,243.540,1.0000,-1,-1,-1
56,375,1213.790,543.080,78.700,279.770,1.0000,-1,-1,-1
56,376,1307.350,573.810,77.240,239.240,1.0000,-1,-1,-1
56,377,1092.550,542.620,97.890,295.210,1.0000,-1,-1,-1
56,378,965.680,531.270,94.230,321.160,1.0000,-1,-1,-1
56,379,486.910,575.180,82.300,266.910,1.0000,-1,-1,-1
56,380,684.300,576.280,79.380,247.730,1.0000,-1,-1,-1
57,370,767.350,558.510,88.220,284.080,1.0000,-1,-1,-1
57,371,913.470,546.630,70.060,282.010,1.0000,-1,-1,-1
57,372,576.860,537.220,107.180,320.020,1.0000,-1,-1,-1
57,373,841.560,543.780,79.700,309.210,1.0000,-1,-1,-1
57,374,1065.690,568.930,80.510,244.120,1.0000,-1,-1,-1
57,375,1214.110,542.990,78.490,279.900,1.0000,-1,-1,-1
57,376,1307.440,573.950,77.190,239.080,1.0000,-1,-1,-1
57,377,1092.870,542.600,98.090,295.210,1.0000,-1,-1,-1
57,378,965.700,531.540,94.000,321.070,1.0000,-1,-1,-1
57,379,486.250,572.220,82.920,269.550,1.0000,-1,-1,-1
57,380,681.600,575.780,82.780,248.130,1.0000,-1,-1,-1
58,370,766.510,555.730,88.070,286.760,1.0000,-1,-1,-1
58,371,913.690,546.640,69.830,281.940,1.0000,-1,-1,-1
58,372,570.550,529.330,107.900,327.600,1.0000,-1,-1,-1
58,373,837.610,544.030,83.510,308.990,1.0000,-1,-1,-1
58,374,1066.000,567.760,76.630,245.360,1.0000,-1,-1,-1
58,375,1214.800,543.130,78.150,280.120,1.0000,-1,-1,-1
58,376,1308.120,573.970,77.330,239.160,1.0000,-1,-1,-1
58,377,1093.120,542.250,98.420,295.580,1.0000,-1,-1,-1
58,378,965.970,531.510,93.740,320.830,1.0000,-1,-1,-1
58,379,469.580,564.360,104.520,276.040,1.0000,-1,-1,-1
58,380,677.930,575.820,85.430,247.900,1.0000,-1,-1,-1
59,370,765.060,551.670,86.320,290.770,1.0000,-1,-1,-1
59,371,913.560,546.550,70.230,282.100,1.0000,-1,-1,-1
59,372,567.950,525.120,110.400,331.750,1.0000,-1,-1,-1
59,373,836.040,544.310,85.230,308.880,1.0000,-1,-1,-1
59,374,1066.410,567.510,77.030,245.670,1.0000,-1,-1,-1
59,375,1215.000,543.040,78.080,280.200,1.0000,-1,-1,-1
59,376,1308.620,573.870,77.000,239.250,1.0000,-1,-1,-1
59,377,1092.500,542.170,99.680,295.620,1.0000,-1,-1,-1
59,378,966.370,531.570,93.190,320.990,1.0000,-1,-1,-1
59,379,460.220,560.870,115.380,280.210,1.0000,-1,-1,-1
59,380,675.020,573.670,86.670,249.940,1.0000,-1,-1,-1
60,370,759.760,547.620,95.320,294.940,1.0000,-1,-1,-1
60,371,913.290,546.450,69.600,282.210,1.0000,-1,-1,-1
60,372,557.650,519.860,124.740,336.550,1.0000,-1,-1,-1
60,373,809.110,544.590,112.600,309.010,1.0000,-1,-1,-1
60,374,1067.430,567.620,78.580,245.650,1.0000,-1,-1,-1
60,375,1215.210,542.800,78.140,279.880,1.0000,-1,-1,-1
60,376,1309.280,574.100,76.670,239.140,1.0000,-1,-1,-1
60,377,1093.420,542.150,99.540,295.760,1.0000,-1,-1,-1
60,378,965.160,531.600,94.560,321.360,1.0000,-1,-1,-1
60,379,449.590,557.600,127.560,284.990,1.0000,-1,-1,-1
60,380,670.520,569.380,84.900,254.250,1.0000,-1,-1,-1
61,370,758.500,547.410,95.400,295.140,1.0000,-1,-1,-1
61,371,912.760,546.450,71.160,282.250,1.0000,-1,-1,-1
61,372,557.630,519.860,125.230,336.720,1.0000,-1,-1,-1
61,373,813.480,544.550,109.090,309.120,1.0000,-1,-1,-1
61,374,1067.890,567.680,79.040,245.660,1.0000,-1,-1,-1
61,375,1215.550,542.580,77.860,279.720,1.0000,-1,-1,-1
61,376,1309.460,574.200,76.490,239.090,1.0000,-1,-1,-1
61,377,1093.950,542.150,98.980,295.750,1.0000,-1,-1,-1
61,378,965.010,531.580,94.880,321.510,1.0000,-1,-1,-1
61,379,449.840,557.520,121.800,284.750,1.0000,-1,-1,-1
61,380,670.370,569.350,83.540,254.190,1.0000,-1,-1,-1
62,370,758.560,547.360,94.270,295.080,1.0000,-1,-1,-1
62,371,913.450,546.210,71.580,282.480,1.0000,-1,-1,-1
62,372,568.110,519.940,115.930,336.860,1.0000,-1,-1,-1
62,373,838.220,544.690,82.740,309.050,1.0000,-1,-1,-1
62,374,1068.270,568.180,85.100,245.060,1.0000,-1,-1,-1
62,375,1215.740,542.390,78.060,281.500,1.0000,-1,-1,-1
62,376,1310.240,574.090,75.970,239.220,1.0000,-1,-1,-1
62,377,1094.170,541.800,98.320,296.070,1.0000,-1,-1,-1
62,378,966.900,532.260,93.300,320.760,1.0000,-1,-1,-1
62,379,454.060,557.990,108.020,283.990,1.0000,-1,-1,-1
62,380,671.100,569.830,81.330,253.710,1.0000,-1,-1,-1
63,370,760.140,547.260,97.010,295.160,1.0000,-1,-1,-1
63,371,913.580,546.250,72.150,282.510,1.0000,-1,-1,-1
63,372,573.810,520.510,110.350,336.350,1.0000,-1,-1,-1
63,373,838.960,544.790,82.420,308.620,1.0000,-1,-1,-1
63,374,1068.530,568.190,83.260,244.950,1.0000,-1,-1,-1
63,375,1215.690,542.610,78.940,280.340,1.0000,-1,-1,-1
63,376,1310.620,574.070,75.850,239.210,1.0000,-1,-1,-1
63,377,1094.530,541.770,97.950,296.060,1.0000,-1,-1,-1
63,378,966.820,532.180,93.310,320.790,1.0000,-1,-1,-1
63,379,456.930,558.570,105.210,283.440,1.0000,-1,-1,-1
63,380,671.440,570.490,80.830,253.020,1.0000,-1,-1,-1
64,370,764.590,547.450,93.540,295.070,1.0000,-1,-1,-1
64,371,913.290,546.280,71.860,282.400,1.0000,-1,-1,-1
64,372,582.300,524.060,104.860,332.720,1.0000,-1,-1,-1
64,373,838.580,544.690,82.170,308.810,1.0000,-1,-1,-1
64,374,1067.900,568.600,84.260,244.550,1.0000,-1,-1,-1
64,375,1216.950,542.560,78.670,280.430,1.0000,-1,-1,-1
64,376,1310.900,574.130,76.120,239.130,1.0000,-1,-1,-1
64,377,1095.010,541.650,97.620,296.230,1.0000,-1,-1,-1
64,378,967.360,532.280,92.880,320.730,1.0000,-1,-1,-1
64,379,470.350,559.880,96.000,281.390,1.0000,-1,-1,-1
64,380,673.830,571.380,80.920,251.980,1.0000,-1,-1,-1
65,370,767.330,549.840,93.950,292.760,1.0000,-1,-1,-1
65,371,913.650,546.120,71.440,282.460,1.0000,-1,-1,-1
65,372,582.430,527.010,107.860,329.670,1.0000,-1,-1,-1
65,373,838.490,544.680,82.760,308.750,1.0000,-1,-1,-1
65,374,1067.800,568.760,85.440,244.380,1.0000,-1,-1,-1
65,375,1217.670,542.960,78.870,280.490,1.0000,-1,-1,-1
65,376,1311.040,574.250,76.190,239.020,1.0000,-1,-1,-1
65,377,1095.340,541.760,97.560,296.100,1.0000,-1,-1,-1
65,378,967.490,532.300,92.620,320.710,1.0000,-1,-1,-1
65,379,473.770,562.040,97.030,278.850,1.0000,-1,-1,-1
65,380,674.320,574.060,85.470,249.520,1.0000,-1,-1,-1
66,370,769.250,556.580,91.100,285.830,1.0000,-1,-1,-1
66,371,913.310,546.030,70.850,282.490,1.0000,-1,-1,-1
66,372,578.520,531.010,118.500,325.970,1.0000,-1,-1,-1
66,373,839.870,544.450,82.700,309.080,1.0000,-1,-1,-1
66,374,1066.410,568.960,88.340,244.230,1.0000,-1,-1,-1
66,375,1219.220,544.190,78.360,279.200,1.0000,-1,-1,-1
66,376,1311.270,574.170,76.270,239.120,1.0000,-1,-1,-1
66,377,1095.500,541.820,97.540,295.980,1.0000,-1,-1,-1
66,378,967.310,532.010,92.860,320.910,1.0000,-1,-1,-1
66,379,478.340,569.420,102.120,272.200,1.0000,-1,-1,-1
66,380,672.440,580.050,93.870,244.070,1.0000,-1,-1,-1
67,370,769.380,560.340,92.420,282.010,1.0000,-1,-1,-1
67,371,913.020,545.990,71.190,282.530,1.0000,-1,-1,-1
67,372,576.960,533.590,123.050,323.370,1.0000,-1,-1,-1
67,373,839.430,544.370,83.630,309.130,1.0000,-1,-1,-1
67,374,1066.080,569.080,89.030,244.150,1.0000,-1,-1,-1
67,375,1219.750,544.670,78.210,278.720,1.0000,-1,-1,-1
67,376,1311.430,574.310,76.210,239.000,1.0000,-1,-1,-1
67,377,1095.810,541.900,97.130,295.920,1.0000,-1,-1,-1
67,378,967.010,531.970,92.730,321.060,1.0000,-1,-1,-1
67,379,475.690,574.380,102.600,268.760,1.0000,-1,-1,-1
67,380,671.540,582.480,96.560,241.520,1.0000,-1,-1,-1
68,370,768.830,563.760,91.730,278.500,1.0000,-1,-1,-1
68,371,912.700,546.170,70.920,282.410,1.0000,-1,-1,-1
68,372,572.670,537.260,129.920,319.560,1.0000,-1,-1,-1
68,373,839.920,544.180,83.340,309.170,1.0000,-1,-1,-1
68,374,1065.840,569.160,90.860,243.900,1.0000,-1,-1,-1
68,375,1220.830,545.650,78.000,278.000,1.0000,-1,-1,-1
68,376,1311.720,574.320,76.350,238.970,1.0000,-1,-1,-1
68,377,1096.140,541.840,96.850,296.110,1.0000,-1,-1,-1
68,378,967.570,531.800,91.580,321.210,1.0000,-1,-1,-1
68,379,470.240,582.290,108.730,262.190,1.0000,-1,-1,-1
68,380,671.010,585.140,99.310,238.520,1.0000,-1,-1,-1
69,370,769.280,564.120,85.420,278.080,1.0000,-1,-1,-1
69,371,912.250,546.190,71.750,282.450,1.0000,-1,-1,-1
69,372,571.850,538.290,130.380,318.510,1.0000,-1,-1,-1
69,373,840.530,544.070,81.840,309.080,1.0000,-1,-1,-1
69,374,1065.820,569.080,90.200,244.030,1.0000,-1,-1,-1
69,375,1220.810,545.870,78.160,277.940,1.0000,-1,-1,-1
69,376,1311.740,574.300,76.540,238.980,1.0000,-1,-1,-1
69,377,1096.250,541.830,96.660,296.010,1.0000,-1,-1,-1
69,378,967.590,531.750,91.350,321.230,1.0000,-1,-1,-1
69,379,469.410,584.560,110.360,259.930,1.0000,-1,-1,-1
69,380,668.440,584.100,101.770,239.610,1.0000,-1,-1,-1
70,370,770.930,561.420,92.500,280.810,1.0000,-1,-1,-1
70,371,912.660,546.230,72.020,282.400,1.0000,-1,-1,-1
70,372,569.970,536.760,130.960,320.160,1.0000,-1,-1,-1
70,373,839.440,544.040,81.710,309.320,1.0000,-1,-1,-1
70,374,1066.210,569.260,89.630,243.760,1.0000,-1,-1,-1
70,375,1221.530,546.220,77.990,277.480,1.0000,-1,-1,-1
70,376,1311.860,574.300,76.880,238.950,1.0000,-1,-1,-1
70,377,1095.800,541.830,97.280,295.850,1.0000,-1,-1,-1
70,378,967.720,531.450,90.860,321.490,1.0000,-1,-1,-1
70,379,470.280,584.620,116.040,259.870,1.0000,-1,-1,-1
70,380,668.500,579.500,102.210,244.250,1.0000,-1,-1,-1
71,370,770.680,558.970,88.570,283.330,1.0000,-1,-1,-1
71,371,912.600,546.200,71.020,282.460,1.0000,-1,-1,-1
71,372,569.750,534.510,127.820,322.390,1.0000,-1,-1,-1
71,373,838.360,544.320,82.730,309.030,1.0000,-1,-1,-1
71,374,1066.500,569.260,86.740,243.850,1.0000,-1,-1,-1
71,375,1221.530,546.570,78.060,277.060,1.0000,-1,-1,-1
71,376,1311.850,574.320,76.980,238.900,1.0000,-1,-1,-1
71,377,1095.910,541.860,97.150,295.830,1.0000,-1,-1,-1
71,378,967.990,530.980,90.260,322.070,1.0000,-1,-1,-1
71,379,472.910,582.570,113.080,262.070,1.0000,-1,-1,-1
71,380,670.920,576.230,94.220,247.670,1.0000,-1,-1,-1
72,370,766.190,551.780,93.040,290.490,1.0000,-1,-1,-1
72,371,912.840,546.450,70.480,282.160,1.0000,-1,-1,-1
72,372,572.700,527.310,118.850,329.520,1.0000,-1,-1,-1
72,373,835.750,544.580,82.950,308.350,1.0000,-1,-1,-1
72,374,1067.040,569.290,84.430,243.780,1.0000,-1,-1,-1
72,375,1221.530,547.050,78.320,276.620,1.0000,-1,-1,-1
72,376,1311.870,574.370,77.140,238.820,1.0000,-1,-1,-1
72,377,1095.610,541.840,97.330,295.830,1.0000,-1,-1,-1
72,378,967.590,530.320,91.020,323.040,1.0000,-1,-1,-1
72,379,476.460,574.190,105.700,268.980,1.0000,-1,-1,-1
72,380,674.010,569.660,77.900,254.040,1.0000,-1,-1,-1
73,370,755.600,548.970,106.960,293.410,1.0000,-1,-1,-1
73,371,912.570,546.460,69.690,282.160,1.0000,-1,-1,-1
73,372,576.180,523.550,114.960,333.250,1.0000,-1,-1,-1
73,373,836.580,544.230,80.730,308.590,1.0000,-1,-1,-1
73,374,1067.400,569.100,82.710,243.980,1.0000,-1,-1,-1
73,375,1221.670,547.240,78.400,276.460,1.0000,-1,-1,-1
73,376,1312.110,574.340,76.900,238.840,1.0000,-1,-1,-1
73,377,1095.830,541.870,97.150,295.800,1.0000,-1,-1,-1
73,378,967.440,530.040,91.150,322.960,1.0000,-1,-1,-1
73,379,475.830,568.060,107.030,273.650,1.0000,-1,-1,-1
73,380,677.060,566.510,67.840,257.260,1.0000,-1,-1,-1
74,370,736.170,540.450,126.000,301.770,1.0000,-1,-1,-1
74,371,911.300,546.490,70.780,282.230,1.0000,-1,-1,-1
74,372,579.680,518.400,104.410,338.370,1.0000,-1,-1,-1
74,373,836.590,542.890,74.830,310.070,1.0000,-1,-1,-1
74,374,1067.680,569.000,83.260,244.050,1.0000,-1,-1,-1
74,375,1221.640,547.430,78.540,276.240,1.0000,-1,-1,-1
74,376,1312.080,574.370,76.900,238.830,1.0000,-1,-1,-1
74,377,1096.070,541.840,96.860,295.810,1.0000,-1,-1,-1
74,378,968.850,529.520,90.820,321.750,1.0000,-1,-1,-1
74,379,472.830,556.700,101.900,284.940,1.0000,-1,-1,-1
74,380,676.530,543.360,66.220,279.920,1.0000,-1,-1,-1
75,370,724.300,532.280,139.190,309.880,1.0000,-1,-1,-1
75,371,911.850,546.600,70.670,282.130,1.0000,-1,-1,-1
75,372,579.910,514.390,104.940,342.210,1.0000,-1,-1,-1
75,373,836.620,541.730,76.580,311.330,1.0000,-1,-1,-1
75,374,1067.950,569.070,86.650,244.000,1.0000,-1,-1,-1
75,375,1221.470,548.140,78.790,275.540,1.0000,-1,-1,-1
75,376,1312.020,574.380,76.770,238.840,1.0000,-1,-1,-1
75,377,1096.060,541.910,96.840,295.780,1.0000,-1,-1,-1
75,378,968.180,529.400,92.520,321.650,1.0000,-1,-1,-1
75,379,453.650,553.500,115.110,288.400,1.0000,-1,-1,-1
75,380,681.290,528.710,62.550,294.170,1.0000,-1,-1,-1
76,370,702.070,525.470,173.460,316.490,1.0000,-1,-1,-1
76,371,911.210,546.690,72.220,282.050,1.0000,-1,-1,-1
76,372,567.490,494.970,126.220,361.940,1.0000,-1,-1,-1
76,373,836.520,539.450,77.750,313.380,1.0000,-1,-1,-1
76,374,1068.310,569.060,88.490,243.980,1.0000,-1,-1,-1
76,375,1221.040,549.450,79.230,274.600,1.0000,-1,-1,-1
76,376,1311.980,574.490,76.480,238.740,1.0000,-1,-1,-1
76,377,1095.860,542.240,96.890,295.510,1.0000,-1,-1,-1
76,378,970.150,530.390,97.150,324.150,1.0000,-1,-1,-1
76,379,430.680,546.510,129.780,296.050,1.0000,-1,-1,-1
76,380,666.190,512.080,89.580,311.010,1.0000,-1,-1,-1
77,370,696.020,555.910,196.780,285.890,1.0000,-1,-1,-1
77,371,910.310,546.590,73.340,282.120,1.0000,-1,-1,-1
77,372,556.440,493.300,142.400,363.710,1.0000,-1,-1,-1
77,373,834.780,527.170,85.650,325.600,1.0000,-1,-1,-1
77,374,1067.960,569.160,92.210,243.870,1.0000,-1,-1,-1
77,375,1220.720,550.460,79.430,273.620,1.0000,-1,-1,-1
77,376,1311.750,574.680,77.040,238.540,1.0000,-1,-1,-1
77,377,1096.040,542.730,97.200,295.010,1.0000,-1,-1,-1
77,378,970.060,531.040,101.910,325.540,1.0000,-1,-1,-1
77,379,422.960,535.460,132.260,306.890,1.0000,-1,-1,-1
77,380,673.480,512.100,91.380,310.040,1.0000,-1,-1,-1
78,370,707.220,564.160,191.620,277.920,1.0000,-1,-1,-1
78,371,910.900,546.630,76.290,282.080,1.0000,-1,-1,-1
78,372,537.250,495.810,176.600,361.320,1.0000,-1,-1,-1
78,373,831.590,543.410,85.160,311.180,1.0000,-1,-1,-1
78,374,1066.880,569.570,101.430,243.520,1.0000,-1,-1,-1
78,375,1220.480,553.620,79.810,270.520,1.0000,-1,-1,-1
78,376,1311.010,575.560,81.380,237.670,1.0000,-1,-1,-1
78,377,1097.560,545.570,96.750,292.290,1.0000,-1,-1,-1
78,378,969.700,534.480,118.020,323.420,1.0000,-1,-1,-1
78,379,413.920,525.000,150.970,317.860,1.0000,-1,-1,-1
78,380,671.400,526.130,109.230,300.990,1.0000,-1,-1,-1
79,370,707.040,569.200,187.790,272.940,1.0000,-1,-1,-1
79,371,910.580,547.250,75.950,281.540,1.0000,-1,-1,-1
79,372,523.190,499.850,196.610,357.270,1.0000,-1,-1,-1
79,373,829.880,539.690,85.280,316.470,1.0000,-1,-1,-1
79,374,1064.580,569.630,106.110,243.190,1.0000,-1,-1,-1
79,375,1221.240,555.060,79.330,269.070,1.0000,-1,-1,-1
79,376,1310.270,576.480,85.370,236.640,1.0000,-1,-1,-1
79,377,1099.140,548.110,95.470,290.070,1.0000,-1,-1,-1
79,378,969.010,536.460,136.840,322.880,1.0000,-1,-1,-1
79,379,410.120,527.290,152.730,314.920,1.0000,-1,-1,-1
79,380,668.290,536.530,120.370,292.050,1.0000,-1,-1,-1
80,370,720.130,581.870,153.030,260.290,1.0000,-1,-1,-1
80,371,910.940,547.130,77.670,281.670,1.0000,-1,-1,-1
80,372,516.680,511.000,212.630,345.770,1.0000,-1,-1,-1
80,373,821.870,535.340,99.380,320.760,1.0000,-1,-1,-1
80,374,1066.950,568.870,97.600,243.950,1.0000,-1,-1,-1
80,375,1221.900,558.380,79.980,265.720,1.0000,-1,-1,-1
80,376,1310.120,578.670,99.420,234.500,1.0000,-1,-1,-1
80,377,1101.990,553.540,94.230,284.740,1.0000,-1,-1,-1
80,378,964.170,540.650,138.650,319.210,1.0000,-1,-1,-1
80,379,407.360,539.470,170.230,302.610,1.0000,-1,-1,-1
80,380,648.090,568.370,153.790,261.520,1.0000,-1,-1,-1
81,370,728.940,585.060,139.520,257.280,1.0000,-1,-1,-1
81,371,911.680,547.170,77.820,281.660,1.0000,-1,-1,-1
81,372,513.740,520.030,218.590,336.860,1.0000,-1,-1,-1
81,373,818.820,538.560,109.620,317.440,1.0000,-1,-1,-1
81,374,1066.090,568.790,98.350,244.070,1.0000,-1,-1,-1
81,375,1222.200,559.340,81.050,264.760,1.0000,-1,-1,-1
81,376,1309.940,579.480,96.340,233.620,1.0000,-1,-1,-1
81,377,1101.890,556.510,101.560,281.750,1.0000,-1,-1,-1
81,378,964.360,542.020,133.870,317.920,1.0000,-1,-1,-1
81,379,408.930,551.340,177.200,291.320,1.0000,-1,-1,-1
81,380,645.630,576.730,161.850,252.860,1.0000,-1,-1,-1
82,370,734.530,599.510,119.820,243.240,1.0000,-1,-1,-1
82,371,913.330,547.150,73.900,281.640,1.0000,-1,-1,-1
82,372,513.360,531.710,222.340,325.400,1.0000,-1,-1,-1
82,373,807.280,552.460,124.660,303.650,1.0000,-1,-1,-1
82,374,1068.750,568.640,86.600,244.040,1.0000,-1,-1,-1
82,375,1222.110,556.540,78.370,267.610,1.0000,-1,-1,-1
82,376,1311.200,580.530,81.820,232.620,1.0000,-1,-1,-1
82,377,1100.780,558.690,111.980,279.660,1.0000,-1,-1,-1
82,378,962.900,542.050,101.810,317.820,1.0000,-1,-1,-1
82,379,423.830,574.220,126.140,268.400,1.0000,-1,-1,-1
82,380,672.030,585.700,89.840,243.970,1.0000,-1,-1,-1
83,370,739.590,605.470,117.180,237.770,1.0000,-1,-1,-1
83,371,895.780,546.980,88.040,281.850,1.0000,-1,-1,-1
83,372,509.960,532.580,228.250,324.410,1.0000,-1,-1,-1
83,373,797.430,571.240,139.760,284.500,1.0000,-1,-1,-1
83,374,1068.500,568.760,87.390,243.810,1.0000,-1,-1,-1
83,375,1221.610,553.750,77.740,270.390,1.0000,-1,-1,-1
83,376,1310.830,579.540,74.650,233.630,1.0000,-1,-1,-1
83,377,1098.270,555.840,104.210,282.610,1.0000,-1,-1,-1
83,378,963.210,539.990,99.530,319.580,1.0000,-1,-1,-1
83,379,433.110,579.360,116.320,263.340,1.0000,-1,-1,-1
83,380,669.780,593.380,98.330,236.200,1.0000,-1,-1,-1
84,370,748.510,616.140,114.040,227.530,1.0000,-1,-1,-1
84,371,910.790,547.170,73.400,281.400,1.0000,-1,-1,-1
84,372,506.480,533.590,234.560,323.410,1.0000,-1,-1,-1
84,373,779.850,582.240,163.390,273.740,1.0000,-1,-1,-1
84,374,1067.350,568.460,87.130,244.180,1.0000,-1,-1,-1
84,375,1221.760,545.240,74.700,279.030,1.0000,-1,-1,-1
84,376,1310.500,574.830,73.080,238.170,1.0000,-1,-1,-1
84,377,1099.670,543.260,97.280,295.070,1.0000,-1,-1,-1
84,378,961.800,527.840,101.070,331.730,1.0000,-1,-1,-1
84,379,432.080,589.670,155.850,253.250,1.0000,-1,-1,-1
84,380,670.630,603.810,100.050,225.440,1.0000,-1,-1,-1
85,370,750.750,621.540,112.940,222.030,1.0000,-1,-1,-1
85,371,912.230,547.330,73.060,281.350,1.0000,-1,-1,-1
85,372,511.860,533.790,231.610,323.200,1.0000,-1,-1,-1
85,373,777.930,613.170,172.790,242.500,1.0000,-1,-1,-1
85,374,1066.210,568.460,90.790,244.090,1.0000,-1,-1,-1
85,375,1222.580,544.530,74.920,279.840,1.0000,-1,-1,-1
85,376,1311.020,571.720,72.200,241.310,1.0000,-1,-1,-1
85,377,1098.420,536.250,96.080,302.140,1.0000,-1,-1,-1
85,378,968.150,519.940,94.970,339.780,1.0000,-1,-1,-1
85,379,432.630,595.520,149.000,246.930,1.0000,-1,-1,-1
85,380,668.570,612.970,106.850,216.670,1.0000,-1,-1,-1
86,370,750.830,631.540,124.890,212.890,1.0000,-1,-1,-1
86,371,913.350,547.020,72.690,281.890,1.0000,-1,-1,-1
86,372,509.160,533.780,239.240,323.440,1.0000,-1,-1,-1
86,373,780.480,625.260,200.500,230.330,1.0000,-1,-1,-1
86,374,1067.430,568.680,72.630,244.040,1.0000,-1,-1,-1
86,375,1222.190,536.080,72.860,288.110,1.0000,-1,-1,-1
86,376,1312.730,570.850,69.190,242.180,1.0000,-1,-1,-1
86,377,1099.780,528.770,93.070,309.330,1.0000,-1,-1,-1
86,378,973.430,510.860,90.790,349.420,1.0000,-1,-1,-1
86,379,436.520,607.060,147.280,235.580,1.0000,-1,-1,-1
86,380,669.770,626.650,111.370,203.080,1.0000,-1,-1,-1
87,370,751.950,635.300,126.930,209.320,1.0000,-1,-1,-1
87,371,913.270,547.070,71.990,281.830,1.0000,-1,-1,-1
87,372,506.680,533.940,242.460,323.290,1.0000,-1,-1,-1
87,373,780.810,631.430,198.860,223.690,1.0000,-1,-1,-1
87,374,1066.860,568.300,71.220,244.390,1.0000,-1,-1,-1
87,375,1219.500,535.160,74.960,288.970,1.0000,-1,-1,-1
87,376,1312.750,571.200,67.610,241.990,1.0000,-1,-1,-1
87,377,1103.060,528.510,88.640,309.530,1.0000,-1,-1,-1
87,378,975.110,503.080,88.830,356.800,1.0000,-1,-1,-1
87,379,440.930,612.620,144.370,230.420,1.0000,-1,-1,-1
87,380,650.850,635.740,130.850,193.800,1.0000,-1,-1,-1
88,370,746.920,642.080,133.930,202.770,1.0000,-1,-1,-1
88,371,913.130,547.010,68.720,281.930,1.0000,-1,-1,-1
88,372,511.290,534.100,230.600,323.180,1.0000,-1,-1,-1
88,373,778.980,641.400,199.950,213.910,1.0000,-1,-1,-1
88,374,1067.430,568.130,66.880,244.650,1.0000,-1,-1,-1
88,375,1211.550,536.080,82.000,288.110,1.0000,-1,-1,-1
88,376,1310.870,571.950,68.130,241.240,1.0000,-1,-1,-1
88,377,1102.600,532.870,88.760,305.020,1.0000,-1,-1,-1
88,378,970.250,497.410,92.420,362.330,1.0000,-1,-1,-1
88,379,447.850,623.220,141.020,219.700,1.0000,-1,-1,-1
88,380,650.360,645.030,135.970,184.450,1.0000,-1,-1,-1
89,370,749.040,644.790,128.030,199.500,1.0000,-1,-1,-1
89,371,912.650,546.970,71.120,282.190,1.0000,-1,-1,-1
89,372,512.190,533.890,223.580,323.400,1.0000,-1,-1,-1
89,373,785.440,645.190,195.490,210.490,1.0000,-1,-1,-1
89,374,1066.790,568.270,65.550,244.530,1.0000,-1,-1,-1
89,375,1209.170,542.280,84.040,281.980,1.0000,-1,-1,-1
89,376,1309.360,572.390,68.860,240.440,1.0000,-1,-1,-1
89,377,1102.550,535.760,90.410,302.100,1.0000,-1,-1,-1
89,378,967.140,498.160,97.730,361.650,1.0000,-1,-1,-1
89,379,446.950,627.510,140.830,215.740,1.0000,-1,-1,-1
89,380,651.200,637.410,137.990,191.800,1.0000,-1,-1,-1
90,370,754.000,649.030,121.550,195.120,1.0000,-1,-1,-1
90,371,912.960,546.940,71.470,282.140,1.0000,-1,-1,-1
90,372,514.880,533.710,206.900,323.650,1.0000,-1,-1,-1
90,373,787.900,650.770,192.400,206.180,1.0000,-1,-1,-1
90,374,1067.660,568.390,64.510,244.610,1.0000,-1,-1,-1
90,375,1206.520,547.360,84.380,276.750,1.0000,-1,-1,-1
90,376,1307.030,573.390,68.270,238.950,1.0000,-1,-1,-1
90,377,1101.180,538.510,92.150,299.170,1.0000,-1,-1,-1
90,378,964.710,510.270,95.820,349.690,1.0000,-1,-1,-1
90,379,441.470,633.960,132.900,211.950,1.0000,-1,-1,-1
90,380,646.680,643.380,134.030,186.130,1.0000,-1,-1,-1
91,370,751.840,650.680,120.740,193.560,1.0000,-1,-1,-1
91,371,912.880,546.840,72.220,282.090,1.0000,-1,-1,-1
91,372,518.530,533.680,187.320,323.580,1.0000,-1,-1,-1
91,373,785.850,651.260,198.880,207.250,1.0000,-1,-1,-1
91,374,1068.220,568.150,66.440,244.610,1.0000,-1,-1,-1
91,375,1213.270,547.980,76.760,275.720,1.0000,-1,-1,-1
91,376,1306.160,573.770,68.400,238.980,1.0000,-1,-1,-1
91,377,1101.280,539.960,92.040,297.840,1.0000,-1,-1,-1
91,378,964.400,517.100,95.200,342.760,1.0000,-1,-1,-1
91,379,437.060,637.540,131.460,208.110,1.0000,-1,-1,-1
91,380,645.130,645.740,117.740,184.170,1.0000,-1,-1,-1
92,370,747.660,653.190,123.400,190.860,1.0000,-1,-1,-1
92,371,912.580,546.910,82.880,282.610,1.0000,-1,-1,-1
92,372,525.940,533.570,166.840,323.670,1.0000,-1,-1,-1
92,373,782.300,650.970,206.350,207.000,1.0000,-1,-1,-1
92,374,1068.600,568.300,65.570,245.210,1.0000,-1,-1,-1
92,375,1210.230,549.450,78.420,273.910,1.0000,-1,-1,-1
92,376,1302.990,573.800,68.110,239.250,1.0000,-1,-1,-1
92,377,1095.730,543.820,97.520,294.320,1.0000,-1,-1,-1
92,378,964.410,520.910,92.910,338.790,1.0000,-1,-1,-1
92,379,427.100,641.570,138.550,204.320,1.0000,-1,-1,-1
92,380,639.600,648.300,121.410,182.500,1.0000,-1,-1,-1
93,370,755.170,653.950,114.850,190.030,1.0000,-1,-1,-1
93,371,912.550,546.890,79.750,282.340,1.0000,-1,-1,-1
93,372,526.880,533.240,159.530,324.030,1.0000,-1,-1,-1
93,373,783.770,650.600,194.740,207.510,1.0000,-1,-1,-1
93,374,1068.820,568.540,66.060,244.820,1.0000,-1,-1,-1
93,375,1208.570,549.870,79.720,273.400,1.0000,-1,-1,-1
93,376,1302.390,573.530,67.120,239.230,1.0000,-1,-1,-1
93,377,1092.020,545.700,100.830,292.570,1.0000,-1,-1,-1
93,378,963.550,520.030,93.670,339.600,1.0000,-1,-1,-1
93,379,423.470,643.480,140.400,202.490,1.0000,-1,-1,-1
93,380,637.080,648.640,124.970,181.980,1.0000,-1,-1,-1
94,370,767.050,654.310,104.500,189.180,1.0000,-1,-1,-1
94,371,912.490,546.760,82.060,282.490,1.0000,-1,-1,-1
94,372,534.360,532.690,144.850,324.700,1.0000,-1,-1,-1
94,373,800.960,650.310,195.170,207.240,1.0000,-1,-1,-1
94,374,1069.060,568.180,73.470,245.610,1.0000,-1,-1,-1
94,375,1192.550,550.550,96.050,272.730,1.0000,-1,-1,-1
94,376,1295.810,573.260,70.470,239.240,1.0000,-1,-1,-1
94,377,1083.380,546.430,109.830,291.920,1.0000,-1,-1,-1
94,378,930.740,520.460,126.420,339.160,1.0000,-1,-1,-1
94,379,420.850,645.150,142.480,201.510,1.0000,-1,-1,-1
94,380,634.450,647.830,128.010,182.740,1.0000,-1,-1,-1
95,370,757.060,654.040,119.210,189.570,1.0000,-1,-1,-1
95,371,912.530,546.900,78.500,282.770,1.0000,-1,-1,-1
95,372,536.220,532.260,139.510,325.040,1.0000,-1,-1,-1
95,373,815.700,650.350,177.210,213.310,1.0000,-1,-1,-1
95,374,1068.680,568.050,71.360,245.970,1.0000,-1,-1,-1
95,375,1186.070,549.200,102.350,274.040,1.0000,-1,-1,-1
95,376,1286.040,574.760,80.220,237.540,1.0000,-1,-1,-1
95,377,1074.670,544.390,118.600,293.920,1.0000,-1,-1,-1
95,378,915.400,520.850,141.980,339.550,1.0000,-1,-1,-1
95,379,421.890,645.650,140.690,201.050,1.0000,-1,-1,-1
95,380,632.220,647.270,124.000,182.950,1.0000,-1,-1,-1
96,370,763.640,653.640,110.200,189.940,1.0000,-1,-1,-1
96,371,911.580,546.500,78.000,282.210,1.0000,-1,-1,-1
96,372,551.420,531.650,120.530,325.680,1.0000,-1,-1,-1
96,373,817.730,650.800,167.220,216.340,1.0000,-1,-1,-1
96,374,1065.220,568.270,69.100,244.480,1.0000,-1,-1,-1
96,375,1169.110,547.390,119.710,278.660,1.0000,-1,-1,-1
96,376,1274.170,577.130,92.510,235.860,1.0000,-1,-1,-1
96,377,1048.410,538.080,138.910,302.000,1.0000,-1,-1,-1
96,378,896.830,522.140,161.520,338.570,1.0000,-1,-1,-1
96,379,423.490,646.380,138.830,200.450,1.0000,-1,-1,-1
96,380,637.150,647.100,118.030,182.560,1.0000,-1,-1,-1
97,370,767.390,653.390,102.960,190.190,1.0000,-1,-1,-1
97,371,911.780,546.440,71.720,282.190,1.0000,-1,-1,-1
97,372,558.170,531.390,112.880,325.900,1.0000,-1,-1,-1
97,373,823.000,651.040,153.540,215.910,1.0000,-1,-1,-1
97,374,1067.110,568.110,71.560,244.590,1.0000,-1,-1,-1
97,375,1167.460,547.970,121.990,278.420,1.0000,-1,-1,-1
97,376,1272.420,577.430,94.450,235.840,1.0000,-1,-1,-1
97,377,1045.320,536.920,135.490,304.720,1.0000,-1,-1,-1
97,378,896.690,521.940,162.100,337.600,1.0000,-1,-1,-1
97,379,429.970,646.940,132.560,200.000,1.0000,-1,-1,-1
97,380,639.730,647.040,115.280,182.690,1.0000,-1,-1,-1
98,370,773.780,653.350,92.060,190.190,1.0000,-1,-1,-1
98,371,911.160,545.870,68.360,283.120,1.0000,-1,-1,-1
98,372,561.480,530.560,109.960,326.860,1.0000,-1,-1,-1
98,373,826.570,651.220,110.500,216.060,1.0000,-1,-1,-1
98,374,1077.850,565.160,80.240,247.590,1.0000,-1,-1,-1
98,375,1164.110,547.880,126.790,278.210,1.0000,-1,-1,-1
98,376,1268.090,577.630,99.130,236.260,1.0000,-1,-1,-1
98,377,1043.980,539.010,134.720,302.590,1.0000,-1,-1,-1
98,378,899.060,522.410,160.390,337.930,1.0000,-1,-1,-1
98,379,436.490,648.100,126.400,198.760,1.0000,-1,-1,-1
98,380,647.380,647.200,107.500,182.810,1.0000,-1,-1,-1
99,370,775.360,653.300,86.920,190.260,1.0000,-1,-1,-1
99,371,911.800,547.420,65.300,280.590,1.0000,-1,-1,-1
99,372,562.070,530.020,109.520,327.420,1.0000,-1,-1,-1
99,373,826.780,651.200,102.410,216.210,1.0000,-1,-1,-1
99,374,1072.430,571.690,82.280,240.940,1.0000,-1,-1,-1
99,375,1163.000,546.950,128.090,279.250,1.0000,-1,-1,-1
99,376,1268.130,577.320,99.710,236.400,1.0000,-1,-1,-1
99,377,1040.130,540.090,138.700,301.690,1.0000,-1,-1,-1
99,378,895.010,523.270,164.210,336.130,1.0000,-1,-1,-1
99,379,440.210,648.540,121.150,198.150,1.0000,-1,-1,-1
99,380,649.280,647.140,105.770,183.350,1.0000,-1,-1,-1
100,370,776.440,653.380,86.430,190.290,1.0000,-1,-1,-1
100,371,912.920,560.870,62.230,267.290,1.0000,-1,-1,-1
100,372,564.010,529.440,108.540,328.010,1.0000,-1,-1,-1
100,373,829.670,651.090,99.240,216.000,1.0000,-1,-1,-1
100,374,1081.660,569.780,71.480,242.720,1.0000,-1,-1,-1
100,375,1161.920,543.010,129.210,283.700,1.0000,-1,-1,-1
100,376,1262.310,576.880,108.970,236.650,1.0000,-1,-1,-1
100,377,1037.880,543.210,140.730,298.630,1.0000,-1,-1,-1
100,378,901.450,524.230,158.060,334.920,1.0000,-1,-1,-1
100,379,447.650,649.880,113.870,196.770,1.0000,-1,-1,-1
100,380,657.990,647.890,96.130,182.820,1.0000,-1,-1,-1
101,370,776.660,653.410,86.260,190.190,1.0000,-1,-1,-1
101,371,913.340,559.500,61.680,268.580,1.0000,-1,-1,-1
101,372,565.420,529.350,107.610,328.100,1.0000,-1,-1,-1
101,373,827.800,651.050,100.870,215.590,1.0000,-1,-1,-1
101,374,1080.910,571.970,70.820,240.910,1.0000,-1,-1,-1
101,375,1161.010,545.700,129.880,281.280,1.0000,-1,-1,-1
101,376,1261.460,577.060,110.140,236.620,1.0000,-1,-1,-1
101,377,1037.620,544.640,140.800,297.280,1.0000,-1,-1,-1
101,378,898.780,525.050,161.240,335.160,1.0000,-1,-1,-1
101,379,449.930,650.430,111.080,196.290,1.0000,-1,-1,-1
101,380,660.740,647.950,93.250,182.850,1.0000,-1,-1,-1
102,370,776.020,653.340,85.640,190.190,1.0000,-1,-1,-1
102,372,566.650,528.750,106.970,328.670,1.0000,-1,-1,-1
102,373,826.740,651.540,102.110,215.510,1.0000,-1,-1,-1
102,374,1076.690,579.090,63.690,233.470,1.0000,-1,-1,-1
102,375,1159.550,554.530,131.930,272.330,1.0000,-1,-1,-1
102,376,1259.850,577.400,113.120,236.180,1.0000,-1,-1,-1
102,377,1037.450,547.060,140.490,295.280,1.0000,-1,-1,-1
102,378,890.390,526.230,170.010,334.070,1.0000,-1,-1,-1
102,379,454.000,651.150,106.100,195.150,1.0000,-1,-1,-1
102,380,666.420,648.270,87.320,182.700,1.0000,-1,-1,-1
103,370,775.320,653.330,85.560,190.330,1.0000,-1,-1,-1
103,372,566.780,528.410,107.070,329.060,1.0000,-1,-1,-1
103,373,829.580,651.660,99.270,215.470,1.0000,-1,-1,-1
103,374,1075.120,582.610,64.300,229.990,1.0000,-1,-1,-1
103,375,1158.940,554.510,132.700,271.870,1.0000,-1,-1,-1
103,376,1259.690,578.090,113.420,235.600,1.0000,-1,-1,-1
103,377,1037.170,547.660,140.980,295.080,1.0000,-1,-1,-1
103,378,887.900,526.690,172.640,333.210,1.0000,-1,-1,-1
103,379,455.880,651.380,104.170,194.870,1.0000,-1,-1,-1
103,380,668.080,648.310,85.580,182.600,1.0000,-1,-1,-1
104,370,774.500,653.370,85.950,190.270,1.0000,-1,-1,-1
104,371,910.740,558.560,66.360,269.420,1.0000,-1,-1,-1
104,372,566.350,527.950,107.090,329.470,1.0000,-1,-1,-1
104,373,830.140,651.820,98.940,215.340,1.0000,-1,-1,-1
104,374,1073.320,582.450,67.850,230.400,1.0000,-1,-1,-1
104,375,1157.760,555.290,133.990,271.470,1.0000,-1,-1,-1
104,376,1259.250,579.230,113.840,234.430,1.0000,-1,-1,-1
104,377,1036.890,548.800,141.240,294.940,1.0000,-1,-1,-1
104,378,887.390,528.750,173.110,330.760,1.0000,-1,-1,-1
104,379,458.700,651.860,100.940,194.400,1.0000,-1,-1,-1
104,380,670.210,648.310,83.140,182.670,1.0000,-1,-1,-1
105,370,773.410,653.420,88.340,190.320,1.0000,-1,-1,-1
105,371,908.940,557.230,71.800,271.090,1.0000,-1,-1,-1
105,372,566.250,527.600,107.420,329.840,1.0000,-1,-1,-1
105,373,831.340,651.830,97.860,215.320,1.0000,-1,-1,-1
105,374,1072.300,578.630,71.810,234.180,1.0000,-1,-1,-1
105,375,1157.220,555.610,134.470,271.050,1.0000,-1,-1,-1
105,376,1258.190,579.480,114.930,234.240,1.0000,-1,-1,-1
105,377,1036.960,549.300,140.960,294.550,1.0000,-1,-1,-1
105,378,887.370,529.260,173.100,330.970,1.0000,-1,-1,-1
105,379,460.310,652.180,99.040,194.040,1.0000,-1,-1,-1
105,380,671.640,648.360,81.700,182.650,1.0000,-1,-1,-1
106,370,771.930,653.690,90.150,190.040,1.0000,-1,-1,-1
106,371,913.250,562.250,68.550,265.790,1.0000,-1,-1,-1
106,372,565.410,527.290,110.050,329.990,1.0000,-1,-1,-1
106,373,831.600,651.830,97.180,215.110,1.0000,-1,-1,-1
106,374,1067.290,580.920,75.100,231.930,1.0000,-1,-1,-1
106,375,1156.530,555.770,135.140,271.280,1.0000,-1,-1,-1
106,376,1258.540,579.670,114.600,234.060,1.0000,-1,-1,-1
106,377,1036.790,550.450,140.760,293.290,1.0000,-1,-1,-1
106,378,889.540,529.830,171.500,332.000,1.0000,-1,-1,-1
106,379,465.610,652.620,93.990,193.600,1.0000,-1,-1,-1
106,380,672.050,648.550,80.800,182.460,1.0000,-1,-1,-1
107,370,771.040,653.880,94.330,189.900,1.0000,-1,-1,-1
107,371,913.750,564.380,74.980,263.770,1.0000,-1,-1,-1
107,372,564.800,527.680,112.580,329.730,1.0000,-1,-1,-1
107,373,832.630,652.050,95.990,215.120,1.0000,-1,-1,-1
107,374,1061.940,583.140,79.910,229.860,1.0000,-1,-1,-1
107,375,1156.900,555.670,134.660,271.570,1.0000,-1,-1,-1
107,376,1258.640,579.520,114.310,234.350,1.0000,-1,-1,-1
107,377,1036.800,550.640,140.950,292.760,1.0000,-1,-1,-1
107,378,889.620,529.680,171.590,331.860,1.0000,-1,-1,-1
107,379,467.650,652.910,91.240,193.380,1.0000,-1,-1,-1
107,380,671.830,648.680,81.730,182.340,1.0000,-1,-1,-1
108,370,767.760,655.740,97.550,187.810,1.0000,-1,-1,-1
108,372,562.620,529.480,120.390,328.160,1.0000,-1,-1,-1
108,373,832.130,652.530,96.610,214.800,1.0000,-1,-1,-1
108,374,1059.320,586.310,79.410,226.920,1.0000,-1,-1,-1
108,375,1157.520,555.900,133.910,271.370,1.0000,-1,-1,-1
108,376,1259.860,578.790,113.000,235.140,1.0000,-1,-1,-1
108,377,1036.590,551.270,141.370,291.980,1.0000,-1,-1,-1
108,378,889.660,529.540,171.540,331.460,1.0000,-1,-1,-1
108,379,470.450,653.440,88.540,192.780,1.0000,-1,-1,-1
108,380,672.300,648.660,81.280,182.370,1.0000,-1,-1,-1
109,370,764.370,656.650,104.180,187.010,1.0000,-1,-1,-1
109,371,911.630,569.730,71.050,258.700,1.0000,-1,-1,-1
109,372,561.700,530.990,122.460,326.570,1.0000,-1,-1,-1
109,373,832.470,652.730,96.330,214.640,1.0000,-1,-1,-1
109,374,1055.970,584.770,83.080,228.550,1.0000,-1,-1,-1
109,375,1158.160,556.320,133.100,270.550,1.0000,-1,-1,-1
109,376,1260.010,578.300,112.850,235.660,1.0000,-1,-1,-1
109,377,1036.990,551.700,140.650,291.210,1.0000,-1,-1,-1
109,378,890.830,529.320,170.280,331.560,1.0000,-1,-1,-1
109,379,470.250,653.640,89.170,192.570,1.0000,-1,-1,-1
109,380,672.780,648.630,81.320,182.410,1.0000,-1,-1,-1
110,370,758.140,658.600,111.620,184.620,1.0000,-1,-1,-1
110,371,914.740,579.250,61.580,248.700,1.0000,-1,-1,-1
110,372,562.110,535.360,125.750,320.530,1.0000,-1,-1,-1
110,373,831.610,653.180,97.120,214.040,1.0000,-1,-1,-1
110,374,1055.780,580.450,81.480,232.850,1.0000,-1,-1,-1
110,375,1158.480,557.690,132.070,268.790,1.0000,-1,-1,-1
110,376,1261.020,577.160,112.350,236.820,1.0000,-1,-1,-1
110,377,1035.760,551.990,140.730,290.710,1.0000,-1,-1,-1
110,378,891.560,529.120,167.530,330.800,1.0000,-1,-1,-1
110,379,470.160,654.980,88.770,191.260,1.0000,-1,-1,-1
110,380,673.530,649.800,85.240,181.240,1.0000,-1,-1,-1
111,370,751.350,658.710,116.310,184.190,1.0000,-1,-1,-1
111,371,913.470,575.700,61.550,252.530,1.0000,-1,-1,-1
111,372,564.410,536.900,125.930,318.320,1.0000,-1,-1,-1
111,373,830.920,653.790,97.830,213.390,1.0000,-1,-1,-1
111,374,1056.370,581.560,78.470,231.900,1.0000,-1,-1,-1
111,375,1159.280,558.840,130.780,266.680,1.0000,-1,-1,-1
111,376,1261.780,577.130,112.730,237.380,1.0000,-1,-1,-1
111,377,1035.180,552.390,140.270,290.020,1.0000,-1,-1,-1
111,378,892.240,529.500,166.280,330.940,1.0000,-1,-1,-1
111,379,469.750,655.730,88.750,190.480,1.0000,-1,-1,-1
111,380,673.280,650.960,91.800,179.200,1.0000,-1,-1,-1
112,370,743.860,658.060,124.250,184.620,1.0000,-1,-1,-1
112,371,912.760,568.380,63.240,259.770,1.0000,-1,-1,-1
112,372,567.970,541.310,128.710,314.480,1.0000,-1,-1,-1
112,373,830.540,655.680,98.080,211.540,1.0000,-1,-1,-1
112,374,1057.570,578.730,78.070,234.170,1.0000,-1,-1,-1
112,375,1159.910,559.410,128.100,264.970,1.0000,-1,-1,-1
112,376,1265.020,576.090,109.900,238.070,1.0000,-1,-1,-1
112,377,1034.360,553.180,140.800,288.920,1.0000,-1,-1,-1
112,378,889.880,530.000,168.660,330.910,1.0000,-1,-1,-1
112,379,470.220,657.030,88.000,188.970,1.0000,-1,-1,-1
112,380,676.450,652.370,84.430,177.290,1.0000,-1,-1,-1
113,370,743.300,656.410,121.430,186.050,1.0000,-1,-1,-1
113,371,912.880,555.820,72.000,271.980,1.0000,-1,-1,-1
113,372,570.560,542.880,129.490,313.010,1.0000,-1,-1,-1
113,373,827.750,656.360,100.800,210.820,1.0000,-1,-1,-1
113,374,1057.860,574.240,80.220,238.550,1.0000,-1,-1,-1
113,375,1159.360,559.320,128.360,265.020,1.0000,-1,-1,-1
113,376,1263.870,575.670,110.670,238.400,1.0000,-1,-1,-1
113,377,1037.990,553.370,137.280,288.150,1.0000,-1,-1,-1
113,378,887.390,531.040,170.930,330.130,1.0000,-1,-1,-1
113,379,470.690,656.900,88.260,188.140,1.0000,-1,-1,-1
113,380,674.620,651.990,82.600,176.870,1.0000,-1,-1,-1
114,370,743.790,650.260,119.370,192.170,1.0000,-1,-1,-1
114,371,911.730,557.530,73.850,270.450,1.0000,-1,-1,-1
114,372,579.500,545.890,128.990,309.610,1.0000,-1,-1,-1
114,373,825.000,656.540,103.940,210.040,1.0000,-1,-1,-1
114,374,1062.370,569.530,74.350,243.350,1.0000,-1,-1,-1
114,375,1160.950,556.770,126.530,267.670,1.0000,-1,-1,-1
114,376,1267.840,575.400,107.340,239.920,1.0000,-1,-1,-1
114,377,1040.700,553.040,135.340,287.740,1.0000,-1,-1,-1
114,378,893.180,532.110,165.360,329.590,1.0000,-1,-1,-1
114,379,472.730,655.430,92.560,187.780,1.0000,-1,-1,-1
114,380,684.140,648.140,76.290,180.340,1.0000,-1,-1,-1
115,370,746.080,646.070,113.070,196.260,1.0000,-1,-1,-1
115,371,911.840,560.290,75.140,267.960,1.0000,-1,-1,-1
115,372,585.790,546.700,131.620,309.620,1.0000,-1,-1,-1
115,373,820.940,655.860,94.500,201.300,1.0000,-1,-1,-1
115,374,1057.890,570.630,80.710,241.800,1.0000,-1,-1,-1
115,375,1165.820,555.590,121.180,271.020,1.0000,-1,-1,-1
115,376,1273.870,575.570,101.450,238.350,1.0000,-1,-1,-1
115,377,1039.740,552.450,136.580,288.680,1.0000,-1,-1,-1
115,378,900.530,532.090,157.780,334.310,1.0000,-1,-1,-1
115,379,469.700,652.940,96.030,189.730,1.0000,-1,-1,-1
115,380,685.510,644.610,77.960,185.500,1.0000,-1,-1,-1
116,370,759.650,636.370,97.400,206.040,1.0000,-1,-1,-1
116,371,912.010,554.990,78.240,273.060,1.0000,-1,-1,-1
116,372,597.960,547.920,134.230,307.520,1.0000,-1,-1,-1
116,373,820.520,651.550,90.310,204.370,1.0000,-1,-1,-1
116,374,1064.880,568.170,75.760,244.120,1.0000,-1,-1,-1
116,375,1180.500,554.530,105.950,269.770,1.0000,-1,-1,-1
116,376,1284.000,575.670,91.560,238.560,1.0000,-1,-1,-1
116,377,1050.780,552.250,127.330,288.460,1.0000,-1,-1,-1
116,378,902.800,531.660,155.340,335.180,1.0000,-1,-1,-1
116,379,459.320,647.200,107.540,195.200,1.0000,-1,-1,-1
116,380,672.070,634.400,99.120,195.880,1.0000,-1,-1,-1
117,370,766.710,630.920,89.110,211.690,1.0000,-1,-1,-1
117,371,912.400,554.010,74.830,274.110,1.0000,-1,-1,-1
117,372,600.020,548.270,132.760,305.120,1.0000,-1,-1,-1
117,373,819.420,647.660,91.080,208.110,1.0000,-1,-1,-1
117,374,1066.750,567.980,76.930,244.610,1.0000,-1,-1,-1
117,375,1192.000,554.450,93.960,269.210,1.0000,-1,-1,-1
117,376,1288.240,575.540,87.220,238.720,1.0000,-1,-1,-1
117,377,1067.870,552.280,113.430,286.880,1.0000,-1,-1,-1
117,378,906.990,530.120,150.810,334.580,1.0000,-1,-1,-1
117,379,456.040,643.330,110.360,199.260,1.0000,-1,-1,-1
117,380,672.050,628.080,98.240,201.820,1.0000,-1,-1,-1
118,370,785.340,618.410,70.540,224.160,1.0000,-1,-1,-1
118,371,912.900,552.680,74.350,275.320,1.0000,-1,-1,-1
118,372,612.430,550.150,120.630,301.890,1.0000,-1,-1,-1
118,373,814.080,637.530,94.190,218.570,1.0000,-1,-1,-1
118,374,1065.710,568.600,73.800,244.110,1.0000,-1,-1,-1
118,375,1196.690,553.340,89.870,270.290,1.0000,-1,-1,-1
118,376,1292.840,575.550,82.190,238.140,1.0000,-1,-1,-1
118,377,1082.610,552.130,105.530,285.850,1.0000,-1,-1,-1
118,378,918.950,528.360,139.010,331.630,1.0000,-1,-1,-1
118,379,454.470,633.200,106.640,209.470,1.0000,-1,-1,-1
118,380,694.870,613.990,59.180,215.830,1.0000,-1,-1,-1
119,370,785.680,611.780,74.710,230.790,1.0000,-1,-1,-1
119,371,911.790,551.880,76.050,277.010,1.0000,-1,-1,-1
119,372,617.010,550.660,120.860,300.270,1.0000,-1,-1,-1
119,373,811.920,631.780,94.700,224.450,1.0000,-1,-1,-1
119,374,1064.910,569.810,71.770,243.050,1.0000,-1,-1,-1
119,375,1197.610,552.980,90.120,270.540,1.0000,-1,-1,-1
119,376,1292.880,575.530,82.010,237.940,1.0000,-1,-1,-1
119,377,1086.950,551.830,103.000,285.870,1.0000,-1,-1,-1
119,378,932.770,526.940,125.220,332.830,1.0000,-1,-1,-1
119,379,448.350,627.110,118.190,215.810,1.0000,-1,-1,-1
119,380,690.590,607.250,61.190,223.730,1.0000,-1,-1,-1
120,370,786.970,596.470,79.710,246.140,1.0000,-1,-1,-1
120,371,911.390,550.590,73.540,280.840,1.0000,-1,-1,-1
120,372,625.470,551.590,110.490,297.070,1.0000,-1,-1,-1
120,373,802.690,618.480,101.960,237.590,1.0000,-1,-1,-1
120,374,1065.020,571.400,69.710,241.480,1.0000,-1,-1,-1
120,375,1199.930,552.440,91.050,270.940,1.0000,-1,-1,-1
120,376,1293.920,575.160,91.040,238.250,1.0000,-1,-1,-1
120,377,1094.290,551.980,99.670,285.640,1.0000,-1,-1,-1
120,378,943.950,525.610,113.890,333.700,1.0000,-1,-1,-1
120,379,456.420,612.020,111.170,229.730,1.0000,-1,-1,-1
120,380,690.950,592.620,77.340,233.770,1.0000,-1,-1,-1
121,370,787.690,588.920,80.590,253.620,1.0000,-1,-1,-1
121,371,911.840,550.470,72.320,281.010,1.0000,-1,-1,-1
121,372,628.240,552.510,107.120,285.730,1.0000,-1,-1,-1
121,373,797.460,612.380,112.340,243.400,1.0000,-1,-1,-1
121,374,1064.370,572.410,77.880,240.510,1.0000,-1,-1,-1
121,375,1200.370,551.940,90.900,271.550,1.0000,-1,-1,-1
121,376,1295.560,574.800,87.680,238.600,1.0000,-1,-1,-1
121,377,1095.940,551.630,99.100,285.910,1.0000,-1,-1,-1
121,378,942.060,526.310,117.090,333.260,1.0000,-1,-1,-1
121,379,475.030,603.650,90.950,238.400,1.0000,-1,-1,-1
121,380,692.820,586.430,79.860,236.980,1.0000,-1,-1,-1
122,370,788.180,574.190,81.040,267.660,1.0000,-1,-1,-1
122,371,912.050,551.020,74.890,280.060,1.0000,-1,-1,-1
122,372,631.540,556.200,103.110,280.250,1.0000,-1,-1,-1
122,373,793.350,599.570,122.060,255.420,1.0000,-1,-1,-1
122,374,1064.000,574.830,81.060,237.240,1.0000,-1,-1,-1
122,375,1201.790,551.000,87.910,272.470,1.0000,-1,-1,-1
122,376,1303.650,574.110,84.700,239.350,1.0000,-1,-1,-1
122,377,1096.850,550.940,102.400,286.590,1.0000,-1,-1,-1
122,378,941.340,525.060,116.790,334.430,1.0000,-1,-1,-1
122,379,478.280,586.860,93.020,256.260,1.0000,-1,-1,-1
122,380,694.030,578.150,74.960,245.050,1.0000,-1,-1,-1
123,370,787.750,567.720,88.780,274.670,1.0000,-1,-1,-1
123,371,911.130,551.910,79.700,278.890,1.0000,-1,-1,-1
123,372,633.200,556.970,100.330,279.230,1.0000,-1,-1,-1
123,373,787.960,593.010,125.860,260.270,1.0000,-1,-1,-1
123,374,1065.470,576.470,78.920,235.220,1.0000,-1,-1,-1
123,375,1202.470,550.210,88.690,273.160,1.0000,-1,-1,-1
123,376,1305.210,573.300,84.420,240.150,1.0000,-1,-1,-1
123,377,1095.660,549.930,107.190,287.640,1.0000,-1,-1,-1
123,378,954.210,523.970,103.960,335.290,1.0000,-1,-1,-1
123,379,478.180,578.970,93.630,263.620,1.0000,-1,-1,-1
123,380,691.600,572.670,70.750,248.810,1.0000,-1,-1,-1
124,370,788.620,557.210,102.810,274.630,1.0000,-1,-1,-1
124,371,902.090,552.710,108.010,277.650,1.0000,-1,-1,-1
124,372,635.210,550.650,96.510,285.420,1.0000,-1,-1,-1
124,373,782.590,580.510,111.080,268.980,1.0000,-1,-1,-1
124,374,1065.870,577.570,85.270,234.660,1.0000,-1,-1,-1
124,375,1199.930,547.940,90.980,275.210,1.0000,-1,-1,-1
124,376,1300.520,572.390,88.290,240.900,1.0000,-1,-1,-1
124,377,1092.670,546.390,111.120,291.360,1.0000,-1,-1,-1
124,378,931.010,522.820,127.200,336.480,1.0000,-1,-1,-1
124,379,468.630,564.640,97.880,272.990,1.0000,-1,-1,-1
124,380,693.380,556.050,78.130,264.990,1.0000,-1,-1,-1
125,370,777.220,552.500,112.740,274.260,1.0000,-1,-1,-1
125,371,897.870,552.620,97.630,278.540,1.0000,-1,-1,-1
125,372,632.520,544.040,101.460,292.150,1.0000,-1,-1,-1
125,373,772.690,578.070,121.230,270.210,1.0000,-1,-1,-1
125,374,1063.340,576.330,77.090,235.640,1.0000,-1,-1,-1
125,375,1198.530,547.180,88.640,276.000,1.0000,-1,-1,-1
125,376,1297.370,571.980,91.440,241.440,1.0000,-1,-1,-1
125,377,1090.510,543.700,112.550,294.070,1.0000,-1,-1,-1
125,378,929.790,521.530,128.300,338.100,1.0000,-1,-1,-1
125,379,455.950,559.420,111.250,276.240,1.0000,-1,-1,-1
125,380,692.720,551.290,87.290,268.700,1.0000,-1,-1,-1
126,370,772.630,545.930,137.660,291.330,1.0000,-1,-1,-1
126,371,896.360,551.490,126.980,279.370,1.0000,-1,-1,-1
126,372,608.110,536.370,128.920,297.830,1.0000,-1,-1,-1
126,373,728.190,570.240,164.570,279.830,1.0000,-1,-1,-1
126,374,1044.690,573.290,95.360,236.970,1.0000,-1,-1,-1
126,375,1185.030,546.870,102.950,277.230,1.0000,-1,-1,-1
126,376,1295.820,571.770,94.800,241.690,1.0000,-1,-1,-1
126,377,1059.970,537.430,135.940,302.770,1.0000,-1,-1,-1
126,378,924.390,517.510,136.680,342.550,1.0000,-1,-1,-1
126,379,431.640,552.950,134.240,282.110,1.0000,-1,-1,-1
126,380,684.130,544.210,105.540,275.560,1.0000,-1,-1,-1
127,370,770.660,544.090,140.570,298.580,1.0000,-1,-1,-1
127,371,891.570,551.460,134.130,278.730,1.0000,-1,-1,-1
127,372,601.960,524.120,134.940,317.050,1.0000,-1,-1,-1
127,373,702.210,567.640,190.280,294.590,1.0000,-1,-1,-1
127,374,1041.270,573.080,98.670,237.250,1.0000,-1,-1,-1
127,375,1176.510,547.100,113.000,277.410,1.0000,-1,-1,-1
127,376,1290.430,571.930,100.840,242.600,1.0000,-1,-1,-1
127,377,1052.550,537.910,139.610,304.120,1.0000,-1,-1,-1
127,378,928.920,515.800,129.520,344.950,1.0000,-1,-1,-1
127,379,424.090,552.280,150.660,289.790,1.0000,-1,-1,-1
127,380,678.670,537.330,111.450,282.390,1.0000,-1,-1,-1
128,370,771.040,545.080,142.400,297.980,1.0000,-1,-1,-1
128,371,878.400,551.940,146.150,278.600,1.0000,-1,-1,-1
128,372,594.540,503.520,136.050,336.340,1.0000,-1,-1,-1
128,373,688.840,562.540,204.050,299.270,1.0000,-1,-1,-1
128,374,1034.510,575.010,108.960,237.590,1.0000,-1,-1,-1
128,375,1169.040,546.990,128.690,277.530,1.0000,-1,-1,-1
128,376,1276.910,574.150,109.220,241.980,1.0000,-1,-1,-1
128,377,1048.340,542.400,141.090,299.790,1.0000,-1,-1,-1
128,378,942.530,511.210,117.000,352.900,1.0000,-1,-1,-1
128,379,422.610,555.920,154.060,288.640,1.0000,-1,-1,-1
128,380,675.860,527.920,117.310,293.250,1.0000,-1,-1,-1
129,370,774.040,546.440,139.080,296.630,1.0000,-1,-1,-1
129,371,877.930,544.490,144.400,285.770,1.0000,-1,-1,-1
129,372,593.970,500.920,137.310,338.900,1.0000,-1,-1,-1
129,373,689.700,559.990,203.200,301.700,1.0000,-1,-1,-1
129,374,1030.160,575.350,116.220,236.470,1.0000,-1,-1,-1
129,375,1168.300,545.650,131.870,278.720,1.0000,-1,-1,-1
129,376,1284.120,573.820,107.940,242.160,1.0000,-1,-1,-1
129,377,1046.230,542.310,138.070,299.860,1.0000,-1,-1,-1
129,378,942.610,511.280,119.630,353.320,1.0000,-1,-1,-1
129,379,421.170,558.780,151.110,285.800,1.0000,-1,-1,-1
129,380,675.320,520.310,117.930,300.290,1.0000,-1,-1,-1
130,370,775.160,548.510,137.950,295.140,1.0000,-1,-1,-1
130,371,880.010,537.120,139.010,293.000,1.0000,-1,-1,-1
130,372,590.890,521.190,141.470,318.840,1.0000,-1,-1,-1
130,373,689.860,552.260,196.480,309.440,1.0000,-1,-1,-1
130,374,1034.210,576.530,109.240,235.210,1.0000,-1,-1,-1
130,375,1165.630,544.350,136.430,280.340,1.0000,-1,-1,-1
130,376,1285.170,572.580,110.730,242.500,1.0000,-1,-1,-1
130,377,1044.800,537.330,139.880,304.560,1.0000,-1,-1,-1
130,378,939.990,510.510,121.870,354.670,1.0000,-1,-1,-1
130,379,414.480,561.460,157.400,282.280,1.0000,-1,-1,-1
130,380,674.750,515.530,119.770,306.230,1.0000,-1,-1,-1
131,370,775.860,547.800,137.950,295.130,1.0000,-1,-1,-1
131,371,880.530,537.590,138.700,292.590,1.0000,-1,-1,-1
131,372,590.520,529.120,142.140,310.910,1.0000,-1,-1,-1
131,373,688.610,547.570,185.620,314.000,1.0000,-1,-1,-1
131,374,1032.340,576.340,112.620,234.490,1.0000,-1,-1,-1
131,375,1164.400,544.500,138.230,280.390,1.0000,-1,-1,-1
131,376,1283.130,572.500,111.180,242.740,1.0000,-1,-1,-1
131,377,1042.110,536.250,142.790,305.720,1.0000,-1,-1,-1
131,378,938.300,509.960,122.490,355.460,1.0000,-1,-1,-1
131,379,414.490,562.570,158.070,280.610,1.0000,-1,-1,-1
131,380,675.160,521.370,120.700,300.410,1.0000,-1,-1,-1
132,370,775.550,547.420,138.520,295.210,1.0000,-1,-1,-1
132,371,880.810,550.770,138.090,279.420,1.0000,-1,-1,-1
132,372,590.090,537.940,141.040,302.540,1.0000,-1,-1,-1
132,373,683.020,543.720,169.470,316.730,1.0000,-1,-1,-1
132,374,1032.490,577.000,112.310,233.710,1.0000,-1,-1,-1
132,375,1164.550,546.330,138.580,278.580,1.0000,-1,-1,-1
132,376,1279.560,573.700,99.260,241.510,1.0000,-1,-1,-1
132,377,1040.920,539.260,145.140,302.570,1.0000,-1,-1,-1
132,378,929.330,510.200,131.320,355.490,1.0000,-1,-1,-1
132,379,415.320,563.190,159.580,280.640,1.0000,-1,-1,-1
132,380,671.830,536.850,126.190,286.300,1.0000,-1,-1,-1
133,370,774.450,547.310,139.080,292.750,1.0000,-1,-1,-1
133,371,880.270,557.350,138.850,271.800,1.0000,-1,-1,-1
133,372,590.940,544.460,140.210,295.670,1.0000,-1,-1,-1
133,373,680.260,544.200,164.870,316.280,1.0000,-1,-1,-1
133,374,1032.970,577.200,111.780,233.060,1.0000,-1,-1,-1
133,375,1163.140,547.410,139.920,277.530,1.0000,-1,-1,-1
133,376,1279.090,574.660,100.020,241.080,1.0000,-1,-1,-1
133,377,1041.140,541.940,144.850,299.830,1.0000,-1,-1,-1
133,378,925.210,511.360,135.880,354.470,1.0000,-1,-1,-1
133,379,415.440,563.800,156.610,279.860,1.0000,-1,-1,-1
133,380,669.520,557.180,128.120,267.940,1.0000,-1,-1,-1
134,370,775.820,547.710,137.910,290.140,1.0000,-1,-1,-1
134,371,879.780,564.630,140.340,264.100,1.0000,-1,-1,-1
134,372,589.790,548.200,140.800,292.260,1.0000,-1,-1,-1
134,373,675.460,544.690,167.430,315.980,1.0000,-1,-1,-1
134,374,1022.750,578.330,123.750,232.080,1.0000,-1,-1,-1
134,375,1161.060,550.110,143.250,274.490,1.0000,-1,-1,-1
134,376,1275.990,575.960,103.340,240.460,1.0000,-1,-1,-1
134,377,1034.340,545.580,151.440,295.260,1.0000,-1,-1,-1
134,378,924.560,522.450,136.560,343.230,1.0000,-1,-1,-1
134,379,414.560,565.250,157.560,277.990,1.0000,-1,-1,-1
134,380,668.190,560.050,131.220,263.460,1.0000,-1,-1,-1
135,370,777.310,547.770,135.880,290.080,1.0000,-1,-1,-1
135,371,879.620,568.710,139.980,259.220,1.0000,-1,-1,-1
135,372,588.320,550.640,142.460,289.990,1.0000,-1,-1,-1
135,373,674.480,545.760,167.690,314.880,1.0000,-1,-1,-1
135,374,1020.790,579.540,127.220,232.700,1.0000,-1,-1,-1
135,375,1157.290,550.830,146.940,273.900,1.0000,-1,-1,-1
135,376,1274.980,576.450,104.300,240.130,1.0000,-1,-1,-1
135,377,1032.370,548.530,153.680,292.380,1.0000,-1,-1,-1
135,378,927.100,522.250,133.800,343.580,1.0000,-1,-1,-1
135,379,413.270,566.100,158.770,277.220,1.0000,-1,-1,-1
135,380,666.370,562.880,136.650,260.400,1.0000,-1,-1,-1
136,370,781.580,551.250,132.440,287.230,1.0000,-1,-1,-1
136,371,878.110,574.480,140.810,253.460,1.0000,-1,-1,-1
136,372,588.340,557.070,142.720,283.390,1.0000,-1,-1,-1
136,373,673.820,555.810,166.250,304.800,1.0000,-1,-1,-1
136,374,1022.010,582.420,127.160,228.540,1.0000,-1,-1,-1
136,375,1157.810,556.250,148.970,269.150,1.0000,-1,-1,-1
136,376,1272.540,579.260,107.260,235.610,1.0000,-1,-1,-1
136,377,1028.550,555.460,159.270,285.600,1.0000,-1,-1,-1
136,378,924.080,522.900,137.480,342.850,1.0000,-1,-1,-1
136,379,413.160,569.720,159.180,273.190,1.0000,-1,-1,-1
136,380,662.640,570.160,140.900,251.960,1.0000,-1,-1,-1
137,370,781.260,555.290,134.010,283.420,1.0000,-1,-1,-1
137,371,877.290,574.920,142.230,252.910,1.0000,-1,-1,-1
137,372,588.170,561.820,143.650,278.790,1.0000,-1,-1,-1
137,373,673.590,564.120,167.030,296.890,1.0000,-1,-1,-1
137,374,1025.130,582.150,125.790,230.490,1.0000,-1,-1,-1
137,375,1156.190,561.420,150.470,264.550,1.0000,-1,-1,-1
137,376,1268.570,582.400,111.380,232.390,1.0000,-1,-1,-1
137,377,1030.080,561.670,158.970,279.900,1.0000,-1,-1,-1
137,378,921.290,523.140,140.580,342.550,1.0000,-1,-1,-1
137,379,415.240,574.790,156.940,268.590,1.0000,-1,-1,-1
138,370,781.030,571.500,155.760,266.960,1.0000,-1,-1,-1
138,371,877.240,575.090,144.280,250.940,1.0000,-1,-1,-1
138,372,586.350,574.630,142.860,266.010,1.0000,-1,-1,-1
138,373,671.830,583.290,169.280,277.630,1.0000,-1,-1,-1
138,375,1154.660,574.120,158.700,251.860,1.0000,-1,-1,-1
138,376,1267.040,592.110,137.050,223.190,1.0000,-1,-1,-1
138,377,1023.330,579.370,171.360,262.430,1.0000,-1,-1,-1
138,378,921.320,524.310,140.540,340.960,1.0000,-1,-1,-1
138,379,415.930,592.990,156.400,251.020,1.0000,-1,-1,-1
139,370,779.190,585.660,171.950,253.640,1.0000,-1,-1,-1
139,371,876.310,582.870,150.420,242.120,1.0000,-1,-1,-1
139,372,581.490,578.650,160.720,262.180,1.0000,-1,-1,-1
139,373,669.670,593.550,178.460,267.450,1.0000,-1,-1,-1
139,375,1153.640,577.980,172.270,249.290,1.0000,-1,-1,-1
139,376,1266.920,597.390,148.580,218.060,1.0000,-1,-1,-1
139,377,1017.250,582.930,170.810,259.120,1.0000,-1,-1,-1
139,378,919.190,524.880,142.620,340.130,1.0000,-1,-1,-1
139,379,414.430,604.750,161.770,239.230,1.0000,-1,-1,-1
140,370,777.020,605.810,168.160,233.170,1.0000,-1,-1,-1
140,371,875.710,608.440,149.350,216.540,1.0000,-1,-1,-1
140,372,572.020,581.800,156.970,258.970,1.0000,-1,-1,-1
140,373,663.090,611.420,204.230,249.720,1.0000,-1,-1,-1
140,375,1150.530,582.110,197.660,244.340,1.0000,-1,-1,-1
140,376,1260.560,605.600,156.370,209.880,1.0000,-1,-1,-1
140,377,1012.840,587.760,181.790,254.890,1.0000,-1,-1,-1
140,378,915.520,526.000,145.810,339.310,1.0000,-1,-1,-1
140,379,414.640,612.930,164.730,231.060,1.0000,-1,-1,-1
141,370,776.050,612.660,147.020,226.300,1.0000,-1,-1,-1
141,371,854.440,607.770,169.950,218.730,1.0000,-1,-1,-1
141,372,571.530,587.330,163.230,253.530,1.0000,-1,-1,-1
141,373,661.690,620.920,207.650,240.170,1.0000,-1,-1,-1
141,375,1145.630,584.140,198.300,242.360,1.0000,-1,-1,-1
141,376,1264.620,609.210,151.560,206.210,1.0000,-1,-1,-1
141,377,1010.770,588.280,191.410,254.910,1.0000,-1,-1,-1
141,378,915.220,526.500,146.320,339.030,1.0000,-1,-1,-1
141,379,414.910,611.350,174.610,232.590,1.0000,-1,-1,-1
142,370,773.340,618.230,149.500,220.070,1.0000,-1,-1,-1
142,371,858.550,609.270,166.670,215.800,1.0000,-1,-1,-1
142,372,567.900,606.640,170.680,234.090,1.0000,-1,-1,-1
142,373,656.580,633.640,213.340,227.410,1.0000,-1,-1,-1
142,375,1156.530,598.970,184.220,228.890,1.0000,-1,-1,-1
142,376,1264.160,612.210,147.350,202.930,1.0000,-1,-1,-1
142,377,1000.450,586.120,197.910,259.290,1.0000,-1,-1,-1
142,378,911.160,560.620,151.460,304.520,1.0000,-1,-1,-1
142,379,414.810,628.140,171.480,216.020,1.0000,-1,-1,-1
143,370,774.280,622.790,146.470,215.470,1.0000,-1,-1,-1
143,371,853.750,620.250,170.040,205.610,1.0000,-1,-1,-1
143,372,567.780,617.440,173.170,223.290,1.0000,-1,-1,-1
143,373,656.480,630.400,218.620,230.850,1.0000,-1,-1,-1
143,374,1008.890,599.830,153.370,211.700,1.0000,-1,-1,-1
143,375,1156.840,608.390,179.660,219.570,1.0000,-1,-1,-1
143,376,1264.310,611.600,144.180,203.770,1.0000,-1,-1,-1
143,377,987.990,583.430,195.810,262.680,1.0000,-1,-1,-1
143,378,909.810,528.580,152.500,337.230,1.0000,-1,-1,-1
143,379,413.730,643.430,176.950,200.800,1.0000,-1,-1,-1
144,370,776.600,630.380,136.710,207.870,1.0000,-1,-1,-1
144,371,850.040,625.140,171.820,201.420,1.0000,-1,-1,-1
144,372,568.880,625.270,173.750,215.190,1.0000,-1,-1,-1
144,373,659.150,635.390,199.040,225.870,1.0000,-1,-1,-1
144,374,1008.770,603.220,149.480,207.610,1.0000,-1,-1,-1
144,375,1156.580,608.710,142.060,219.210,1.0000,-1,-1,-1
144,376,1266.460,606.070,125.710,209.790,1.0000,-1,-1,-1
144,377,995.800,575.580,164.240,268.940,1.0000,-1,-1,-1
144,378,907.180,529.400,155.440,336.370,1.0000,-1,-1,-1
144,379,413.580,636.520,161.010,207.720,1.0000,-1,-1,-1
144,380,702.300,613.310,113.950,201.630,1.0000,-1,-1,-1
145,370,778.030,624.400,134.920,214.080,1.0000,-1,-1,-1
145,371,859.700,626.650,161.390,198.890,1.0000,-1,-1,-1
145,372,571.990,623.530,164.100,216.850,1.0000,-1,-1,-1
145,373,661.680,621.210,185.010,240.070,1.0000,-1,-1,-1
145,374,1014.980,604.730,134.940,207.180,1.0000,-1,-1,-1
145,375,1156.620,600.610,141.790,227.160,1.0000,-1,-1,-1
145,376,1269.060,601.910,110.970,214.190,1.0000,-1,-1,-1
145,377,998.080,571.210,150.450,272.150,1.0000,-1,-1,-1
145,378,906.460,529.640,154.880,336.120,1.0000,-1,-1,-1
145,379,413.830,645.070,160.900,199.130,1.0000,-1,-1,-1
145,380,700.240,611.750,109.270,202.070,1.0000,-1,-1,-1
146,370,777.200,593.630,136.600,244.900,1.0000,-1,-1,-1
146,371,873.730,613.150,137.250,206.890,1.0000,-1,-1,-1
146,372,579.910,608.240,142.330,232.520,1.0000,-1,-1,-1
146,373,666.960,604.000,171.730,257.490,1.0000,-1,-1,-1
146,374,1018.220,591.800,112.990,219.680,1.0000,-1,-1,-1
146,375,1157.160,583.410,141.190,244.130,1.0000,-1,-1,-1
146,376,1270.470,591.870,106.850,223.830,1.0000,-1,-1,-1
146,377,980.590,561.220,144.750,283.600,1.0000,-1,-1,-1
146,378,904.520,530.510,156.010,335.220,1.0000,-1,-1,-1
146,379,414.540,617.570,160.710,226.120,1.0000,-1,-1,-1
147,370,783.570,577.310,133.880,262.040,1.0000,-1,-1,-1
147,371,877.290,601.980,139.700,217.090,1.0000,-1,-1,-1
147,372,585.960,589.770,136.710,251.170,1.0000,-1,-1,-1
147,373,670.700,571.300,164.570,290.260,1.0000,-1,-1,-1
147,374,1015.140,587.110,116.520,225.010,1.0000,-1,-1,-1
147,375,1157.890,575.800,140.480,251.530,1.0000,-1,-1,-1
147,376,1269.380,586.880,107.750,228.860,1.0000,-1,-1,-1
147,377,965.600,557.380,150.310,286.770,1.0000,-1,-1,-1
147,378,904.840,530.530,155.900,335.200,1.0000,-1,-1,-1
147,379,414.210,601.080,160.870,242.700,1.0000,-1,-1,-1
148,370,779.260,552.690,140.350,290.760,1.0000,-1,-1,-1
148,371,876.720,579.640,143.770,240.290,1.0000,-1,-1,-1
148,372,587.260,561.560,135.500,279.290,1.0000,-1,-1,-1
148,373,671.240,549.960,137.070,311.230,1.0000,-1,-1,-1
148,374,1026.880,579.230,104.210,233.020,1.0000,-1,-1,-1
148,375,1160.980,563.180,138.720,263.300,1.0000,-1,-1,-1
148,376,1275.340,577.750,104.470,238.950,1.0000,-1,-1,-1
148,377,941.860,552.580,128.360,290.950,1.0000,-1,-1,-1
148,378,905.580,530.730,157.190,334.950,1.0000,-1,-1,-1
148,379,412.920,575.970,157.480,267.770,1.0000,-1,-1,-1
148,380,660.250,549.840,127.430,270.770,1.0000,-1,-1,-1
149,370,786.420,540.210,129.840,302.840,1.0000,-1,-1,-1
149,371,875.150,556.790,137.810,262.380,1.0000,-1,-1,-1
149,372,587.080,534.470,135.260,306.570,1.0000,-1,-1,-1
149,373,667.080,528.940,132.160,332.330,1.0000,-1,-1,-1
149,374,1033.380,576.370,97.760,234.160,1.0000,-1,-1,-1
149,375,1163.250,559.050,135.820,265.990,1.0000,-1,-1,-1
149,376,1277.130,574.480,99.270,242.030,1.0000,-1,-1,-1
149,377,901.440,548.180,108.440,294.590,1.0000,-1,-1,-1
149,378,901.500,530.900,160.920,334.990,1.0000,-1,-1,-1
149,379,413.510,555.980,151.290,287.410,1.0000,-1,-1,-1
150,370,788.070,517.320,130.040,325.200,1.0000,-1,-1,-1
150,371,878.660,528.570,138.790,293.990,1.0000,-1,-1,-1
150,372,588.730,503.980,133.440,337.100,1.0000,-1,-1,-1
150,373,679.680,527.030,116.790,334.370,1.0000,-1,-1,-1
150,374,1044.460,571.180,90.210,239.290,1.0000,-1,-1,-1
150,375,1182.600,549.710,118.020,271.950,1.0000,-1,-1,-1
150,376,1279.270,570.480,97.560,244.650,1.0000,-1,-1,-1
150,377,898.710,528.280,106.710,314.090,1.0000,-1,-1,-1
150,378,900.410,530.250,161.310,335.660,1.0000,-1,-1,-1
150,379,412.930,522.270,145.330,321.370,1.0000,-1,-1,-1
151,370,792.160,504.190,136.020,338.020,1.0000,-1,-1,-1
151,371,877.320,533.880,128.920,289.750,1.0000,-1,-1,-1
151,372,590.400,505.480,132.240,334.890,1.0000,-1,-1,-1
151,373,689.650,521.780,113.790,339.790,1.0000,-1,-1,-1
151,374,1044.580,569.340,96.040,241.340,1.0000,-1,-1,-1
151,375,1193.270,545.760,106.540,276.720,1.0000,-1,-1,-1
151,376,1282.820,569.470,100.080,245.530,1.0000,-1,-1,-1
151,377,902.970,530.940,102.940,310.900,1.0000,-1,-1,-1
151,378,906.660,537.970,155.460,327.870,1.0000,-1,-1,-1
151,379,412.700,517.070,140.310,326.590,1.0000,-1,-1,-1
152,370,801.900,477.140,124.350,364.650,1.0000,-1,-1,-1
152,371,878.820,533.970,87.440,292.530,1.0000,-1,-1,-1
152,372,597.810,518.760,126.570,320.540,1.0000,-1,-1,-1
152,373,695.270,520.780,131.600,333.660,1.0000,-1,-1,-1
152,374,1055.730,568.900,93.050,243.210,1.0000,-1,-1,-1
152,375,1192.780,543.180,115.420,279.840,1.0000,-1,-1,-1
152,376,1291.740,568.080,101.920,245.780,1.0000,-1,-1,-1
152,377,910.850,531.380,92.740,312.630,1.0000,-1,-1,-1
152,378,913.920,541.890,147.830,324.110,1.0000,-1,-1,-1
152,379,401.320,507.010,147.610,336.730,1.0000,-1,-1,-1
153,370,802.890,475.820,118.200,365.390,1.0000,-1,-1,-1
153,371,878.960,533.430,90.050,289.890,1.0000,-1,-1,-1
153,372,603.840,535.700,128.120,302.490,1.0000,-1,-1,-1
153,373,694.530,520.070,135.100,335.890,1.0000,-1,-1,-1
153,374,1058.050,569.050,109.590,242.750,1.0000,-1,-1,-1
153,375,1197.810,544.180,120.930,279.690,1.0000,-1,-1,-1
153,376,1297.980,568.110,98.580,246.370,1.0000,-1,-1,-1
153,377,913.010,532.600,93.560,311.020,1.0000,-1,-1,-1
153,378,913.650,540.080,147.870,325.520,1.0000,-1,-1,-1
153,379,409.030,512.960,144.510,330.080,1.0000,-1,-1,-1
154,370,807.150,489.850,111.730,350.610,1.0000,-1,-1,-1
154,371,879.390,546.560,93.380,275.260,1.0000,-1,-1,-1
154,372,620.370,530.800,114.690,308.400,1.0000,-1,-1,-1
154,373,704.330,535.840,111.930,318.970,1.0000,-1,-1,-1
154,374,1067.830,569.600,96.990,242.000,1.0000,-1,-1,-1
154,375,1197.590,547.750,126.640,276.770,1.0000,-1,-1,-1
154,376,1306.010,569.540,91.770,244.540,1.0000,-1,-1,-1
154,377,909.790,536.580,109.620,304.910,1.0000,-1,-1,-1
154,378,909.220,539.330,151.540,326.220,1.0000,-1,-1,-1
154,379,410.780,543.650,137.610,298.560,1.0000,-1,-1,-1
155,370,802.830,495.540,120.540,344.580,1.0000,-1,-1,-1
155,371,880.930,545.180,95.440,278.490,1.0000,-1,-1,-1
155,372,628.350,529.720,111.180,308.120,1.0000,-1,-1,-1
155,373,706.040,540.840,110.540,314.350,1.0000,-1,-1,-1
155,374,1069.650,569.740,76.910,241.710,1.0000,-1,-1,-1
155,375,1198.290,548.020,130.210,276.470,1.0000,-1,-1,-1
155,376,1304.080,571.610,93.680,242.670,1.0000,-1,-1,-1
155,377,903.690,537.310,117.980,301.410,1.0000,-1,-1,-1
155,378,905.140,533.900,151.320,332.080,1.0000,-1,-1,-1
155,379,411.420,553.960,136.010,287.270,1.0000,-1,-1,-1
156,370,803.130,518.510,114.720,321.710,1.0000,-1,-1,-1
156,371,879.180,552.230,85.030,267.580,1.0000,-1,-1,-1
156,372,636.290,530.330,101.730,307.410,1.0000,-1,-1,-1
156,373,707.690,541.970,102.550,313.360,1.0000,-1,-1,-1
156,374,1071.630,569.570,64.480,241.900,1.0000,-1,-1,-1
156,375,1215.090,546.340,91.650,277.990,1.0000,-1,-1,-1
156,376,1307.740,572.010,90.900,242.090,1.0000,-1,-1,-1
156,377,904.650,550.710,106.600,291.790,1.0000,-1,-1,-1
156,378,905.240,529.780,127.570,335.810,1.0000,-1,-1,-1
156,379,424.550,554.040,123.650,286.840,1.0000,-1,-1,-1
157,370,815.880,536.110,97.660,304.110,1.0000,-1,-1,-1
157,371,879.280,557.120,83.240,263.410,1.0000,-1,-1,-1
157,372,644.450,532.660,92.130,305.280,1.0000,-1,-1,-1
157,373,706.770,540.940,104.140,314.600,1.0000,-1,-1,-1
157,374,1072.120,569.510,64.320,241.910,1.0000,-1,-1,-1
157,375,1224.960,546.720,73.840,277.160,1.0000,-1,-1,-1
157,376,1296.270,571.580,102.390,242.440,1.0000,-1,-1,-1
157,377,909.570,560.980,105.440,282.220,1.0000,-1,-1,-1
157,378,906.020,528.600,113.870,337.050,1.0000,-1,-1,-1
157,379,433.540,554.660,115.950,285.900,1.0000,-1,-1,-1
158,370,823.770,546.590,89.220,294.750,1.0000,-1,-1,-1
158,371,879.600,568.570,81.980,251.390,1.0000,-1,-1,-1
158,372,646.730,534.610,93.720,303.710,1.0000,-1,-1,-1
158,373,704.810,542.130,108.650,313.880,1.0000,-1,-1,-1
158,374,1074.550,569.310,62.380,242.110,1.0000,-1,-1,-1
158,375,1229.300,547.860,74.060,275.850,1.0000,-1,-1,-1
158,376,1306.400,573.470,90.330,240.740,1.0000,-1,-1,-1
158,377,930.000,567.170,88.130,276.620,1.0000,-1,-1,-1
158,378,903.820,524.730,102.760,340.290,1.0000,-1,-1,-1
158,379,452.550,559.600,101.750,280.270,1.0000,-1,-1,-1
159,370,825.900,548.620,88.330,292.890,1.0000,-1,-1,-1
159,371,882.210,568.600,80.100,253.390,1.0000,-1,-1,-1
159,372,645.030,536.100,96.720,302.640,1.0000,-1,-1,-1
159,373,707.060,545.160,105.650,310.630,1.0000,-1,-1,-1
159,374,1075.300,570.010,61.630,241.560,1.0000,-1,-1,-1
159,375,1229.300,550.470,76.140,273.220,1.0000,-1,-1,-1
159,376,1307.640,575.050,87.040,239.210,1.0000,-1,-1,-1
159,378,911.610,525.730,99.560,339.730,1.0000,-1,-1,-1
159,379,452.470,564.670,106.500,275.190,1.0000,-1,-1,-1
160,370,828.350,555.530,88.770,285.980,1.0000,-1,-1,-1
160,371,884.140,576.050,74.220,246.520,1.0000,-1,-1,-1
160,372,639.650,544.630,104.170,294.260,1.0000,-1,-1,-1
160,373,710.580,555.960,99.170,300.220,1.0000,-1,-1,-1
160,374,1075.300,574.550,62.800,237.030,1.0000,-1,-1,-1
160,375,1228.920,555.500,80.700,268.250,1.0000,-1,-1,-1
160,376,1309.030,580.230,77.380,233.830,1.0000,-1,-1,-1
160,378,908.710,531.830,124.210,334.160,1.0000,-1,-1,-1
160,379,451.890,577.050,118.270,262.120,1.0000,-1,-1,-1
161,370,829.310,558.450,89.640,283.110,1.0000,-1,-1,-1
161,371,878.440,575.170,74.700,247.190,1.0000,-1,-1,-1
161,372,639.090,553.180,105.830,286.520,1.0000,-1,-1,-1
161,373,710.740,560.660,98.560,295.390,1.0000,-1,-1,-1
161,374,1073.440,578.590,66.380,232.770,1.0000,-1,-1,-1
161,375,1228.880,558.880,82.360,264.810,1.0000,-1,-1,-1
161,376,1308.450,582.770,71.660,231.120,1.0000,-1,-1,-1
161,378,911.920,537.430,122.400,328.520,1.0000,-1,-1,-1
161,379,455.280,583.330,119.010,255.970,1.0000,-1,-1,-1
161,380,832.560,558.650,92.810,284.300,1.0000,-1,-1,-1
162,370,830.850,562.490,87.810,278.960,1.0000,-1,-1,-1
162,371,879.210,587.000,79.320,236.120,1.0000,-1,-1,-1
162,372,637.300,569.480,109.590,270.100,1.0000,-1,-1,-1
162,373,712.290,568.750,97.900,287.760,1.0000,-1,-1,-1
162,374,1069.140,588.770,76.980,222.820,1.0000,-1,-1,-1
162,375,1229.810,563.380,83.070,260.460,1.0000,-1,-1,-1
162,376,1307.600,586.030,78.620,227.880,1.0000,-1,-1,-1
162,378,919.390,543.290,113.870,322.640,1.0000,-1,-1,-1
162,379,457.280,590.440,122.820,249.520,1.0000,-1,-1,-1
163,370,831.060,563.710,88.600,277.640,1.0000,-1,-1,-1
163,371,881.340,596.430,78.090,226.800,1.0000,-1,-1,-1
163,372,636.580,575.900,109.670,263.780,1.0000,-1,-1,-1
163,373,712.150,571.420,99.450,285.360,1.0000,-1,-1,-1
163,374,1065.760,593.570,82.080,218.360,1.0000,-1,-1,-1
163,375,1229.640,564.190,84.550,259.690,1.0000,-1,-1,-1
163,376,1314.500,586.580,78.240,227.360,1.0000,-1,-1,-1
163,378,917.820,545.860,93.240,319.830,1.0000,-1,-1,-1
163,379,459.130,589.620,120.790,250.450,1.0000,-1,-1,-1
164,370,831.890,563.660,85.070,277.560,1.0000,-1,-1,-1
164,371,882.010,596.430,77.020,225.720,1.0000,-1,-1,-1
164,372,630.040,578.810,111.010,260.710,1.0000,-1,-1,-1
164,373,713.170,572.680,102.970,283.970,1.0000,-1,-1,-1
164,374,1058.030,600.560,97.660,211.590,1.0000,-1,-1,-1
164,375,1227.900,562.680,84.560,261.110,1.0000,-1,-1,-1
164,376,1310.390,585.650,96.080,228.350,1.0000,-1,-1,-1
164,378,918.000,557.300,112.210,308.130,1.0000,-1,-1,-1
164,379,446.280,579.620,124.760,260.370,1.0000,-1,-1,-1
165,370,832.600,562.060,84.250,279.030,1.0000,-1,-1,-1
165,371,876.850,592.230,83.070,228.940,1.0000,-1,-1,-1
165,372,624.240,574.360,114.810,265.310,1.0000,-1,-1,-1
165,373,711.450,570.910,112.210,285.790,1.0000,-1,-1,-1
165,374,1053.120,601.780,105.920,210.350,1.0000,-1,-1,-1
165,375,1224.280,558.290,92.800,265.290,1.0000,-1,-1,-1
165,376,1309.180,584.660,102.080,229.310,1.0000,-1,-1,-1
165,378,915.410,558.690,109.950,307.370,1.0000,-1,-1,-1
165,379,437.840,570.460,132.710,270.090,1.0000,-1,-1,-1
166,370,829.890,558.350,100.060,282.610,1.0000,-1,-1,-1
166,371,883.600,579.600,83.900,242.760,1.0000,-1,-1,-1
166,372,609.390,561.550,133.640,278.510,1.0000,-1,-1,-1
166,373,703.460,562.580,133.690,294.210,1.0000,-1,-1,-1
166,374,1047.400,595.550,111.690,216.880,1.0000,-1,-1,-1
166,375,1211.980,543.540,119.030,279.620,1.0000,-1,-1,-1
166,376,1312.450,580.250,99.670,233.740,1.0000,-1,-1,-1
166,377,916.510,537.660,105.280,294.680,1.0000,-1,-1,-1
166,378,915.650,555.870,102.520,310.330,1.0000,-1,-1,-1
166,379,433.350,553.050,138.870,287.650,1.0000,-1,-1,-1
167,370,833.130,556.030,94.570,285.010,1.0000,-1,-1,-1
167,371,880.650,572.230,82.230,249.760,1.0000,-1,-1,-1
167,372,603.940,554.650,143.560,284.540,1.0000,-1,-1,-1
167,373,702.030,556.180,146.420,300.130,1.0000,-1,-1,-1
167,374,1047.220,588.530,109.380,223.710,1.0000,-1,-1,-1
167,375,1209.720,537.570,122.090,285.340,1.0000,-1,-1,-1
167,376,1314.460,577.750,94.370,236.140,1.0000,-1,-1,-1
167,377,921.990,531.010,107.300,300.930,1.0000,-1,-1,-1
167,378,919.930,550.690,93.480,315.490,1.0000,-1,-1,-1
167,379,435.790,545.630,143.000,294.960,1.0000,-1,-1,-1
167,380,701.600,561.100,94.150,253.900,1.0000,-1,-1,-1
168,370,835.120,551.380,92.260,289.840,1.0000,-1,-1,-1
168,371,880.980,551.600,89.300,262.450,1.0000,-1,-1,-1
168,372,600.400,523.660,163.380,314.960,1.0000,-1,-1,-1
168,373,712.120,542.180,155.230,313.560,1.0000,-1,-1,-1
168,374,1053.170,572.820,96.880,238.000,1.0000,-1,-1,-1
168,375,1216.390,515.800,113.250,304.390,1.0000,-1,-1,-1
168,376,1318.930,556.640,80.700,256.890,1.0000,-1,-1,-1
168,377,916.810,526.400,97.840,304.140,1.0000,-1,-1,-1
168,378,922.490,542.180,101.610,323.910,1.0000,-1,-1,-1
168,379,434.750,521.510,159.570,314.270,1.0000,-1,-1,-1
168,380,711.260,512.520,87.020,310.390,1.0000,-1,-1,-1
169,370,835.430,550.380,86.120,290.940,1.0000,-1,-1,-1
169,371,878.810,536.940,90.350,274.430,1.0000,-1,-1,-1
169,372,593.730,506.780,162.560,331.670,1.0000,-1,-1,-1
169,373,711.850,537.260,205.960,316.650,1.0000,-1,-1,-1
169,374,1057.900,567.920,91.790,240.610,1.0000,-1,-1,-1
169,375,1219.400,496.030,114.020,325.510,1.0000,-1,-1,-1
169,376,1317.260,532.010,85.120,281.470,1.0000,-1,-1,-1
169,377,917.110,527.880,112.130,303.200,1.0000,-1,-1,-1
169,378,919.100,529.660,105.760,335.680,1.0000,-1,-1,-1
169,379,433.000,507.300,165.190,329.220,1.0000,-1,-1,-1
169,380,709.870,509.750,87.480,302.400,1.0000,-1,-1,-1
170,370,835.510,549.720,97.440,291.280,1.0000,-1,-1,-1
170,371,887.960,500.450,90.210,313.480,1.0000,-1,-1,-1
170,372,598.430,491.620,148.540,346.300,1.0000,-1,-1,-1
170,373,708.700,506.620,216.250,347.090,1.0000,-1,-1,-1
170,374,1058.150,527.060,92.280,282.850,1.0000,-1,-1,-1
170,375,1200.960,491.610,127.760,330.510,1.0000,-1,-1,-1
170,376,1307.120,527.860,102.460,285.300,1.0000,-1,-1,-1
170,377,912.700,497.170,120.150,332.450,1.0000,-1,-1,-1
170,378,913.780,496.510,121.430,365.600,1.0000,-1,-1,-1
170,379,440.360,495.810,154.130,347.890,1.0000,-1,-1,-1
170,380,697.590,497.240,89.850,324.690,1.0000,-1,-1,-1
171,370,834.480,552.030,121.460,288.830,1.0000,-1,-1,-1
171,371,889.450,484.650,94.130,331.340,1.0000,-1,-1,-1
171,372,602.530,490.080,142.200,348.210,1.0000,-1,-1,-1
171,373,705.880,507.480,237.920,346.430,1.0000,-1,-1,-1
171,374,1055.560,524.360,96.150,285.890,1.0000,-1,-1,-1
171,375,1197.190,492.850,128.890,330.310,1.0000,-1,-1,-1
171,376,1307.750,527.210,103.170,285.830,1.0000,-1,-1,-1
171,377,906.630,485.210,119.060,342.000,1.0000,-1,-1,-1
171,378,908.690,486.380,132.530,375.300,1.0000,-1,-1,-1
171,379,440.730,498.810,144.280,344.940,1.0000,-1,-1,-1
171,380,701.570,500.290,80.390,317.730,1.0000,-1,-1,-1
172,370,831.410,554.790,131.040,286.150,1.0000,-1,-1,-1
172,371,886.610,480.830,109.630,335.890,1.0000,-1,-1,-1
172,372,599.970,487.740,143.450,350.570,1.0000,-1,-1,-1
172,373,731.600,511.100,199.910,342.110,1.0000,-1,-1,-1
172,374,1059.630,526.800,92.790,283.680,1.0000,-1,-1,-1
172,375,1199.330,493.930,123.750,329.350,1.0000,-1,-1,-1
172,376,1313.960,527.260,95.900,285.740,1.0000,-1,-1,-1
172,377,911.810,478.160,116.760,350.580,1.0000,-1,-1,-1
172,378,914.840,478.010,114.140,383.460,1.0000,-1,-1,-1
172,379,435.150,506.780,124.600,336.060,1.0000,-1,-1,-1
172,380,696.780,502.610,92.440,315.720,1.0000,-1,-1,-1
173,370,832.790,554.150,119.110,286.330,1.0000,-1,-1,-1
173,371,878.850,506.710,97.170,313.010,1.0000,-1,-1,-1
173,372,592.820,488.180,149.340,350.080,1.0000,-1,-1,-1
173,373,733.610,510.600,190.810,343.280,1.0000,-1,-1,-1
173,374,1060.270,528.940,91.600,280.860,1.0000,-1,-1,-1
173,375,1199.610,494.920,120.610,328.350,1.0000,-1,-1,-1
173,376,1317.480,526.980,91.750,286.160,1.0000,-1,-1,-1
173,377,905.980,482.470,122.550,344.580,1.0000,-1,-1,-1
173,378,905.570,481.810,123.870,379.350,1.0000,-1,-1,-1
173,379,432.010,509.790,118.590,332.900,1.0000,-1,-1,-1
173,380,684.300,504.460,104.770,313.970,1.0000,-1,-1,-1
174,370,834.120,525.190,119.360,314.980,1.0000,-1,-1,-1
174,371,869.780,536.400,113.750,281.400,1.0000,-1,-1,-1
174,372,588.420,486.110,152.730,352.050,1.0000,-1,-1,-1
174,373,732.450,534.940,172.680,319.690,1.0000,-1,-1,-1
174,374,1059.720,532.610,92.300,276.970,1.0000,-1,-1,-1
174,375,1199.140,496.550,111.890,326.670,1.0000,-1,-1,-1
174,376,1331.960,527.590,87.150,285.850,1.0000,-1,-1,-1
174,377,877.420,504.770,151.800,317.640,1.0000,-1,-1,-1
174,378,916.530,488.750,116.280,372.180,1.0000,-1,-1,-1
174,379,425.750,513.680,114.040,329.140,1.0000,-1,-1,-1
174,380,696.870,512.100,86.170,306.170,1.0000,-1,-1,-1
175,370,834.780,540.110,119.490,300.330,1.0000,-1,-1,-1
175,371,882.520,539.730,124.740,282.780,1.0000,-1,-1,-1
175,372,589.000,486.890,151.760,351.360,1.0000,-1,-1,-1
175,373,739.140,534.140,140.830,320.230,1.0000,-1,-1,-1
175,374,1060.200,533.740,91.600,275.950,1.0000,-1,-1,-1
175,375,1204.900,502.650,108.220,320.730,1.0000,-1,-1,-1
175,376,1339.530,529.890,83.360,283.610,1.0000,-1,-1,-1
175,377,883.820,537.910,140.370,286.050,1.0000,-1,-1,-1
175,378,900.790,493.680,135.280,367.000,1.0000,-1,-1,-1
175,379,423.220,522.400,106.550,320.330,1.0000,-1,-1,-1
175,380,690.510,529.270,95.490,289.250,1.0000,-1,-1,-1
176,370,834.910,547.380,119.180,292.680,1.0000,-1,-1,-1
176,372,579.970,511.990,158.330,326.590,1.0000,-1,-1,-1
176,373,746.990,528.540,125.060,325.930,1.0000,-1,-1,-1
176,374,1055.670,536.240,97.100,273.130,1.0000,-1,-1,-1
176,375,1233.290,528.140,92.410,295.000,1.0000,-1,-1,-1
176,376,1340.120,548.680,87.510,264.550,1.0000,-1,-1,-1
176,378,918.150,513.260,133.910,347.510,1.0000,-1,-1,-1
176,379,423.070,560.720,84.910,282.020,1.0000,-1,-1,-1
176,380,683.930,551.170,99.300,265.050,1.0000,-1,-1,-1
177,370,837.410,546.740,116.760,293.620,1.0000,-1,-1,-1
177,371,876.750,561.650,114.270,250.600,1.0000,-1,-1,-1
177,372,575.400,541.430,162.200,297.090,1.0000,-1,-1,-1
177,373,748.810,527.170,123.910,326.670,1.0000,-1,-1,-1
177,374,1048.330,546.720,107.670,263.130,1.0000,-1,-1,-1
177,375,1234.200,543.140,93.710,279.780,1.0000,-1,-1,-1
177,376,1338.100,560.540,97.560,253.110,1.0000,-1,-1,-1
177,377,863.350,556.680,160.630,254.730,1.0000,-1,-1,-1
177,378,907.480,517.600,149.520,343.290,1.0000,-1,-1,-1
177,379,421.190,559.140,85.840,283.710,1.0000,-1,-1,-1
177,380,691.100,551.410,97.940,263.380,1.0000,-1,-1,-1
178,370,832.270,546.610,127.670,294.360,1.0000,-1,-1,-1
178,372,556.930,543.160,179.470,295.060,1.0000,-1,-1,-1
178,373,755.510,532.630,119.640,330.600,1.0000,-1,-1,-1
178,374,1040.260,573.370,119.020,235.360,1.0000,-1,-1,-1
178,375,1233.450,544.280,109.920,278.400,1.0000,-1,-1,-1
178,376,1335.920,575.490,141.150,238.360,1.0000,-1,-1,-1
178,377,875.110,549.060,146.310,275.240,1.0000,-1,-1,-1
178,378,894.310,519.870,167.480,341.400,1.0000,-1,-1,-1
178,379,420.890,560.410,86.520,282.380,1.0000,-1,-1,-1
178,380,680.020,559.780,111.950,258.550,1.0000,-1,-1,-1
179,370,838.240,547.370,121.090,293.340,1.0000,-1,-1,-1
179,372,543.420,547.770,192.940,295.060,1.0000,-1,-1,-1
179,373,757.010,536.970,118.660,333.910,1.0000,-1,-1,-1
179,374,1041.830,576.100,118.340,232.650,1.0000,-1,-1,-1
179,375,1232.250,546.120,139.100,276.600,1.0000,-1,-1,-1
179,376,1333.440,579.890,155.070,236.180,1.0000,-1,-1,-1
179,377,872.440,526.040,153.770,300.370,1.0000,-1,-1,-1
179,378,871.190,521.620,213.640,340.110,1.0000,-1,-1,-1
179,379,411.640,563.970,100.510,278.600,1.0000,-1,-1,-1
179,380,664.180,564.550,130.490,258.410,1.0000,-1,-1,-1
180,370,842.180,549.100,135.780,295.250,1.0000,-1,-1,-1
180,372,532.890,555.500,196.040,285.190,1.0000,-1,-1,-1
180,373,757.860,545.680,136.430,326.280,1.0000,-1,-1,-1
180,374,1032.580,586.190,127.160,222.960,1.0000,-1,-1,-1
180,375,1229.600,555.340,145.280,268.060,1.0000,-1,-1,-1
180,376,1340.520,582.490,150.740,233.390,1.0000,-1,-1,-1
180,377,873.450,530.530,194.030,296.990,1.0000,-1,-1,-1
180,378,925.520,524.590,171.030,341.020,1.0000,-1,-1,-1
180,379,390.990,570.100,124.110,272.110,1.0000,-1,-1,-1
180,380,661.330,580.040,135.990,243.210,1.0000,-1,-1,-1
181,370,846.330,549.900,145.360,294.390,1.0000,-1,-1,-1
181,372,531.470,555.220,194.770,286.350,1.0000,-1,-1,-1
181,373,761.020,544.750,127.620,327.440,1.0000,-1,-1,-1
181,374,1025.310,590.480,134.480,218.460,1.0000,-1,-1,-1
181,375,1228.860,559.910,146.890,262.810,1.0000,-1,-1,-1
181,376,1342.570,582.230,150.690,234.410,1.0000,-1,-1,-1
181,377,894.400,535.010,185.900,296.360,1.0000,-1,-1,-1
181,378,907.090,525.180,180.420,342.690,1.0000,-1,-1,-1
181,379,389.100,574.240,124.910,268.330,1.0000,-1,-1,-1
181,380,640.170,585.170,160.430,238.100,1.0000,-1,-1,-1
182,370,851.790,544.880,145.010,296.660,1.0000,-1,-1,-1
182,372,529.570,551.020,168.820,291.560,1.0000,-1,-1,-1
182,373,774.580,539.800,122.560,332.400,1.0000,-1,-1,-1
182,374,1011.870,594.510,148.600,215.900,1.0000,-1,-1,-1
182,375,1229.750,567.370,146.110,255.720,1.0000,-1,-1,-1
182,376,1354.050,578.850,139.780,237.920,1.0000,-1,-1,-1
182,377,901.070,534.220,178.200,303.180,1.0000,-1,-1,-1
182,378,895.680,522.600,189.110,348.190,1.0000,-1,-1,-1
182,379,406.090,574.900,123.260,265.750,1.0000,-1,-1,-1
182,380,651.050,583.920,138.420,241.270,1.0000,-1,-1,-1
183,370,852.640,546.310,138.430,296.550,1.0000,-1,-1,-1
183,372,529.300,548.720,152.120,293.650,1.0000,-1,-1,-1
183,373,775.810,538.220,119.430,333.870,1.0000,-1,-1,-1
183,374,964.540,591.150,192.830,219.720,1.0000,-1,-1,-1
183,375,1233.320,566.980,142.960,255.660,1.0000,-1,-1,-1
183,376,1368.330,577.130,125.560,239.460,1.0000,-1,-1,-1
183,377,883.380,539.260,195.460,298.560,1.0000,-1,-1,-1
183,378,889.150,520.870,197.280,350.740,1.0000,-1,-1,-1
183,379,416.320,575.260,111.650,262.370,1.0000,-1,-1,-1
183,380,659.480,579.420,116.960,245.560,1.0000,-1,-1,-1
184,370,868.560,541.510,125.150,299.210,1.0000,-1,-1,-1
184,372,529.940,543.990,116.000,298.890,1.0000,-1,-1,-1
184,373,775.460,536.760,120.050,335.450,1.0000,-1,-1,-1
184,375,1246.370,564.890,129.820,257.110,1.0000,-1,-1,-1
184,376,1400.330,571.990,93.570,244.490,1.0000,-1,-1,-1
184,377,894.400,532.420,190.710,318.780,1.0000,-1,-1,-1
184,378,890.090,517.790,208.380,354.000,1.0000,-1,-1,-1
184,379,398.730,572.630,118.480,263.960,1.0000,-1,-1,-1
184,380,651.280,570.550,95.720,254.480,1.0000,-1,-1,-1
185,370,871.040,543.340,119.470,292.920,1.0000,-1,-1,-1
185,372,522.250,541.350,98.850,301.770,1.0000,-1,-1,-1
185,373,775.030,535.600,119.690,336.800,1.0000,-1,-1,-1
185,375,1252.530,563.250,123.750,258.730,1.0000,-1,-1,-1
185,376,1416.510,569.560,79.350,247.240,1.0000,-1,-1,-1
185,377,892.090,526.010,109.180,328.530,1.0000,-1,-1,-1
185,378,892.750,515.150,205.420,356.630,1.0000,-1,-1,-1
185,379,394.480,571.680,121.290,265.340,1.0000,-1,-1,-1
185,380,646.930,565.280,81.320,259.700,1.0000,-1,-1,-1
186,370,863.660,543.460,137.400,293.930,1.0000,-1,-1,-1
186,372,493.960,536.640,92.860,308.050,1.0000,-1,-1,-1
186,373,771.190,530.980,121.720,341.320,1.0000,-1,-1,-1
186,374,1014.430,532.550,97.280,295.990,1.0000,-1,-1,-1
186,375,1263.920,554.360,111.960,268.770,1.0000,-1,-1,-1
186,376,1433.160,565.900,80.340,250.120,1.0000,-1,-1,-1
186,377,865.100,519.660,144.520,335.430,1.0000,-1,-1,-1
186,378,864.200,508.970,246.210,362.460,1.0000,-1,-1,-1
186,379,392.630,569.820,120.670,264.670,1.0000,-1,-1,-1
186,380,617.150,556.580,84.510,268.730,1.0000,-1,-1,-1
187,370,874.660,542.070,132.380,297.160,1.0000,-1,-1,-1
187,372,463.720,534.760,116.880,310.840,1.0000,-1,-1,-1
187,373,769.940,528.170,125.590,343.950,1.0000,-1,-1,-1
187,374,1026.950,528.860,94.340,304.010,1.0000,-1,-1,-1
187,375,1265.770,550.480,115.220,272.880,1.0000,-1,-1,-1
187,376,1438.140,563.820,102.090,252.400,1.0000,-1,-1,-1
187,377,876.070,516.450,140.290,338.830,1.0000,-1,-1,-1
187,378,877.310,505.850,240.820,364.830,1.0000,-1,-1,-1
187,379,397.650,570.000,142.520,264.570,1.0000,-1,-1,-1
187,380,606.270,554.980,95.330,270.380,1.0000,-1,-1,-1
188,370,884.250,542.420,115.630,303.280,1.0000,-1,-1,-1
188,371,922.530,545.350,134.370,278.280,1.0000,-1,-1,-1
188,372,449.100,534.050,128.010,311.440,1.0000,-1,-1,-1
188,373,769.320,524.030,137.310,348.210,1.0000,-1,-1,-1
188,374,1042.170,524.700,123.640,304.920,1.0000,-1,-1,-1
188,375,1272.890,542.780,111.310,280.950,1.0000,-1,-1,-1
188,376,1450.060,564.290,133.170,252.450,1.0000,-1,-1,-1
188,377,888.290,514.450,128.460,341.860,1.0000,-1,-1,-1
188,378,889.350,502.450,220.650,365.550,1.0000,-1,-1,-1
188,379,404.580,572.450,130.880,262.720,1.0000,-1,-1,-1
188,380,585.300,555.230,115.930,271.110,1.0000,-1,-1,-1
189,370,867.530,535.690,133.320,313.290,1.0000,-1,-1,-1
189,372,428.450,535.870,149.950,309.160,1.0000,-1,-1,-1
189,373,769.270,524.380,129.730,345.870,1.0000,-1,-1,-1
189,374,1045.410,525.000,137.720,300.480,1.0000,-1,-1,-1
189,375,1274.010,537.730,114.730,285.750,1.0000,-1,-1,-1
189,376,1450.690,566.150,151.930,251.580,1.0000,-1,-1,-1
189,377,868.730,517.110,146.240,344.440,1.0000,-1,-1,-1
189,378,882.360,502.110,234.920,370.390,1.0000,-1,-1,-1
189,379,405.070,575.260,125.370,259.070,1.0000,-1,-1,-1
189,380,568.360,558.700,132.890,268.390,1.0000,-1,-1,-1
190,370,877.060,547.220,190.930,303.770,1.0000,-1,-1,-1
190,371,931.020,562.140,136.220,255.060,1.0000,-1,-1,-1
190,372,405.620,541.570,177.410,309.000,1.0000,-1,-1,-1
190,373,766.240,528.040,130.750,359.440,1.0000,-1,-1,-1
190,374,1047.610,532.270,165.810,299.440,1.0000,-1,-1,-1
190,375,1273.940,534.280,121.300,289.420,1.0000,-1,-1,-1
190,376,1450.620,569.470,162.320,248.660,1.0000,-1,-1,-1
190,377,873.600,526.060,144.710,342.630,1.0000,-1,-1,-1
190,378,887.670,505.360,236.940,375.120,1.0000,-1,-1,-1
190,379,407.770,575.130,137.990,256.950,1.0000,-1,-1,-1
190,380,565.760,566.510,135.810,263.600,1.0000,-1,-1,-1
191,370,884.700,545.070,196.650,304.120,1.0000,-1,-1,-1
191,371,920.210,559.740,140.060,251.670,1.0000,-1,-1,-1
191,372,403.670,543.110,168.910,307.850,1.0000,-1,-1,-1
191,373,763.690,528.740,137.330,359.080,1.0000,-1,-1,-1
191,374,1050.590,536.090,170.410,298.880,1.0000,-1,-1,-1
191,375,1273.850,537.840,122.960,285.840,1.0000,-1,-1,-1
191,376,1450.880,569.540,165.360,249.350,1.0000,-1,-1,-1
191,377,877.080,527.050,140.360,341.470,1.0000,-1,-1,-1
191,378,885.760,507.120,238.850,378.340,1.0000,-1,-1,-1
191,380,563.170,570.260,137.180,263.990,1.0000,-1,-1,-1
192,372,399.870,543.150,157.030,309.500,1.0000,-1,-1,-1
192,373,759.320,527.950,143.100,359.530,1.0000,-1,-1,-1
192,374,1056.720,541.490,166.760,292.590,1.0000,-1,-1,-1
192,375,1271.880,551.530,123.190,271.650,1.0000,-1,-1,-1
192,376,1460.930,568.620,156.360,251.590,1.0000,-1,-1,-1
192,377,873.110,527.190,160.740,342.260,1.0000,-1,-1,-1
192,378,890.690,509.270,228.630,376.320,1.0000,-1,-1,-1
192,379,413.370,574.490,135.260,254.370,1.0000,-1,-1,-1
192,380,547.250,572.320,147.800,264.210,1.0000,-1,-1,-1
193,372,399.870,542.420,149.260,310.140,1.0000,-1,-1,-1
193,373,759.240,527.660,145.140,359.930,1.0000,-1,-1,-1
193,374,1060.590,538.530,166.600,295.070,1.0000,-1,-1,-1
193,375,1270.700,558.120,118.500,258.550,1.0000,-1,-1,-1
193,376,1473.730,567.760,143.540,252.590,1.0000,-1,-1,-1
193,377,873.540,526.850,155.280,342.620,1.0000,-1,-1,-1
193,378,894.790,509.340,214.440,376.900,1.0000,-1,-1,-1
193,379,437.930,581.940,112.840,246.040,1.0000,-1,-1,-1
193,380,547.000,570.980,140.950,265.470,1.0000,-1,-1,-1
194,370,887.130,575.420,135.910,273.780,1.0000,-1,-1,-1
194,372,399.580,539.190,104.790,313.730,1.0000,-1,-1,-1
194,373,756.460,528.030,152.040,359.930,1.0000,-1,-1,-1
194,374,1085.810,533.140,154.790,300.470,1.0000,-1,-1,-1
194,375,1265.960,559.830,100.300,256.500,1.0000,-1,-1,-1
194,376,1504.160,563.740,112.810,257.160,1.0000,-1,-1,-1
194,377,876.580,526.120,134.760,343.410,1.0000,-1,-1,-1
194,378,892.000,508.970,210.250,377.720,1.0000,-1,-1,-1
194,379,451.990,578.760,108.620,248.810,1.0000,-1,-1,-1
194,380,546.310,567.220,113.120,269.350,1.0000,-1,-1,-1
195,370,882.180,574.480,131.190,273.000,1.0000,-1,-1,-1
195,371,878.040,591.910,124.310,220.610,1.0000,-1,-1,-1
195,372,391.940,536.470,105.980,315.880,1.0000,-1,-1,-1
195,373,753.490,528.240,148.390,359.550,1.0000,-1,-1,-1
195,374,1106.700,529.860,139.540,303.650,1.0000,-1,-1,-1
195,375,1262.500,558.440,91.610,257.850,1.0000,-1,-1,-1
195,376,1515.250,561.740,101.660,259.320,1.0000,-1,-1,-1
195,377,874.370,525.130,140.520,344.250,1.0000,-1,-1,-1
195,378,883.470,507.240,220.080,379.600,1.0000,-1,-1,-1
195,379,472.410,577.140,93.340,250.050,1.0000,-1,-1,-1
195,380,545.430,563.180,95.080,273.510,1.0000,-1,-1,-1
196,370,875.520,574.770,124.830,275.680,1.0000,-1,-1,-1
196,371,873.350,590.880,104.280,222.550,1.0000,-1,-1,-1
196,372,374.760,531.460,124.750,321.510,1.0000,-1,-1,-1
196,373,745.230,527.030,151.270,360.750,1.0000,-1,-1,-1
196,374,1158.860,525.540,98.850,307.790,1.0000,-1,-1,-1
196,375,1244.210,553.500,74.250,262.720,1.0000,-1,-1,-1
196,376,1525.210,557.840,120.660,263.800,1.0000,-1,-1,-1
196,377,873.650,520.970,146.670,348.290,1.0000,-1,-1,-1
196,378,874.810,502.300,226.010,384.020,1.0000,-1,-1,-1
196,379,507.200,575.030,88.780,252.320,1.0000,-1,-1,-1
196,380,526.800,555.580,97.430,281.200,1.0000,-1,-1,-1
197,370,876.560,560.220,128.520,289.600,1.0000,-1,-1,-1
197,371,873.160,566.030,110.370,247.870,1.0000,-1,-1,-1
197,372,370.690,529.820,132.040,322.210,1.0000,-1,-1,-1
197,373,741.410,524.230,156.020,363.500,1.0000,-1,-1,-1
197,374,1174.290,523.840,100.040,309.630,1.0000,-1,-1,-1
197,375,1240.450,550.630,74.830,265.310,1.0000,-1,-1,-1
197,376,1532.690,556.630,124.390,264.990,1.0000,-1,-1,-1
197,377,875.880,518.520,138.520,350.610,1.0000,-1,-1,-1
197,378,877.060,498.950,222.550,387.220,1.0000,-1,-1,-1
197,379,507.790,574.270,94.450,252.980,1.0000,-1,-1,-1
197,380,515.090,552.140,117.430,285.830,1.0000,-1,-1,-1
198,370,870.750,531.440,133.470,317.090,1.0000,-1,-1,-1
198,371,849.300,594.830,100.020,216.320,1.0000,-1,-1,-1
198,372,315.030,530.000,183.170,323.710,1.0000,-1,-1,-1
198,373,740.660,514.950,156.240,372.130,1.0000,-1,-1,-1
198,374,1174.920,524.610,135.360,308.290,1.0000,-1,-1,-1
198,375,1226.990,547.940,86.270,265.810,1.0000,-1,-1,-1
198,376,1536.030,557.930,143.580,264.590,1.0000,-1,-1,-1
198,377,872.000,519.050,139.420,352.030,1.0000,-1,-1,-1
198,378,871.600,493.740,222.070,391.580,1.0000,-1,-1,-1
198,380,494.580,550.460,148.810,287.400,1.0000,-1,-1,-1
199,371,826.310,586.610,117.180,223.990,1.0000,-1,-1,-1
199,372,296.270,532.290,199.280,331.970,1.0000,-1,-1,-1
199,373,743.700,511.920,157.020,374.220,1.0000,-1,-1,-1
199,374,1175.750,526.740,158.720,306.530,1.0000,-1,-1,-1
199,375,1218.660,549.220,103.640,269.340,1.0000,-1,-1,-1
199,376,1537.970,559.580,151.280,265.270,1.0000,-1,-1,-1
199,377,864.290,524.630,145.260,353.170,1.0000,-1,-1,-1
199,378,863.420,492.480,228.080,394.160,1.0000,-1,-1,-1
199,380,486.130,552.080,158.370,291.460,1.0000,-1,-1,-1
200,371,794.300,576.200,142.510,235.810,1.0000,-1,-1,-1
200,372,288.110,537.890,198.450,335.120,1.0000,-1,-1,-1
200,373,750.160,512.990,151.360,383.360,1.0000,-1,-1,-1
200,374,1177.290,532.950,187.130,300.490,1.0000,-1,-1,-1
200,375,1204.960,548.010,119.330,267.400,1.0000,-1,-1,-1
200,376,1547.480,561.250,153.480,266.700,1.0000,-1,-1,-1
200,377,879.490,543.510,127.220,339.630,1.0000,-1,-1,-1
200,378,887.090,494.130,202.850,400.100,1.0000,-1,-1,-1
200,379,501.840,563.850,162.880,263.730,1.0000,-1,-1,-1
200,380,471.390,559.390,181.850,290.040,1.0000,-1,-1,-1
201,371,785.120,573.300,147.290,238.460,1.0000,-1,-1,-1
201,372,288.560,538.350,191.740,335.570,1.0000,-1,-1,-1
201,373,753.910,514.120,146.440,382.990,1.0000,-1,-1,-1
201,374,1178.310,535.140,193.240,297.820,1.0000,-1,-1,-1
201,376,1553.770,561.410,152.170,269.310,1.0000,-1,-1,-1
201,377,879.560,557.560,126.480,325.490,1.0000,-1,-1,-1
201,378,878.800,494.520,210.490,400.520,1.0000,-1,-1,-1
201,379,496.620,576.450,172.980,249.440,1.0000,-1,-1,-1
201,380,464.460,561.490,184.680,288.230,1.0000,-1,-1,-1
202,371,759.440,568.230,162.920,244.420,1.0000,-1,-1,-1
202,372,284.490,535.680,178.100,338.990,1.0000,-1,-1,-1
202,373,756.410,514.550,141.940,382.450,1.0000,-1,-1,-1
202,374,1191.510,536.560,182.420,295.750,1.0000,-1,-1,-1
202,375,1209.640,562.280,95.070,256.540,1.0000,-1,-1,-1
202,376,1570.990,560.330,139.990,270.180,1.0000,-1,-1,-1
202,377,886.600,577.910,116.650,305.090,1.0000,-1,-1,-1
202,378,873.260,492.390,216.800,402.550,1.0000,-1,-1,-1
202,379,522.560,586.110,146.920,238.670,1.0000,-1,-1,-1
202,380,455.140,561.560,191.180,289.510,1.0000,-1,-1,-1
203,372,283.750,533.440,167.430,341.460,1.0000,-1,-1,-1
203,373,760.230,516.060,140.570,380.330,1.0000,-1,-1,-1
203,374,1206.640,536.390,167.960,295.880,1.0000,-1,-1,-1
203,375,1206.730,561.970,103.150,258.460,1.0000,-1,-1,-1
203,376,1579.290,559.290,132.230,271.440,1.0000,-1,-1,-1
203,377,888.600,583.650,118.860,299.560,1.0000,-1,-1,-1
203,378,877.140,492.100,213.640,403.370,1.0000,-1,-1,-1
203,379,532.730,584.710,136.550,240.080,1.0000,-1,-1,-1
203,380,453.200,560.850,186.110,290.150,1.0000,-1,-1,-1
204,372,283.890,528.910,146.520,346.480,1.0000,-1,-1,-1
204,373,757.480,528.850,139.960,367.550,1.0000,-1,-1,-1
204,374,1240.510,532.000,134.180,300.520,1.0000,-1,-1,-1
204,375,1209.580,557.390,88.200,265.780,1.0000,-1,-1,-1
204,376,1590.770,555.290,120.440,275.230,1.0000,-1,-1,-1
204,377,888.380,597.040,115.720,286.310,1.0000,-1,-1,-1
204,378,877.560,498.500,210.270,395.410,1.0000,-1,-1,-1
204,379,557.250,579.640,113.180,241.940,1.0000,-1,-1,-1
204,380,456.170,556.980,167.440,294.350,1.0000,-1,-1,-1
205,372,284.410,527.030,138.790,349.740,1.0000,-1,-1,-1
205,373,755.400,539.450,134.060,357.410,1.0000,-1,-1,-1
205,374,1261.510,529.160,113.180,303.030,1.0000,-1,-1,-1
205,375,1205.460,555.280,85.410,268.020,1.0000,-1,-1,-1
205,376,1592.500,551.980,118.180,278.710,1.0000,-1,-1,-1
205,377,891.080,602.160,113.390,281.260,1.0000,-1,-1,-1
205,378,867.830,506.580,220.050,386.770,1.0000,-1,-1,-1
205,379,574.650,576.660,96.310,244.720,1.0000,-1,-1,-1
205,380,463.470,552.910,141.660,298.380,1.0000,-1,-1,-1
206,372,281.550,521.610,127.790,355.340,1.0000,-1,-1,-1
206,373,753.730,562.050,109.080,335.140,1.0000,-1,-1,-1
206,374,1284.030,524.570,92.700,306.860,1.0000,-1,-1,-1
206,375,1193.440,550.330,77.670,273.200,1.0000,-1,-1,-1
206,376,1595.760,547.590,129.330,282.920,1.0000,-1,-1,-1
206,377,871.150,615.630,142.970,267.800,1.0000,-1,-1,-1
206,378,863.950,528.530,225.730,364.700,1.0000,-1,-1,-1
206,379,601.550,571.840,70.090,249.910,1.0000,-1,-1,-1
206,380,476.910,544.490,108.240,307.010,1.0000,-1,-1,-1
207,371,743.230,578.060,98.140,237.240,1.0000,-1,-1,-1
207,372,276.980,517.900,129.690,358.310,1.0000,-1,-1,-1
207,373,753.250,577.020,131.450,320.150,1.0000,-1,-1,-1
207,374,1287.570,522.980,91.820,308.320,1.0000,-1,-1,-1
207,375,1185.670,547.580,84.780,275.970,1.0000,-1,-1,-1
207,376,1598.520,547.270,129.590,284.630,1.0000,-1,-1,-1
207,377,872.890,625.330,141.920,257.780,1.0000,-1,-1,-1
207,378,869.420,542.360,221.080,351.430,1.0000,-1,-1,-1
207,379,606.580,569.910,69.810,252.650,1.0000,-1,-1,-1
207,380,477.750,539.780,106.050,311.950,1.0000,-1,-1,-1
208,371,715.400,578.900,96.600,232.950,1.0000,-1,-1,-1
208,372,263.970,514.080,138.450,362.540,1.0000,-1,-1,-1
208,373,754.030,603.090,126.410,294.550,1.0000,-1,-1,-1
208,374,1288.570,523.340,97.200,307.600,1.0000,-1,-1,-1
208,375,1172.380,545.420,101.230,278.770,1.0000,-1,-1,-1
208,376,1603.130,550.360,119.930,285.250,1.0000,-1,-1,-1
208,377,866.670,622.750,146.690,260.720,1.0000,-1,-1,-1
208,378,876.030,570.140,214.400,323.370,1.0000,-1,-1,-1
208,379,617.080,570.170,90.370,251.980,1.0000,-1,-1,-1
208,380,476.770,536.660,110.980,315.650,1.0000,-1,-1,-1
209,371,693.640,580.670,92.500,240.630,1.0000,-1,-1,-1
209,372,258.010,514.050,143.440,361.790,1.0000,-1,-1,-1
209,373,756.750,615.270,133.800,282.720,1.0000,-1,-1,-1
209,374,1288.280,525.300,103.180,305.720,1.0000,-1,-1,-1
209,375,1165.450,545.540,108.290,275.900,1.0000,-1,-1,-1
209,376,1605.040,553.680,123.250,284.150,1.0000,-1,-1,-1
209,377,865.440,622.890,147.260,260.630,1.0000,-1,-1,-1
209,378,871.490,582.680,219.450,310.810,1.0000,-1,-1,-1
209,379,623.640,572.330,82.370,249.840,1.0000,-1,-1,-1
209,380,471.180,537.710,119.210,314.400,1.0000,-1,-1,-1
210,370,964.270,575.530,94.970,256.420,1.0000,-1,-1,-1
210,371,659.230,585.290,125.680,227.920,1.0000,-1,-1,-1
210,372,251.970,516.330,149.290,371.050,1.0000,-1,-1,-1
210,373,712.030,636.070,183.770,265.270,1.0000,-1,-1,-1
210,374,1304.330,530.930,94.420,300.090,1.0000,-1,-1,-1
210,375,1152.630,547.860,120.770,284.540,1.0000,-1,-1,-1
210,376,1606.260,559.310,137.340,282.850,1.0000,-1,-1,-1
210,377,867.530,620.760,142.040,263.030,1.0000,-1,-1,-1
210,378,880.970,603.460,212.650,288.840,1.0000,-1,-1,-1
210,379,632.880,577.900,104.570,248.350,1.0000,-1,-1,-1
210,380,456.270,544.270,142.050,313.120,1.0000,-1,-1,-1
211,370,961.990,576.240,91.400,257.760,1.0000,-1,-1,-1
211,371,645.660,587.460,144.570,225.160,1.0000,-1,-1,-1
211,372,244.820,520.440,157.530,373.480,1.0000,-1,-1,-1
211,373,755.070,643.800,147.360,259.080,1.0000,-1,-1,-1
211,374,1308.040,533.090,97.210,293.580,1.0000,-1,-1,-1
211,375,1146.310,550.300,125.930,282.630,1.0000,-1,-1,-1
211,376,1607.270,558.880,140.840,283.830,1.0000,-1,-1,-1
211,377,871.580,618.350,139.730,265.140,1.0000,-1,-1,-1
211,378,895.700,611.970,198.430,280.290,1.0000,-1,-1,-1
211,379,633.600,580.270,106.100,248.390,1.0000,-1,-1,-1
211,380,455.000,548.870,145.660,311.100,1.0000,-1,-1,-1
212,370,964.760,577.650,84.260,258.510,1.0000,-1,-1,-1
212,371,632.030,590.460,146.030,230.870,1.0000,-1,-1,-1
212,372,232.730,521.220,169.490,373.000,1.0000,-1,-1,-1
212,373,756.980,643.320,155.770,260.430,1.0000,-1,-1,-1
212,374,1314.510,531.650,95.790,295.100,1.0000,-1,-1,-1
212,375,1139.890,552.650,127.400,281.050,1.0000,-1,-1,-1
212,376,1607.380,554.120,137.120,289.390,1.0000,-1,-1,-1
212,377,871.710,613.320,135.810,270.720,1.0000,-1,-1,-1
212,378,873.270,621.740,221.300,276.330,1.0000,-1,-1,-1
212,379,635.390,581.320,139.280,248.370,1.0000,-1,-1,-1
212,380,459.950,554.380,143.730,306.070,1.0000,-1,-1,-1
213,370,965.300,578.100,81.520,260.150,1.0000,-1,-1,-1
213,371,629.540,589.890,145.670,225.990,1.0000,-1,-1,-1
213,372,228.590,519.270,172.870,374.570,1.0000,-1,-1,-1
213,373,756.490,640.080,155.550,263.700,1.0000,-1,-1,-1
213,374,1317.060,529.340,106.150,297.250,1.0000,-1,-1,-1
213,375,1137.850,551.770,121.510,281.950,1.0000,-1,-1,-1
213,376,1602.760,551.980,135.950,291.610,1.0000,-1,-1,-1
213,377,880.760,611.320,125.090,272.550,1.0000,-1,-1,-1
213,378,880.610,622.460,213.200,276.020,1.0000,-1,-1,-1
213,379,633.890,580.220,135.040,249.230,1.0000,-1,-1,-1
213,380,464.080,553.040,147.770,307.740,1.0000,-1,-1,-1
214,370,963.030,577.080,74.240,261.340,1.0000,-1,-1,-1
214,372,228.320,514.630,170.080,380.080,1.0000,-1,-1,-1
214,373,758.110,633.070,156.900,270.360,1.0000,-1,-1,-1
214,374,1326.710,524.240,102.340,302.870,1.0000,-1,-1,-1
214,375,1136.770,548.820,107.960,285.010,1.0000,-1,-1,-1
214,376,1597.120,548.180,125.960,295.170,1.0000,-1,-1,-1
214,377,881.480,609.390,118.260,274.450,1.0000,-1,-1,-1
214,378,889.750,617.590,202.310,281.640,1.0000,-1,-1,-1
214,379,629.930,575.370,115.600,253.710,1.0000,-1,-1,-1
214,380,480.110,547.070,146.240,313.790,1.0000,-1,-1,-1
215,370,963.950,574.460,73.760,268.520,1.0000,-1,-1,-1
215,371,628.570,602.550,116.590,216.520,1.0000,-1,-1,-1
215,372,231.090,511.340,164.230,383.230,1.0000,-1,-1,-1
215,373,756.530,631.620,145.430,271.850,1.0000,-1,-1,-1
215,374,1327.280,523.140,97.260,302.580,1.0000,-1,-1,-1
215,375,1135.610,547.120,101.660,286.740,1.0000,-1,-1,-1
215,376,1596.680,545.420,117.040,297.680,1.0000,-1,-1,-1
215,377,863.890,609.250,136.310,274.570,1.0000,-1,-1,-1
215,378,881.370,614.730,211.530,284.820,1.0000,-1,-1,-1
215,379,630.800,572.080,115.040,257.190,1.0000,-1,-1,-1
215,380,493.200,543.320,137.020,317.420,1.0000,-1,-1,-1
216,370,959.680,567.960,72.620,271.320,1.0000,-1,-1,-1
216,371,621.380,582.480,97.180,236.910,1.0000,-1,-1,-1
216,372,236.900,505.730,152.500,390.090,1.0000,-1,-1,-1
216,373,754.960,631.900,141.580,271.900,1.0000,-1,-1,-1
216,374,1332.650,523.390,97.900,302.050,1.0000,-1,-1,-1
216,375,1132.130,540.940,94.740,292.780,1.0000,-1,-1,-1
216,376,1598.460,540.480,112.880,303.340,1.0000,-1,-1,-1
216,377,872.210,609.370,131.210,274.700,1.0000,-1,-1,-1
216,378,881.510,611.010,216.350,288.510,1.0000,-1,-1,-1
216,379,658.830,566.620,95.390,263.260,1.0000,-1,-1,-1
216,380,521.640,536.090,107.500,324.650,1.0000,-1,-1,-1
217,370,957.710,564.230,72.500,274.940,1.0000,-1,-1,-1
217,371,613.250,579.560,92.500,239.560,1.0000,-1,-1,-1
217,372,242.600,501.700,146.190,394.180,1.0000,-1,-1,-1
217,373,755.520,633.760,153.430,269.920,1.0000,-1,-1,-1
217,374,1335.140,524.330,95.740,301.010,1.0000,-1,-1,-1
217,375,1131.300,537.360,93.460,296.670,1.0000,-1,-1,-1
217,376,1595.000,539.190,115.770,304.080,1.0000,-1,-1,-1
217,377,884.010,609.520,118.700,274.340,1.0000,-1,-1,-1
217,378,964.950,610.100,135.310,289.950,1.0000,-1,-1,-1
217,379,659.560,564.260,96.250,265.620,1.0000,-1,-1,-1
217,380,521.530,531.390,102.020,329.250,1.0000,-1,-1,-1
218,370,953.290,560.590,76.480,277.260,1.0000,-1,-1,-1
218,371,612.960,576.530,71.840,244.480,1.0000,-1,-1,-1
218,372,252.800,495.950,133.020,399.840,1.0000,-1,-1,-1
218,373,758.830,638.440,154.430,265.280,1.0000,-1,-1,-1
218,374,1334.230,525.520,92.980,298.710,1.0000,-1,-1,-1
218,375,1129.480,532.600,95.960,300.760,1.0000,-1,-1,-1
218,376,1583.760,540.370,126.530,304.460,1.0000,-1,-1,-1
218,377,883.690,609.850,118.810,273.880,1.0000,-1,-1,-1
218,378,967.800,609.980,137.210,290.220,1.0000,-1,-1,-1
218,379,651.650,562.970,105.040,267.270,1.0000,-1,-1,-1
218,380,521.750,523.650,107.570,337.060,1.0000,-1,-1,-1
219,370,953.420,560.770,75.110,277.940,1.0000,-1,-1,-1
219,371,565.030,576.300,120.870,242.660,1.0000,-1,-1,-1
219,372,253.080,494.340,130.840,401.390,1.0000,-1,-1,-1
219,373,760.880,640.460,151.400,263.230,1.0000,-1,-1,-1
219,374,1336.960,525.570,85.790,298.830,1.0000,-1,-1,-1
219,375,1128.040,531.330,99.250,302.610,1.0000,-1,-1,-1
219,376,1577.910,542.940,132.570,303.950,1.0000,-1,-1,-1
219,377,855.480,609.170,147.670,274.630,1.0000,-1,-1,-1
219,378,965.020,610.350,141.970,289.860,1.0000,-1,-1,-1
219,379,662.560,563.820,93.740,266.640,1.0000,-1,-1,-1
219,380,522.780,522.790,123.050,338.110,1.0000,-1,-1,-1
220,370,942.890,566.370,86.750,273.240,1.0000,-1,-1,-1
220,371,550.260,578.980,137.770,243.830,1.0000,-1,-1,-1
220,372,257.590,494.910,126.890,403.090,1.0000,-1,-1,-1
220,373,761.690,642.970,136.700,260.210,1.0000,-1,-1,-1
220,374,1346.050,527.470,90.240,296.900,1.0000,-1,-1,-1
220,375,1125.750,534.090,104.300,307.270,1.0000,-1,-1,-1
220,376,1567.620,547.220,142.210,304.930,1.0000,-1,-1,-1
220,377,850.830,607.280,154.630,276.700,1.0000,-1,-1,-1
220,378,936.150,612.870,173.490,287.370,1.0000,-1,-1,-1
220,379,663.820,568.830,101.930,269.140,1.0000,-1,-1,-1
220,380,525.730,526.160,156.520,336.530,1.0000,-1,-1,-1
221,370,939.740,570.580,93.320,267.390,1.0000,-1,-1,-1
221,372,257.370,497.130,128.690,402.010,1.0000,-1,-1,-1
221,373,760.880,642.260,134.230,260.920,1.0000,-1,-1,-1
221,374,1348.270,529.780,93.270,296.930,1.0000,-1,-1,-1
221,375,1124.090,537.650,107.070,307.960,1.0000,-1,-1,-1
221,376,1566.980,547.190,142.480,305.770,1.0000,-1,-1,-1
221,377,878.370,607.250,129.970,276.850,1.0000,-1,-1,-1
221,378,923.470,616.870,186.820,283.240,1.0000,-1,-1,-1
221,379,661.310,571.010,108.110,271.870,1.0000,-1,-1,-1
221,380,526.650,529.720,171.370,335.100,1.0000,-1,-1,-1
222,370,913.990,574.040,111.150,262.580,1.0000,-1,-1,-1
222,372,257.290,501.080,138.030,405.510,1.0000,-1,-1,-1
222,373,759.600,641.060,137.400,262.160,1.0000,-1,-1,-1
222,374,1344.300,536.690,103.360,294.640,1.0000,-1,-1,-1
222,375,1120.590,543.680,111.380,304.350,1.0000,-1,-1,-1
222,376,1564.550,544.270,137.590,311.530,1.0000,-1,-1,-1
222,377,860.010,596.740,147.870,287.570,1.0000,-1,-1,-1
222,378,899.590,623.320,210.220,276.750,1.0000,-1,-1,-1
222,379,660.650,569.300,115.870,274.180,1.0000,-1,-1,-1
222,380,531.360,535.410,190.160,328.340,1.0000,-1,-1,-1
223,370,922.200,573.670,102.670,261.520,1.0000,-1,-1,-1
223,371,524.120,582.380,131.900,245.300,1.0000,-1,-1,-1
223,372,257.090,501.540,144.790,404.530,1.0000,-1,-1,-1
223,373,759.330,640.070,121.080,263.150,1.0000,-1,-1,-1
223,374,1341.410,538.600,105.050,292.830,1.0000,-1,-1,-1
223,375,1119.190,543.910,112.180,303.390,1.0000,-1,-1,-1
223,376,1556.500,541.590,137.030,314.120,1.0000,-1,-1,-1
223,377,856.550,609.920,156.290,274.180,1.0000,-1,-1,-1
223,378,885.070,623.960,224.370,276.000,1.0000,-1,-1,-1
223,379,660.940,567.400,113.130,275.540,1.0000,-1,-1,-1
223,380,526.240,535.750,200.820,328.310,1.0000,-1,-1,-1
223,381,887.370,587.380,93.830,245.230,1.0000,-1,-1,-1
224,370,932.300,569.110,92.190,267.030,1.0000,-1,-1,-1
224,371,524.120,582.740,114.390,248.670,1.0000,-1,-1,-1
224,372,259.190,497.130,145.170,409.560,1.0000,-1,-1,-1
224,373,759.210,639.160,130.320,264.000,1.0000,-1,-1,-1
224,374,1339.570,535.780,96.650,295.810,1.0000,-1,-1,-1
224,375,1118.570,542.230,111.420,306.010,1.0000,-1,-1,-1
224,376,1538.070,535.100,132.190,320.680,1.0000,-1,-1,-1
224,377,851.600,609.760,157.300,274.500,1.0000,-1,-1,-1
224,378,883.900,627.910,224.190,271.890,1.0000,-1,-1,-1
224,379,658.440,563.110,104.940,279.970,1.0000,-1,-1,-1
224,380,562.110,534.730,170.130,329.950,1.0000,-1,-1,-1
224,381,883.810,571.410,99.360,263.570,1.0000,-1,-1,-1
225,370,932.300,565.810,88.590,267.050,1.0000,-1,-1,-1
225,371,524.310,580.070,113.600,251.710,1.0000,-1,-1,-1
225,372,263.320,495.650,146.510,411.250,1.0000,-1,-1,-1
225,373,759.870,639.660,127.850,263.460,1.0000,-1,-1,-1
225,374,1340.940,533.190,91.960,298.920,1.0000,-1,-1,-1
225,375,1118.150,540.480,110.420,307.440,1.0000,-1,-1,-1
225,376,1532.430,530.480,123.190,325.360,1.0000,-1,-1,-1
225,377,864.580,609.360,143.830,274.890,1.0000,-1,-1,-1
225,378,887.390,626.310,219.310,273.080,1.0000,-1,-1,-1
225,379,650.740,560.710,106.150,282.800,1.0000,-1,-1,-1
225,380,576.280,533.590,153.130,331.190,1.0000,-1,-1,-1
225,381,876.330,564.140,106.210,272.220,1.0000,-1,-1,-1
226,370,930.590,557.990,86.010,272.530,1.0000,-1,-1,-1
226,371,508.730,574.530,114.460,257.440,1.0000,-1,-1,-1
226,372,279.330,492.080,143.590,415.180,1.0000,-1,-1,-1
226,373,760.320,640.160,127.940,262.830,1.0000,-1,-1,-1
226,374,1342.280,525.440,100.440,306.660,1.0000,-1,-1,-1
226,375,1117.970,536.040,107.620,311.870,1.0000,-1,-1,-1
226,376,1522.890,526.320,99.820,330.570,1.0000,-1,-1,-1
226,377,856.280,613.170,152.680,271.250,1.0000,-1,-1,-1
226,378,873.730,624.220,229.840,275.030,1.0000,-1,-1,-1
226,379,653.920,554.710,107.470,289.150,1.0000,-1,-1,-1
226,380,608.100,529.390,110.460,335.580,1.0000,-1,-1,-1
226,381,856.400,551.760,125.330,285.890,1.0000,-1,-1,-1
227,370,927.970,553.760,87.770,280.350,1.0000,-1,-1,-1
227,371,500.080,571.780,109.160,260.210,1.0000,-1,-1,-1
227,372,292.220,488.180,137.870,418.930,1.0000,-1,-1,-1
227,373,760.590,639.840,116.570,263.290,1.0000,-1,-1,-1
227,374,1342.350,522.790,105.790,309.620,1.0000,-1,-1,-1
227,375,1117.590,532.400,106.050,315.600,1.0000,-1,-1,-1
227,376,1515.970,525.210,109.420,333.210,1.0000,-1,-1,-1
227,377,858.070,613.610,150.020,270.870,1.0000,-1,-1,-1
227,378,879.550,622.870,222.660,276.210,1.0000,-1,-1,-1
227,379,650.680,552.260,109.970,291.640,1.0000,-1,-1,-1
227,380,629.730,525.870,94.490,339.360,1.0000,-1,-1,-1
227,381,846.240,547.540,134.520,288.660,1.0000,-1,-1,-1
228,370,920.280,547.030,93.520,287.640,1.0000,-1,-1,-1
228,371,484.670,568.930,105.360,263.990,1.0000,-1,-1,-1
228,372,320.420,482.790,129.440,425.370,1.0000,-1,-1,-1
228,373,760.580,639.500,126.880,263.900,1.0000,-1,-1,-1
228,374,1347.320,516.540,107.050,316.070,1.0000,-1,-1,-1
228,375,1116.610,527.340,101.470,321.470,1.0000,-1,-1,-1
228,376,1499.700,527.100,131.790,335.070,1.0000,-1,-1,-1
228,377,861.940,614.230,136.790,270.400,1.0000,-1,-1,-1
228,378,875.860,621.710,222.230,277.340,1.0000,-1,-1,-1
228,380,645.170,519.230,101.990,345.530,1.0000,-1,-1,-1
228,381,854.860,538.360,128.610,297.030,1.0000,-1,-1,-1
229,370,905.690,545.790,106.020,290.490,1.0000,-1,-1,-1
229,371,479.410,569.720,108.190,262.780,1.0000,-1,-1,-1
229,372,324.770,480.280,141.150,426.230,1.0000,-1,-1,-1
229,373,759.820,639.570,130.410,263.660,1.0000,-1,-1,-1
229,374,1349.560,514.210,102.880,318.400,1.0000,-1,-1,-1
229,375,1115.520,526.390,99.420,319.520,1.0000,-1,-1,-1
229,376,1487.630,529.740,147.810,334.440,1.0000,-1,-1,-1
229,377,852.290,614.410,145.090,270.520,1.0000,-1,-1,-1
229,378,852.970,621.930,242.800,277.230,1.0000,-1,-1,-1
229,380,644.260,517.520,112.560,347.000,1.0000,-1,-1,-1
229,381,859.850,535.190,123.710,299.600,1.0000,-1,-1,-1
230,370,904.180,548.350,104.320,289.060,1.0000,-1,-1,-1
230,371,468.260,572.960,113.310,265.100,1.0000,-1,-1,-1
230,372,333.150,478.690,161.810,428.940,1.0000,-1,-1,-1
230,373,757.620,640.130,150.140,262.970,1.0000,-1,-1,-1
230,374,1350.820,512.270,95.580,319.640,1.0000,-1,-1,-1
230,375,1113.250,525.720,98.410,327.600,1.0000,-1,-1,-1
230,376,1466.370,534.870,168.390,336.110,1.0000,-1,-1,-1
230,377,848.750,614.280,157.310,270.500,1.0000,-1,-1,-1
230,378,848.640,621.500,244.580,277.580,1.0000,-1,-1,-1
230,379,657.670,551.600,111.850,293.170,1.0000,-1,-1,-1
230,380,640.060,518.710,127.330,346.620,1.0000,-1,-1,-1
230,381,858.320,531.580,122.880,303.720,1.0000,-1,-1,-1
231,370,902.560,551.950,103.860,284.820,1.0000,-1,-1,-1
231,371,460.830,574.890,116.970,268.200,1.0000,-1,-1,-1
231,372,336.610,479.250,173.460,428.390,1.0000,-1,-1,-1
231,373,758.490,640.290,147.880,262.720,1.0000,-1,-1,-1
231,374,1350.470,513.150,93.570,323.520,1.0000,-1,-1,-1
231,375,1111.790,526.270,97.100,329.970,1.0000,-1,-1,-1
231,376,1456.800,534.920,173.630,336.760,1.0000,-1,-1,-1
231,377,847.950,614.570,154.000,270.110,1.0000,-1,-1,-1
231,378,847.440,620.750,242.980,278.160,1.0000,-1,-1,-1
231,379,648.710,548.680,87.270,295.360,1.0000,-1,-1,-1
231,380,639.980,522.140,139.510,342.840,1.0000,-1,-1,-1
231,381,858.950,531.700,121.780,303.450,1.0000,-1,-1,-1
232,370,918.890,558.810,91.980,275.870,1.0000,-1,-1,-1
232,371,454.760,575.340,115.300,269.680,1.0000,-1,-1,-1
232,372,334.940,482.700,190.760,425.500,1.0000,-1,-1,-1
232,373,756.720,641.070,149.370,261.720,1.0000,-1,-1,-1
232,374,1340.460,517.350,100.510,325.420,1.0000,-1,-1,-1
232,375,1109.030,530.960,97.120,325.600,1.0000,-1,-1,-1
232,376,1448.730,531.760,162.070,342.420,1.0000,-1,-1,-1
232,377,836.280,612.910,165.980,271.610,1.0000,-1,-1,-1
232,378,838.320,620.960,249.090,278.150,1.0000,-1,-1,-1
232,379,645.310,551.360,86.700,292.770,1.0000,-1,-1,-1
232,380,643.840,528.610,144.360,336.110,1.0000,-1,-1,-1
232,381,892.680,532.210,90.530,304.560,1.0000,-1,-1,-1
233,370,915.110,558.270,92.290,279.080,1.0000,-1,-1,-1
233,371,461.240,573.280,104.310,273.800,1.0000,-1,-1,-1
233,372,335.070,484.790,199.620,423.540,1.0000,-1,-1,-1
233,373,756.570,641.020,154.890,261.650,1.0000,-1,-1,-1
233,374,1341.330,517.930,97.910,325.720,1.0000,-1,-1,-1
233,375,1108.320,532.070,97.600,324.520,1.0000,-1,-1,-1
233,376,1445.940,529.200,154.630,344.990,1.0000,-1,-1,-1
233,377,833.980,613.940,172.420,270.720,1.0000,-1,-1,-1
233,378,836.160,621.030,250.010,277.730,1.0000,-1,-1,-1
233,379,645.330,550.010,84.730,297.780,1.0000,-1,-1,-1
233,380,648.980,529.560,135.820,334.910,1.0000,-1,-1,-1
233,381,894.210,531.630,83.720,304.450,1.0000,-1,-1,-1
234,371,453.080,567.720,101.130,277.530,1.0000,-1,-1,-1
234,372,339.200,486.030,202.790,421.320,1.0000,-1,-1,-1
234,373,755.840,641.140,151.080,261.630,1.0000,-1,-1,-1
234,374,1351.100,516.290,89.890,327.770,1.0000,-1,-1,-1
234,375,1107.020,532.780,99.080,323.690,1.0000,-1,-1,-1
234,376,1441.980,523.880,138.450,350.100,1.0000,-1,-1,-1
234,377,835.010,614.660,169.210,270.310,1.0000,-1,-1,-1
234,378,844.060,620.570,240.880,277.980,1.0000,-1,-1,-1
234,379,642.790,547.130,91.640,307.400,1.0000,-1,-1,-1
234,380,685.770,530.020,113.770,326.160,1.0000,-1,-1,-1
234,381,893.480,532.700,107.240,314.670,1.0000,-1,-1,-1
235,371,454.220,563.590,94.200,279.140,1.0000,-1,-1,-1
235,372,353.110,484.640,182.930,421.940,1.0000,-1,-1,-1
235,373,708.220,641.400,200.720,261.730,1.0000,-1,-1,-1
235,374,1356.910,514.620,85.680,329.540,1.0000,-1,-1,-1
235,375,1105.530,532.540,100.240,324.100,1.0000,-1,-1,-1
235,376,1438.450,521.380,131.330,352.830,1.0000,-1,-1,-1
235,377,835.780,614.210,176.340,270.330,1.0000,-1,-1,-1
235,378,857.240,620.690,226.530,278.660,1.0000,-1,-1,-1
235,379,642.080,545.410,93.950,309.440,1.0000,-1,-1,-1
235,380,714.780,529.660,76.340,325.050,1.0000,-1,-1,-1
235,381,890.780,533.310,106.530,319.640,1.0000,-1,-1,-1
236,372,379.060,481.900,167.890,421.420,1.0000,-1,-1,-1
236,373,752.390,640.890,124.850,262.370,1.0000,-1,-1,-1
236,374,1360.850,509.500,85.120,334.520,1.0000,-1,-1,-1
236,375,1103.810,531.850,103.370,324.840,1.0000,-1,-1,-1
236,376,1430.530,518.140,123.410,355.890,1.0000,-1,-1,-1
236,377,836.760,619.220,177.900,265.350,1.0000,-1,-1,-1
236,378,867.820,620.490,216.890,278.730,1.0000,-1,-1,-1
236,379,641.260,542.100,94.950,312.750,1.0000,-1,-1,-1
236,380,721.450,527.660,81.900,317.550,1.0000,-1,-1,-1
236,381,880.170,534.410,114.010,318.280,1.0000,-1,-1,-1
237,372,387.530,480.730,159.580,422.580,1.0000,-1,-1,-1
237,373,755.250,641.250,97.940,261.840,1.0000,-1,-1,-1
237,374,1361.040,506.030,94.020,338.310,1.0000,-1,-1,-1
237,375,1103.840,530.330,104.940,326.390,1.0000,-1,-1,-1
237,376,1421.530,517.310,127.310,356.760,1.0000,-1,-1,-1
237,377,836.460,620.480,171.220,264.380,1.0000,-1,-1,-1
237,378,867.450,620.460,217.070,279.330,1.0000,-1,-1,-1
237,379,641.020,540.260,99.340,315.840,1.0000,-1,-1,-1
237,380,720.620,525.060,85.980,322.010,1.0000,-1,-1,-1
237,381,877.220,535.210,125.710,318.820,1.0000,-1,-1,-1
238,372,392.960,478.800,153.950,424.720,1.0000,-1,-1,-1
238,373,755.630,641.310,96.980,261.790,1.0000,-1,-1,-1
238,374,1361.840,504.370,95.940,340.310,1.0000,-1,-1,-1
238,375,1103.440,528.580,105.740,328.190,1.0000,-1,-1,-1
238,376,1415.870,516.960,128.470,358.610,1.0000,-1,-1,-1
238,377,836.630,621.650,168.540,262.950,1.0000,-1,-1,-1
238,378,869.750,620.310,214.370,279.570,1.0000,-1,-1,-1
238,379,640.400,538.760,103.460,317.700,1.0000,-1,-1,-1
238,380,723.270,521.620,85.900,324.100,1.0000,-1,-1,-1
238,381,874.260,535.760,129.510,317.180,1.0000,-1,-1,-1
239,371,400.310,533.240,111.750,321.440,1.0000,-1,-1,-1
239,372,400.610,475.070,146.070,428.670,1.0000,-1,-1,-1
239,373,755.280,640.660,97.030,262.540,1.0000,-1,-1,-1
239,374,1361.670,499.480,95.670,348.030,1.0000,-1,-1,-1
239,375,1102.980,525.590,106.060,331.090,1.0000,-1,-1,-1
239,376,1397.220,517.420,137.640,365.280,1.0000,-1,-1,-1
239,377,837.340,625.910,165.720,257.420,1.0000,-1,-1,-1
239,378,871.640,620.430,212.560,279.470,1.0000,-1,-1,-1
239,379,635.620,535.550,106.740,321.350,1.0000,-1,-1,-1
239,380,726.660,516.830,100.060,336.850,1.0000,-1,-1,-1
239,381,868.920,535.330,132.950,316.970,1.0000,-1,-1,-1
240,372,400.690,473.300,147.030,430.810,1.0000,-1,-1,-1
240,373,754.980,639.500,97.440,263.750,1.0000,-1,-1,-1
240,374,1361.510,499.200,92.470,351.370,1.0000,-1,-1,-1
240,375,1103.040,524.850,105.950,331.660,1.0000,-1,-1,-1
240,376,1388.210,517.910,143.950,366.780,1.0000,-1,-1,-1
240,377,836.250,627.230,167.080,255.900,1.0000,-1,-1,-1
240,378,869.490,620.650,214.610,279.170,1.0000,-1,-1,-1
240,379,636.220,534.510,102.120,322.880,1.0000,-1,-1,-1
240,380,728.760,514.600,109.280,341.140,1.0000,-1,-1,-1
240,381,867.070,534.610,134.750,320.040,1.0000,-1,-1,-1
241,372,397.880,472.540,154.820,432.110,1.0000,-1,-1,-1
241,373,752.860,640.130,100.420,263.360,1.0000,-1,-1,-1
241,374,1361.280,502.010,95.520,350.780,1.0000,-1,-1,-1
241,375,1103.120,526.030,105.740,330.140,1.0000,-1,-1,-1
241,376,1379.860,519.090,145.120,366.710,1.0000,-1,-1,-1
241,377,837.790,624.100,162.930,259.550,1.0000,-1,-1,-1
241,378,867.650,620.520,216.620,279.090,1.0000,-1,-1,-1
241,379,637.360,534.130,101.890,327.180,1.0000,-1,-1,-1
241,380,730.300,514.110,126.560,338.630,1.0000,-1,-1,-1
241,381,865.190,533.760,135.430,323.060,1.0000,-1,-1,-1
242,372,409.370,472.770,146.660,431.600,1.0000,-1,-1,-1
242,373,753.960,640.420,99.620,263.350,1.0000,-1,-1,-1
242,374,1362.940,504.340,93.570,349.490,1.0000,-1,-1,-1
242,375,1102.150,527.640,107.040,328.810,1.0000,-1,-1,-1
242,376,1375.760,518.480,143.030,367.270,1.0000,-1,-1,-1
242,377,838.160,616.810,159.570,266.760,1.0000,-1,-1,-1
242,378,866.300,620.650,218.070,278.930,1.0000,-1,-1,-1
242,379,637.470,534.490,104.980,326.290,1.0000,-1,-1,-1
242,380,734.700,515.590,128.810,334.750,1.0000,-1,-1,-1
242,381,866.680,532.600,134.460,326.560,1.0000,-1,-1,-1
243,371,385.780,565.370,114.850,302.010,1.0000,-1,-1,-1
243,372,408.380,476.330,155.690,428.250,1.0000,-1,-1,-1
243,373,754.770,640.590,141.670,262.970,1.0000,-1,-1,-1
243,374,1367.010,507.190,97.010,347.130,1.0000,-1,-1,-1
243,375,1099.510,528.010,112.260,327.780,1.0000,-1,-1,-1
243,376,1367.870,516.730,139.500,369.820,1.0000,-1,-1,-1
243,377,840.530,604.470,153.980,278.870,1.0000,-1,-1,-1
243,378,872.110,620.990,213.190,278.580,1.0000,-1,-1,-1
243,379,627.890,535.100,114.320,325.770,1.0000,-1,-1,-1
243,380,740.340,516.120,129.620,332.070,1.0000,-1,-1,-1
243,381,868.070,529.500,135.590,325.330,1.0000,-1,-1,-1
244,371,378.660,564.760,122.030,303.520,1.0000,-1,-1,-1
244,372,409.160,476.550,160.010,428.480,1.0000,-1,-1,-1
244,373,748.460,640.480,107.100,263.330,1.0000,-1,-1,-1
244,375,1096.490,526.370,116.890,330.020,1.0000,-1,-1,-1
244,376,1362.050,507.300,137.620,379.550,1.0000,-1,-1,-1
244,377,837.490,590.850,155.690,292.640,1.0000,-1,-1,-1
244,378,872.910,620.660,218.960,279.110,1.0000,-1,-1,-1
244,379,618.400,534.980,120.010,326.040,1.0000,-1,-1,-1
244,380,739.020,515.970,136.990,331.720,1.0000,-1,-1,-1
244,381,871.360,528.080,134.760,328.770,1.0000,-1,-1,-1
245,371,359.550,572.530,122.160,295.920,1.0000,-1,-1,-1
245,372,412.680,476.130,163.760,428.310,1.0000,-1,-1,-1
245,373,734.190,641.070,174.630,262.900,1.0000,-1,-1,-1
245,375,1085.670,524.650,134.240,326.230,1.0000,-1,-1,-1
245,376,1357.680,526.750,135.390,360.470,1.0000,-1,-1,-1
245,377,834.430,574.180,144.920,308.630,1.0000,-1,-1,-1
245,378,878.300,619.480,224.470,280.530,1.0000,-1,-1,-1
245,379,610.320,536.100,127.980,324.960,1.0000,-1,-1,-1
245,380,751.080,516.940,130.580,329.590,1.0000,-1,-1,-1
245,381,877.470,526.440,129.150,329.500,1.0000,-1,-1,-1
246,371,356.210,554.110,120.770,314.090,1.0000,-1,-1,-1
246,372,398.080,476.110,176.830,426.900,1.0000,-1,-1,-1
246,373,726.130,640.970,185.330,263.270,1.0000,-1,-1,-1
246,374,1376.040,504.640,116.680,352.350,1.0000,-1,-1,-1
246,375,1083.300,523.700,139.100,327.030,1.0000,-1,-1,-1
246,376,1356.800,534.970,127.040,352.240,1.0000,-1,-1,-1
246,377,829.980,563.640,179.060,319.540,1.0000,-1,-1,-1
246,378,883.640,619.150,222.460,281.020,1.0000,-1,-1,-1
246,379,612.840,536.410,126.780,324.800,1.0000,-1,-1,-1
246,380,755.360,518.790,128.110,323.740,1.0000,-1,-1,-1
246,381,881.550,525.200,129.560,328.980,1.0000,-1,-1,-1
247,371,355.270,544.600,120.670,323.480,1.0000,-1,-1,-1
247,372,392.690,479.080,168.660,425.530,1.0000,-1,-1,-1
247,373,715.500,640.610,194.480,263.600,1.0000,-1,-1,-1
247,374,1373.950,501.110,103.580,356.140,1.0000,-1,-1,-1
247,375,1091.570,522.800,132.040,327.740,1.0000,-1,-1,-1
247,376,1350.340,555.230,128.250,332.270,1.0000,-1,-1,-1
247,377,862.770,544.100,150.320,339.130,1.0000,-1,-1,-1
247,378,924.690,618.830,192.610,280.860,1.0000,-1,-1,-1
247,379,621.330,536.590,114.780,325.210,1.0000,-1,-1,-1
247,380,765.140,521.180,126.470,323.300,1.0000,-1,-1,-1
247,381,881.720,523.850,135.860,326.910,1.0000,-1,-1,-1
248,371,359.860,541.030,111.510,327.400,1.0000,-1,-1,-1
248,372,394.560,481.700,158.970,420.700,1.0000,-1,-1,-1
248,373,713.600,640.610,194.080,263.660,1.0000,-1,-1,-1
248,374,1372.750,499.330,132.420,357.810,1.0000,-1,-1,-1
248,375,1098.720,522.330,123.350,328.120,1.0000,-1,-1,-1
248,376,1345.840,563.930,131.340,323.400,1.0000,-1,-1,-1
248,377,872.990,535.720,140.650,347.890,1.0000,-1,-1,-1
248,378,936.980,618.840,187.340,281.020,1.0000,-1,-1,-1
248,379,625.650,536.640,108.440,323.770,1.0000,-1,-1,-1
248,380,767.200,521.740,127.840,322.520,1.0000,-1,-1,-1
248,381,890.390,523.210,128.290,325.250,1.0000,-1,-1,-1
249,371,354.310,538.370,106.940,326.990,1.0000,-1,-1,-1
249,372,391.030,490.630,163.750,415.470,1.0000,-1,-1,-1
249,373,735.200,640.120,147.320,263.460,1.0000,-1,-1,-1
249,374,1368.130,496.050,135.410,359.510,1.0000,-1,-1,-1
249,375,1107.440,521.690,110.950,328.660,1.0000,-1,-1,-1
249,376,1339.370,591.250,138.640,296.100,1.0000,-1,-1,-1
249,377,866.670,520.260,130.100,362.600,1.0000,-1,-1,-1
249,378,937.370,619.940,197.030,279.670,1.0000,-1,-1,-1
249,379,619.760,536.530,115.400,325.350,1.0000,-1,-1,-1
249,380,757.250,522.850,120.040,320.450,1.0000,-1,-1,-1
249,381,904.460,524.980,126.910,318.940,1.0000,-1,-1,-1
250,371,347.260,538.120,113.350,330.510,1.0000,-1,-1,-1
250,372,390.820,498.130,164.360,410.070,1.0000,-1,-1,-1
250,373,738.210,640.250,139.140,263.390,1.0000,-1,-1,-1
250,374,1368.030,495.000,137.030,363.400,1.0000,-1,-1,-1
250,375,1109.330,522.080,112.310,328.320,1.0000,-1,-1,-1
250,376,1337.450,602.550,141.590,284.910,1.0000,-1,-1,-1
250,377,875.420,515.400,111.670,367.460,1.0000,-1,-1,-1
250,378,948.000,619.800,184.830,279.790,1.0000,-1,-1,-1
250,379,609.460,536.700,131.410,325.220,1.0000,-1,-1,-1
250,380,770.410,524.780,106.100,317.830,1.0000,-1,-1,-1
250,381,911.810,526.060,117.140,319.630,1.0000,-1,-1,-1
251,371,345.370,540.450,110.430,334.330,1.0000,-1,-1,-1
251,372,394.530,519.250,161.320,389.170,1.0000,-1,-1,-1
251,373,745.780,640.900,134.090,262.700,1.0000,-1,-1,-1
251,374,1379.150,495.810,131.660,361.510,1.0000,-1,-1,-1
251,375,1114.720,524.140,113.740,327.500,1.0000,-1,-1,-1
251,376,1336.120,623.830,133.270,263.470,1.0000,-1,-1,-1
251,377,878.540,505.690,109.620,377.390,1.0000,-1,-1,-1
251,378,969.520,621.550,135.180,278.020,1.0000,-1,-1,-1
251,379,611.040,537.100,128.750,324.750,1.0000,-1,-1,-1
251,380,775.230,528.900,96.870,313.290,1.0000,-1,-1,-1
251,381,925.010,526.820,100.110,316.630,1.0000,-1,-1,-1
252,371,342.430,542.230,114.180,335.630,1.0000,-1,-1,-1
252,372,384.720,531.890,176.090,376.610,1.0000,-1,-1,-1
252,373,754.410,641.110,117.950,262.660,1.0000,-1,-1,-1
252,374,1385.960,498.570,132.360,359.480,1.0000,-1,-1,-1
252,375,1116.330,525.160,112.170,326.300,1.0000,-1,-1,-1
252,376,1336.170,629.190,127.100,258.120,1.0000,-1,-1,-1
252,377,874.410,502.430,117.880,380.750,1.0000,-1,-1,-1
252,378,968.260,621.520,130.470,278.000,1.0000,-1,-1,-1
252,379,614.380,537.210,121.080,325.250,1.0000,-1,-1,-1
252,380,774.610,530.080,102.130,320.370,1.0000,-1,-1,-1
252,381,933.320,526.440,97.750,318.810,1.0000,-1,-1,-1
253,371,327.780,540.040,128.460,338.940,1.0000,-1,-1,-1
253,372,370.430,551.910,204.680,356.310,1.0000,-1,-1,-1
253,373,739.120,641.300,138.750,262.530,1.0000,-1,-1,-1
253,374,1385.880,502.300,138.110,355.370,1.0000,-1,-1,-1
253,375,1111.000,524.270,127.330,327.010,1.0000,-1,-1,-1
253,376,1333.440,634.640,121.800,253.060,1.0000,-1,-1,-1
253,377,864.390,498.280,134.780,385.170,1.0000,-1,-1,-1
253,378,958.730,621.270,157.780,277.980,1.0000,-1,-1,-1
253,379,604.310,535.600,121.430,326.900,1.0000,-1,-1,-1
253,380,768.420,527.480,108.620,316.280,1.0000,-1,-1,-1
253,381,943.780,525.750,94.740,315.730,1.0000,-1,-1,-1
254,371,320.640,537.940,140.450,340.950,1.0000,-1,-1,-1
254,372,375.100,561.540,204.780,347.070,1.0000,-1,-1,-1
254,373,729.510,640.520,154.470,263.450,1.0000,-1,-1,-1
254,374,1385.190,501.060,141.220,356.120,1.0000,-1,-1,-1
254,375,1107.850,522.420,137.770,329.140,1.0000,-1,-1,-1
254,376,1334.500,633.980,123.760,253.840,1.0000,-1,-1,-1
254,377,863.400,498.220,136.150,385.400,1.0000,-1,-1,-1
254,378,946.340,621.490,181.440,277.610,1.0000,-1,-1,-1
254,379,598.460,534.600,132.390,328.160,1.0000,-1,-1,-1
254,380,763.510,525.210,117.060,316.290,1.0000,-1,-1,-1
254,381,942.800,525.210,100.950,327.020,1.0000,-1,-1,-1
255,371,307.200,534.900,163.600,343.850,1.0000,-1,-1,-1
255,372,361.460,582.640,226.350,325.470,1.0000,-1,-1,-1
255,373,707.980,639.540,182.470,264.790,1.0000,-1,-1,-1
255,374,1385.370,498.800,150.610,357.070,1.0000,-1,-1,-1
255,375,1098.950,519.870,160.450,331.650,1.0000,-1,-1,-1
255,376,1321.500,631.410,149.780,256.470,1.0000,-1,-1,-1
255,377,855.100,498.160,166.200,385.490,1.0000,-1,-1,-1
255,378,944.460,619.890,188.190,279.310,1.0000,-1,-1,-1
255,379,591.170,533.890,155.330,329.860,1.0000,-1,-1,-1
255,380,762.560,521.080,125.390,318.060,1.0000,-1,-1,-1
255,381,940.220,523.480,127.580,327.380,1.0000,-1,-1,-1
256,371,307.080,534.070,189.030,344.640,1.0000,-1,-1,-1
256,372,364.800,593.000,222.900,315.350,1.0000,-1,-1,-1
256,373,707.610,639.510,184.800,264.840,1.0000,-1,-1,-1
256,374,1380.260,497.380,156.400,358.680,1.0000,-1,-1,-1
256,375,1098.150,519.400,167.170,332.190,1.0000,-1,-1,-1
256,376,1312.110,630.440,164.130,257.680,1.0000,-1,-1,-1
256,377,859.180,498.230,159.420,385.630,1.0000,-1,-1,-1
256,378,937.800,620.920,194.570,278.260,1.0000,-1,-1,-1
256,379,589.780,533.250,162.770,329.790,1.0000,-1,-1,-1
256,380,759.790,519.990,130.140,323.060,1.0000,-1,-1,-1
256,381,942.140,523.210,128.940,330.960,1.0000,-1,-1,-1
257,371,302.640,532.540,181.560,346.700,1.0000,-1,-1,-1
257,372,361.910,609.000,220.470,305.190,1.0000,-1,-1,-1
257,373,711.750,639.870,193.470,264.610,1.0000,-1,-1,-1
257,374,1374.440,494.960,166.290,358.910,1.0000,-1,-1,-1
257,375,1097.430,519.620,173.170,332.070,1.0000,-1,-1,-1
257,376,1300.960,628.880,177.890,259.300,1.0000,-1,-1,-1
257,377,835.850,498.370,188.760,385.490,1.0000,-1,-1,-1
257,378,924.550,618.220,208.000,281.020,1.0000,-1,-1,-1
257,379,586.900,532.690,168.910,331.180,1.0000,-1,-1,-1
257,380,753.640,519.430,139.760,321.340,1.0000,-1,-1,-1
257,381,946.250,522.320,127.260,332.890,1.0000,-1,-1,-1
258,371,302.570,531.400,178.450,347.960,1.0000,-1,-1,-1
258,372,363.230,613.870,216.660,300.550,1.0000,-1,-1,-1
258,373,709.390,639.740,202.900,264.880,1.0000,-1,-1,-1
258,374,1368.860,494.870,171.000,358.400,1.0000,-1,-1,-1
258,375,1097.800,519.880,175.390,331.660,1.0000,-1,-1,-1
258,376,1298.070,629.200,184.980,259.130,1.0000,-1,-1,-1
258,377,832.240,498.820,196.710,385.190,1.0000,-1,-1,-1
258,378,911.800,617.760,218.650,281.640,1.0000,-1,-1,-1
258,379,585.960,532.400,169.120,331.630,1.0000,-1,-1,-1
258,380,750.990,519.690,138.190,320.000,1.0000,-1,-1,-1
258,381,940.070,521.870,135.800,332.790,1.0000,-1,-1,-1
259,371,302.390,530.810,177.560,348.610,1.0000,-1,-1,-1
259,372,362.480,617.130,212.970,297.290,1.0000,-1,-1,-1
259,373,707.990,639.170,208.040,265.370,1.0000,-1,-1,-1
259,374,1363.570,495.040,179.970,357.320,1.0000,-1,-1,-1
259,375,1099.430,520.090,179.750,332.410,1.0000,-1,-1,-1
259,376,1294.430,629.160,186.720,259.230,1.0000,-1,-1,-1
259,377,828.790,498.890,201.510,385.460,1.0000,-1,-1,-1
259,378,915.580,617.110,211.710,282.440,1.0000,-1,-1,-1
259,379,584.980,532.380,168.490,331.350,1.0000,-1,-1,-1
259,380,749.290,520.220,147.400,319.760,1.0000,-1,-1,-1
259,381,936.340,522.020,143.650,333.040,1.0000,-1,-1,-1
260,371,301.350,530.700,178.330,348.750,1.0000,-1,-1,-1
260,372,361.850,617.130,211.130,297.010,1.0000,-1,-1,-1
260,373,708.690,639.520,207.800,264.990,1.0000,-1,-1,-1
260,374,1362.720,495.530,182.440,356.830,1.0000,-1,-1,-1
260,375,1100.430,520.210,181.420,332.180,1.0000,-1,-1,-1
260,376,1294.220,629.110,185.370,259.200,1.0000,-1,-1,-1
260,377,828.180,498.900,203.070,385.390,1.0000,-1,-1,-1
260,378,914.250,617.470,213.130,282.060,1.0000,-1,-1,-1
260,379,584.460,532.520,167.880,331.200,1.0000,-1,-1,-1
260,380,748.630,520.210,143.920,322.210,1.0000,-1,-1,-1
260,381,936.030,521.970,145.710,333.000,1.0000,-1,-1,-1
261,371,296.820,530.410,179.890,349.110,1.0000,-1,-1,-1
261,372,370.220,614.480,192.400,299.340,1.0000,-1,-1,-1
261,373,712.720,641.690,203.740,262.640,1.0000,-1,-1,-1
261,374,1365.620,497.430,181.510,355.120,1.0000,-1,-1,-1
261,375,1104.560,520.400,179.540,332.000,1.0000,-1,-1,-1
261,376,1297.610,629.270,176.860,258.970,1.0000,-1,-1,-1
261,377,830.000,500.420,198.630,383.950,1.0000,-1,-1,-1
261,378,915.310,619.130,217.200,280.900,1.0000,-1,-1,-1
261,379,582.420,533.420,169.410,329.900,1.0000,-1,-1,-1
261,380,749.380,521.140,142.090,322.390,1.0000,-1,-1,-1
261,381,939.300,522.390,144.260,332.770,1.0000,-1,-1,-1
262,371,292.840,530.430,177.870,348.890,1.0000,-1,-1,-1
262,372,375.770,614.150,180.080,300.140,1.0000,-1,-1,-1
262,373,712.800,642.790,197.390,261.390,1.0000,-1,-1,-1
262,374,1370.030,498.420,177.490,354.050,1.0000,-1,-1,-1
262,375,1108.620,520.450,173.960,332.060,1.0000,-1,-1,-1
262,376,1301.350,629.780,189.660,258.430,1.0000,-1,-1,-1
262,377,837.120,500.580,185.660,383.530,1.0000,-1,-1,-1
262,378,923.040,619.490,209.860,280.270,1.0000,-1,-1,-1
262,379,582.740,533.990,165.190,329.400,1.0000,-1,-1,-1
262,380,750.270,520.980,143.350,323.230,1.0000,-1,-1,-1
262,381,945.480,522.310,137.850,332.880,1.0000,-1,-1,-1
263,371,292.460,530.700,164.410,348.660,1.0000,-1,-1,-1
263,372,381.080,614.640,172.680,299.690,1.0000,-1,-1,-1
263,373,717.670,643.560,187.390,260.400,1.0000,-1,-1,-1
263,374,1384.180,501.360,162.900,351.090,1.0000,-1,-1,-1
263,375,1120.500,520.500,157.510,331.940,1.0000,-1,-1,-1
263,376,1311.020,631.250,183.880,256.880,1.0000,-1,-1,-1
263,377,846.720,500.510,162.650,383.570,1.0000,-1,-1,-1
263,378,926.540,620.010,202.870,279.620,1.0000,-1,-1,-1
263,379,588.310,535.100,150.220,328.390,1.0000,-1,-1,-1
263,380,752.270,521.310,142.100,325.040,1.0000,-1,-1,-1
263,381,954.010,522.280,126.960,332.880,1.0000,-1,-1,-1
264,371,293.350,530.370,158.080,349.050,1.0000,-1,-1,-1
264,372,380.970,614.950,172.750,299.510,1.0000,-1,-1,-1
264,373,720.450,643.730,182.030,260.080,1.0000,-1,-1,-1
264,374,1391.740,502.660,152.870,349.740,1.0000,-1,-1,-1
264,375,1125.760,520.850,149.910,331.450,1.0000,-1,-1,-1
264,376,1315.600,631.290,174.340,256.740,1.0000,-1,-1,-1
264,377,846.820,500.080,162.490,384.000,1.0000,-1,-1,-1
264,378,936.460,620.590,188.320,279.080,1.0000,-1,-1,-1
264,379,590.260,535.080,144.780,328.250,1.0000,-1,-1,-1
264,380,753.280,521.550,138.140,325.780,1.0000,-1,-1,-1
264,381,955.080,522.110,123.780,332.830,1.0000,-1,-1,-1
265,371,292.690,530.090,151.880,349.230,1.0000,-1,-1,-1
265,372,380.350,616.740,174.800,297.680,1.0000,-1,-1,-1
265,373,726.220,644.370,170.150,259.580,1.0000,-1,-1,-1
265,374,1401.800,505.650,140.570,346.840,1.0000,-1,-1,-1
265,375,1134.210,521.280,136.610,331.190,1.0000,-1,-1,-1
265,376,1322.600,630.960,167.070,257.100,1.0000,-1,-1,-1
265,377,846.370,499.300,164.260,384.600,1.0000,-1,-1,-1
265,378,951.760,620.630,162.060,279.160,1.0000,-1,-1,-1
265,379,591.510,535.430,139.660,327.880,1.0000,-1,-1,-1
265,380,756.240,521.450,133.050,327.600,1.0000,-1,-1,-1
265,381,950.470,521.970,124.550,332.840,1.0000,-1,-1,-1
266,371,291.770,530.090,149.270,349.220,1.0000,-1,-1,-1
266,372,379.820,616.920,175.610,297.540,1.0000,-1,-1,-1
266,373,728.400,644.880,165.700,258.970,1.0000,-1,-1,-1
266,374,1403.090,505.880,138.140,346.760,1.0000,-1,-1,-1
266,375,1137.560,521.660,131.680,330.790,1.0000,-1,-1,-1
266,376,1324.140,631.410,166.560,256.670,1.0000,-1,-1,-1
266,377,846.830,499.160,162.970,384.720,1.0000,-1,-1,-1
266,378,956.760,622.710,152.460,277.240,1.0000,-1,-1,-1
266,379,590.790,535.350,138.960,327.990,1.0000,-1,-1,-1
266,380,756.640,521.350,131.970,329.090,1.0000,-1,-1,-1
266,381,952.920,522.540,120.960,332.110,1.0000,-1,-1,-1
267,371,290.020,530.080,148.100,349.230,1.0000,-1,-1,-1
267,372,379.180,617.150,177.180,297.400,1.0000,-1,-1,-1
267,373,730.100,646.800,160.620,257.020,1.0000,-1,-1,-1
267,374,1404.810,507.960,135.550,344.640,1.0000,-1,-1,-1
267,375,1142.200,523.110,124.920,329.510,1.0000,-1,-1,-1
267,376,1325.180,631.600,167.750,256.310,1.0000,-1,-1,-1
267,377,846.670,498.490,164.430,385.560,1.0000,-1,-1,-1
267,378,962.840,620.820,140.960,279.050,1.0000,-1,-1,-1
267,379,588.650,535.170,140.600,328.230,1.0000,-1,-1,-1
267,380,756.430,521.560,131.650,330.730,1.0000,-1,-1,-1
267,381,952.830,522.600,119.720,332.290,1.0000,-1,-1,-1
268,371,289.080,530.010,147.810,349.330,1.0000,-1,-1,-1
268,372,379.260,617.250,178.050,297.270,1.0000,-1,-1,-1
268,373,729.540,646.820,161.120,257.020,1.0000,-1,-1,-1
268,374,1404.530,508.900,136.500,343.750,1.0000,-1,-1,-1
268,375,1143.330,523.720,123.340,329.020,1.0000,-1,-1,-1
268,376,1324.880,631.280,167.980,256.700,1.0000,-1,-1,-1
268,377,846.600,498.940,165.550,385.160,1.0000,-1,-1,-1
268,378,964.640,617.790,138.640,282.250,1.0000,-1,-1,-1
268,379,587.900,535.190,141.360,328.230,1.0000,-1,-1,-1
268,380,755.470,521.870,131.640,329.490,1.0000,-1,-1,-1
268,381,950.780,523.200,121.630,331.700,1.0000,-1,-1,-1
269,371,287.170,529.700,148.580,349.600,1.0000,-1,-1,-1
269,372,381.460,612.620,179.450,301.680,1.0000,-1,-1,-1
269,373,729.810,643.130,163.750,260.630,1.0000,-1,-1,-1
269,374,1404.010,509.000,138.970,343.450,1.0000,-1,-1,-1
269,375,1143.920,522.940,124.390,329.790,1.0000,-1,-1,-1
269,376,1324.790,631.070,168.500,256.960,1.0000,-1,-1,-1
269,377,847.130,496.080,151.690,387.970,1.0000,-1,-1,-1
269,378,963.120,612.050,142.620,287.900,1.0000,-1,-1,-1
269,379,586.750,534.600,142.100,328.750,1.0000,-1,-1,-1
269,380,753.490,521.880,137.030,328.390,1.0000,-1,-1,-1
269,381,953.280,523.330,119.350,331.420,1.0000,-1,-1,-1
270,371,286.820,529.520,148.830,349.810,1.0000,-1,-1,-1
270,372,381.300,607.860,181.580,306.370,1.0000,-1,-1,-1
270,373,729.950,641.640,164.730,262.060,1.0000,-1,-1,-1
270,374,1404.330,508.080,139.240,344.460,1.0000,-1,-1,-1
270,375,1142.680,520.890,128.750,332.110,1.0000,-1,-1,-1
270,376,1324.630,630.780,168.370,257.340,1.0000,-1,-1,-1
270,377,846.940,490.930,150.130,393.000,1.0000,-1,-1,-1
270,378,962.590,600.890,144.150,299.060,1.0000,-1,-1,-1
270,379,586.730,529.460,141.420,333.860,1.0000,-1,-1,-1
270,380,751.210,521.450,140.710,328.250,1.0000,-1,-1,-1
270,381,952.230,522.390,121.610,332.100,1.0000,-1,-1,-1
271,371,287.440,527.050,148.230,352.310,1.0000,-1,-1,-1
271,372,383.520,607.530,180.740,306.790,1.0000,-1,-1,-1
271,373,732.130,627.030,162.490,276.880,1.0000,-1,-1,-1
271,374,1402.000,498.050,145.470,354.460,1.0000,-1,-1,-1
271,375,1139.850,513.890,137.700,339.310,1.0000,-1,-1,-1
271,376,1324.940,623.140,166.810,264.800,1.0000,-1,-1,-1
271,377,847.280,490.600,154.670,393.650,1.0000,-1,-1,-1
271,378,960.340,593.050,145.850,306.840,1.0000,-1,-1,-1
271,379,586.700,525.450,139.180,337.770,1.0000,-1,-1,-1
271,380,749.900,521.190,143.140,329.830,1.0000,-1,-1,-1
271,381,942.000,523.370,133.420,331.030,1.0000,-1,-1,-1
272,371,287.800,524.870,147.870,354.490,1.0000,-1,-1,-1
272,372,383.610,608.040,181.160,306.350,1.0000,-1,-1,-1
272,373,732.190,627.410,160.940,276.430,1.0000,-1,-1,-1
272,374,1398.420,494.020,149.990,358.430,1.0000,-1,-1,-1
272,375,1140.060,511.160,138.840,341.930,1.0000,-1,-1,-1
272,376,1324.870,619.390,164.670,268.540,1.0000,-1,-1,-1
272,377,847.310,491.340,151.240,393.000,1.0000,-1,-1,-1
272,378,956.280,593.230,151.660,306.740,1.0000,-1,-1,-1
272,379,587.660,529.860,137.670,333.350,1.0000,-1,-1,-1
272,380,749.140,521.190,144.300,331.410,1.0000,-1,-1,-1
272,381,944.660,516.070,131.240,338.370,1.0000,-1,-1,-1
273,371,287.830,525.650,147.340,353.490,1.0000,-1,-1,-1
273,372,383.610,608.320,181.490,306.070,1.0000,-1,-1,-1
273,373,732.210,630.110,160.360,273.890,1.0000,-1,-1,-1
273,374,1394.560,492.570,154.850,360.010,1.0000,-1,-1,-1
273,375,1139.640,511.220,139.020,341.770,1.0000,-1,-1,-1
273,376,1323.610,619.540,165.110,268.300,1.0000,-1,-1,-1
273,377,846.920,491.570,160.160,392.600,1.0000,-1,-1,-1
273,378,951.450,592.080,164.940,307.870,1.0000,-1,-1,-1
273,379,588.090,527.950,138.150,335.420,1.0000,-1,-1,-1
273,380,748.860,521.710,144.870,331.750,1.0000,-1,-1,-1
273,381,948.090,516.470,128.380,338.310,1.0000,-1,-1,-1
274,371,287.580,525.840,147.220,353.380,1.0000,-1,-1,-1
274,372,383.180,608.050,182.040,306.410,1.0000,-1,-1,-1
274,373,732.430,631.890,160.990,271.940,1.0000,-1,-1,-1
274,374,1393.200,492.130,157.250,360.580,1.0000,-1,-1,-1
274,375,1138.650,512.150,139.960,340.760,1.0000,-1,-1,-1
274,376,1322.840,621.870,166.590,265.950,1.0000,-1,-1,-1
274,377,845.260,491.110,162.920,393.120,1.0000,-1,-1,-1
274,378,941.890,600.560,180.490,299.250,1.0000,-1,-1,-1
274,379,587.220,522.770,141.120,340.820,1.0000,-1,-1,-1
274,380,748.860,521.630,145.030,330.050,1.0000,-1,-1,-1
274,381,946.750,517.680,129.760,336.990,1.0000,-1,-1,-1
275,371,286.990,528.890,146.880,350.450,1.0000,-1,-1,-1
275,372,383.850,604.040,181.370,310.480,1.0000,-1,-1,-1
275,373,733.300,629.180,162.600,274.830,1.0000,-1,-1,-1
275,374,1391.390,495.730,159.840,356.800,1.0000,-1,-1,-1
275,375,1133.420,515.830,146.430,337.010,1.0000,-1,-1,-1
275,376,1320.210,617.440,163.180,270.440,1.0000,-1,-1,-1
275,377,840.590,495.120,171.390,388.980,1.0000,-1,-1,-1
275,378,937.340,616.520,195.390,283.150,1.0000,-1,-1,-1
275,379,584.950,526.120,148.490,337.350,1.0000,-1,-1,-1
275,380,746.980,523.270,145.950,326.160,1.0000,-1,-1,-1
275,381,945.190,517.800,132.800,336.860,1.0000,-1,-1,-1
276,371,286.940,525.920,146.150,353.450,1.0000,-1,-1,-1
276,372,384.180,597.190,181.800,317.330,1.0000,-1,-1,-1
276,373,731.690,630.700,166.860,273.480,1.0000,-1,-1,-1
276,374,1389.860,484.740,162.100,367.690,1.0000,-1,-1,-1
276,375,1129.180,509.830,152.950,343.020,1.0000,-1,-1,-1
276,376,1319.020,626.500,161.750,261.340,1.0000,-1,-1,-1
276,377,836.400,497.770,187.210,386.400,1.0000,-1,-1,-1
276,378,935.530,619.660,199.880,279.930,1.0000,-1,-1,-1
276,379,584.080,529.150,151.020,334.340,1.0000,-1,-1,-1
276,380,746.030,514.040,155.340,334.800,1.0000,-1,-1,-1
276,381,946.020,521.420,132.260,333.270,1.0000,-1,-1,-1
277,371,286.940,529.730,145.840,349.660,1.0000,-1,-1,-1
277,372,381.620,614.080,186.010,300.290,1.0000,-1,-1,-1
277,373,727.790,624.850,174.080,279.110,1.0000,-1,-1,-1
277,374,1386.850,495.140,165.760,357.260,1.0000,-1,-1,-1
277,375,1121.740,519.870,165.150,332.940,1.0000,-1,-1,-1
277,376,1316.840,631.990,165.290,255.770,1.0000,-1,-1,-1
277,377,834.360,495.080,190.460,388.920,1.0000,-1,-1,-1
277,378,934.710,620.300,201.020,279.420,1.0000,-1,-1,-1
277,379,583.510,532.760,154.040,330.440,1.0000,-1,-1,-1
277,380,743.320,523.410,152.740,325.570,1.0000,-1,-1,-1
277,381,948.880,516.040,131.550,338.500,1.0000,-1,-1,-1
278,371,287.290,530.210,145.720,349.220,1.0000,-1,-1,-1
278,372,381.930,616.650,186.020,297.660,1.0000,-1,-1,-1
278,373,726.400,627.050,176.480,276.940,1.0000,-1,-1,-1
278,374,1386.280,496.990,167.430,355.470,1.0000,-1,-1,-1
278,375,1119.510,520.420,168.360,332.390,1.0000,-1,-1,-1
278,376,1315.850,633.050,165.770,254.730,1.0000,-1,-1,-1
278,377,835.370,499.430,197.560,384.690,1.0000,-1,-1,-1
278,378,936.650,619.000,198.170,280.840,1.0000,-1,-1,-1
278,379,583.760,533.000,153.720,330.160,1.0000,-1,-1,-1
278,380,742.510,525.600,153.650,322.500,1.0000,-1,-1,-1
278,381,945.650,516.760,134.720,337.710,1.0000,-1,-1,-1
279,371,287.690,530.420,145.490,349.010,1.0000,-1,-1,-1
279,372,379.590,620.600,188.900,293.580,1.0000,-1,-1,-1
279,373,725.750,631.360,177.590,272.550,1.0000,-1,-1,-1
279,374,1386.620,497.460,167.780,354.950,1.0000,-1,-1,-1
279,375,1118.420,521.710,169.540,331.290,1.0000,-1,-1,-1
279,376,1314.530,633.390,167.060,254.400,1.0000,-1,-1,-1
279,377,836.610,500.670,202.560,383.600,1.0000,-1,-1,-1
279,378,936.670,620.400,194.620,279.340,1.0000,-1,-1,-1
279,379,584.920,533.260,152.190,330.070,1.0000,-1,-1,-1
279,380,742.310,527.030,152.850,321.240,1.0000,-1,-1,-1
279,381,944.390,520.350,137.030,334.000,1.0000,-1,-1,-1
280,371,288.200,530.560,144.610,348.860,1.0000,-1,-1,-1
280,372,379.110,620.810,189.420,293.380,1.0000,-1,-1,-1
280,373,725.510,631.840,177.760,272.100,1.0000,-1,-1,-1
280,374,1386.900,497.460,167.560,355.010,1.0000,-1,-1,-1
280,375,1118.940,521.470,168.960,331.570,1.0000,-1,-1,-1
280,376,1314.480,632.970,167.730,254.850,1.0000,-1,-1,-1
280,377,837.750,500.610,197.140,383.730,1.0000,-1,-1,-1
280,378,936.000,620.100,193.040,279.600,1.0000,-1,-1,-1
280,379,586.650,533.070,149.740,330.240,1.0000,-1,-1,-1
280,380,743.540,526.030,148.680,321.610,1.0000,-1,-1,-1
280,381,946.010,520.180,135.300,334.030,1.0000,-1,-1,-1
281,371,290.350,530.760,141.260,348.680,1.0000,-1,-1,-1
281,372,380.640,615.430,185.700,298.750,1.0000,-1,-1,-1
281,373,725.570,631.180,178.560,272.790,1.0000,-1,-1,-1
281,374,1389.670,496.430,164.310,356.060,1.0000,-1,-1,-1
281,375,1122.890,521.170,161.590,331.800,1.0000,-1,-1,-1
281,376,1317.070,631.520,164.240,256.360,1.0000,-1,-1,-1
281,377,836.360,498.250,189.550,386.010,1.0000,-1,-1,-1
281,378,943.950,621.210,174.640,278.440,1.0000,-1,-1,-1
281,379,588.780,531.780,144.480,331.430,1.0000,-1,-1,-1
281,380,746.770,518.550,142.380,327.840,1.0000,-1,-1,-1
281,381,946.290,518.970,133.690,335.410,1.0000,-1,-1,-1
282,371,291.980,530.770,138.270,348.650,1.0000,-1,-1,-1
282,372,381.300,611.430,182.770,302.800,1.0000,-1,-1,-1
282,373,726.770,632.640,177.770,271.410,1.0000,-1,-1,-1
282,374,1391.760,496.040,161.870,356.440,1.0000,-1,-1,-1
282,375,1125.480,520.890,156.500,332.130,1.0000,-1,-1,-1
282,376,1319.160,631.130,161.370,256.660,1.0000,-1,-1,-1
282,377,834.820,497.280,193.410,387.140,1.0000,-1,-1,-1
282,378,946.370,620.710,164.680,278.970,1.0000,-1,-1,-1
282,379,590.420,530.790,139.820,332.430,1.0000,-1,-1,-1
282,380,748.780,514.890,133.980,330.950,1.0000,-1,-1,-1
282,381,945.400,520.230,133.700,333.890,1.0000,-1,-1,-1
283,371,297.330,529.510,130.650,349.870,1.0000,-1,-1,-1
283,372,383.170,607.590,174.890,306.320,1.0000,-1,-1,-1
283,373,730.140,630.860,167.770,273.100,1.0000,-1,-1,-1
283,374,1398.500,494.970,154.330,357.450,1.0000,-1,-1,-1
283,375,1132.740,519.310,143.950,333.760,1.0000,-1,-1,-1
283,376,1324.250,629.850,153.560,257.950,1.0000,-1,-1,-1
283,377,834.920,495.400,196.550,389.120,1.0000,-1,-1,-1
283,378,957.410,621.210,141.800,278.580,1.0000,-1,-1,-1
283,379,594.490,529.570,128.190,333.560,1.0000,-1,-1,-1
283,380,751.960,509.210,121.270,337.220,1.0000,-1,-1,-1
283,381,948.170,523.480,129.130,330.990,1.0000,-1,-1,-1
284,371,299.780,527.840,127.420,351.510,1.0000,-1,-1,-1
284,372,383.950,605.700,171.330,308.130,1.0000,-1,-1,-1
284,373,732.920,630.760,163.260,273.190,1.0000,-1,-1,-1
284,374,1402.130,492.230,149.140,360.330,1.0000,-1,-1,-1
284,375,1136.100,517.800,137.790,335.230,1.0000,-1,-1,-1
284,376,1327.390,629.860,154.700,257.960,1.0000,-1,-1,-1
284,377,835.830,493.700,195.370,390.740,1.0000,-1,-1,-1
284,378,967.290,620.670,128.950,279.110,1.0000,-1,-1,-1
284,379,597.180,528.980,123.290,334.030,1.0000,-1,-1,-1
284,380,753.740,506.570,122.110,340.060,1.0000,-1,-1,-1
284,381,947.460,524.470,129.480,330.320,1.0000,-1,-1,-1
285,371,303.670,526.200,121.010,353.070,1.0000,-1,-1,-1
285,372,384.850,605.890,167.860,307.910,1.0000,-1,-1,-1
285,373,738.390,628.150,149.640,275.710,1.0000,-1,-1,-1
285,374,1410.630,488.060,138.290,364.420,1.0000,-1,-1,-1
285,375,1144.860,516.520,125.150,336.570,1.0000,-1,-1,-1
285,376,1328.690,632.170,162.320,255.710,1.0000,-1,-1,-1
285,377,836.640,491.420,195.590,392.760,1.0000,-1,-1,-1
285,378,979.860,619.730,112.690,279.990,1.0000,-1,-1,-1
285,379,602.620,529.640,116.640,333.480,1.0000,-1,-1,-1
285,380,756.380,501.050,125.490,346.390,1.0000,-1,-1,-1
285,381,941.950,529.310,132.490,325.790,1.0000,-1,-1,-1
286,371,305.220,525.580,118.190,353.760,1.0000,-1,-1,-1
286,372,385.260,604.420,166.450,309.480,1.0000,-1,-1,-1
286,373,740.730,625.340,143.760,278.380,1.0000,-1,-1,-1
286,374,1413.750,489.610,134.900,362.900,1.0000,-1,-1,-1
286,375,1147.820,516.740,120.300,336.370,1.0000,-1,-1,-1
286,376,1329.280,633.130,158.030,254.720,1.0000,-1,-1,-1
286,377,841.010,489.650,191.220,394.530,1.0000,-1,-1,-1
286,378,984.520,619.820,106.380,279.740,1.0000,-1,-1,-1
286,379,604.980,530.650,114.520,332.500,1.0000,-1,-1,-1
286,380,758.580,500.810,126.610,345.990,1.0000,-1,-1,-1
286,381,946.700,527.740,127.610,327.430,1.0000,-1,-1,-1
287,371,307.560,524.830,113.010,354.640,1.0000,-1,-1,-1
287,372,389.050,603.290,160.520,310.620,1.0000,-1,-1,-1
287,373,745.020,625.640,135.060,278.140,1.0000,-1,-1,-1
287,374,1416.820,494.200,130.310,358.100,1.0000,-1,-1,-1
287,375,1151.100,514.630,115.340,338.500,1.0000,-1,-1,-1
287,376,1328.470,633.860,136.300,253.810,1.0000,-1,-1,-1
287,377,845.180,491.410,189.930,392.710,1.0000,-1,-1,-1
287,378,983.720,620.830,108.190,278.920,1.0000,-1,-1,-1
287,379,609.670,530.820,109.860,332.480,1.0000,-1,-1,-1
287,380,763.190,503.100,123.480,344.840,1.0000,-1,-1,-1
287,381,947.830,529.910,126.080,325.250,1.0000,-1,-1,-1
288,371,308.520,523.140,110.880,356.300,1.0000,-1,-1,-1
288,372,387.160,605.750,161.470,308.170,1.0000,-1,-1,-1
288,373,746.750,626.310,131.170,277.440,1.0000,-1,-1,-1
288,374,1416.720,493.090,129.030,359.190,1.0000,-1,-1,-1
288,375,1151.390,514.590,114.430,338.560,1.0000,-1,-1,-1
288,376,1328.690,634.290,132.940,253.310,1.0000,-1,-1,-1
288,377,846.260,493.190,191.990,390.990,1.0000,-1,-1,-1
288,378,984.750,620.590,111.650,279.090,1.0000,-1,-1,-1
288,379,611.710,530.150,107.140,333.050,1.0000,-1,-1,-1
288,380,765.990,504.280,117.620,341.100,1.0000,-1,-1,-1
288,381,951.690,530.120,122.380,324.930,1.0000,-1,-1,-1
289,371,311.870,519.810,107.340,359.740,1.0000,-1,-1,-1
289,372,387.100,606.650,160.290,307.200,1.0000,-1,-1,-1
289,373,752.230,624.780,120.650,278.700,1.0000,-1,-1,-1
289,374,1417.240,491.000,127.010,361.300,1.0000,-1,-1,-1
289,375,1151.290,515.530,112.250,337.630,1.0000,-1,-1,-1
289,376,1329.890,631.270,134.090,256.400,1.0000,-1,-1,-1
289,377,849.020,497.350,175.390,386.840,1.0000,-1,-1,-1
289,378,985.590,617.580,117.390,282.110,1.0000,-1,-1,-1
289,379,615.070,530.290,102.320,333.010,1.0000,-1,-1,-1
289,380,769.840,506.270,108.520,338.700,1.0000,-1,-1,-1
289,381,956.890,530.600,116.140,324.480,1.0000,-1,-1,-1
290,371,312.560,516.960,108.910,362.620,1.0000,-1,-1,-1
290,372,386.740,607.680,160.150,306.180,1.0000,-1,-1,-1
290,373,754.570,625.550,117.250,277.930,1.0000,-1,-1,-1
290,374,1417.430,491.290,126.190,360.980,1.0000,-1,-1,-1
290,375,1151.780,516.320,110.490,336.780,1.0000,-1,-1,-1
290,376,1329.980,624.850,133.460,262.810,1.0000,-1,-1,-1
290,377,853.260,498.220,158.650,385.930,1.0000,-1,-1,-1
290,378,986.580,615.660,120.130,284.170,1.0000,-1,-1,-1
290,379,615.440,530.220,100.790,333.130,1.0000,-1,-1,-1
290,380,770.880,508.010,110.770,336.380,1.0000,-1,-1,-1
290,381,957.850,531.170,114.310,323.850,1.0000,-1,-1,-1
291,371,313.520,513.770,109.160,365.800,1.0000,-1,-1,-1
291,372,387.380,609.190,158.490,304.710,1.0000,-1,-1,-1
291,373,757.430,626.320,109.730,277.160,1.0000,-1,-1,-1
291,374,1417.750,493.250,125.210,359.030,1.0000,-1,-1,-1
291,375,1152.660,517.400,107.520,335.680,1.0000,-1,-1,-1
291,376,1330.010,619.930,133.480,267.680,1.0000,-1,-1,-1
291,377,862.410,504.080,147.030,380.170,1.0000,-1,-1,-1
291,378,988.120,612.470,122.060,287.420,1.0000,-1,-1,-1
291,379,616.990,526.890,96.220,335.890,1.0000,-1,-1,-1
291,380,773.010,510.860,108.690,336.190,1.0000,-1,-1,-1
291,381,959.440,531.700,111.460,323.460,1.0000,-1,-1,-1
292,371,314.190,510.310,109.390,369.210,1.0000,-1,-1,-1
292,372,387.670,606.910,158.000,306.930,1.0000,-1,-1,-1
292,373,758.770,626.550,106.150,276.940,1.0000,-1,-1,-1
292,374,1418.100,492.620,123.930,359.700,1.0000,-1,-1,-1
292,375,1152.990,517.410,106.840,335.620,1.0000,-1,-1,-1
292,376,1329.890,616.890,133.100,270.750,1.0000,-1,-1,-1
292,377,866.090,505.550,136.940,378.590,1.0000,-1,-1,-1
292,378,986.620,611.890,125.340,287.940,1.0000,-1,-1,-1
292,379,617.330,525.460,94.600,337.190,1.0000,-1,-1,-1
292,380,773.380,509.830,110.230,337.640,1.0000,-1,-1,-1
292,381,957.870,531.280,112.380,323.830,1.0000,-1,-1,-1
293,371,317.460,500.750,103.960,379.050,1.0000,-1,-1,-1
293,372,389.000,607.340,156.450,306.380,1.0000,-1,-1,-1
293,373,761.990,624.020,100.900,279.450,1.0000,-1,-1,-1
293,374,1416.640,492.970,124.690,359.590,1.0000,-1,-1,-1
293,375,1153.960,517.380,105.700,335.210,1.0000,-1,-1,-1
293,376,1329.380,622.570,130.520,265.440,1.0000,-1,-1,-1
293,377,872.980,507.620,128.200,376.580,1.0000,-1,-1,-1
293,378,986.550,613.150,123.490,286.670,1.0000,-1,-1,-1
293,379,614.670,520.230,95.350,341.910,1.0000,-1,-1,-1
293,380,774.980,512.760,110.890,336.010,1.0000,-1,-1,-1
293,381,958.640,530.680,109.760,325.090,1.0000,-1,-1,-1
294,371,319.050,496.710,101.780,383.070,1.0000,-1,-1,-1
294,372,388.170,610.570,156.210,303.170,1.0000,-1,-1,-1
294,373,761.740,621.440,102.730,282.060,1.0000,-1,-1,-1
294,374,1417.490,494.310,123.910,358.200,1.0000,-1,-1,-1
294,375,1150.810,517.240,108.700,335.410,1.0000,-1,-1,-1
294,376,1329.240,626.680,126.110,261.430,1.0000,-1,-1,-1
294,377,875.330,509.360,130.310,374.820,1.0000,-1,-1,-1
294,378,985.490,615.220,124.410,284.690,1.0000,-1,-1,-1
294,379,613.380,518.310,95.620,343.920,1.0000,-1,-1,-1
294,380,775.880,511.400,109.800,336.750,1.0000,-1,-1,-1
294,381,965.250,530.710,102.190,325.140,1.0000,-1,-1,-1
295,371,317.950,491.510,104.510,388.390,1.0000,-1,-1,-1
295,372,387.790,618.390,153.440,295.470,1.0000,-1,-1,-1
295,373,759.850,621.600,107.690,281.870,1.0000,-1,-1,-1
295,374,1417.620,497.690,122.330,354.670,1.0000,-1,-1,-1
295,375,1141.580,519.480,116.290,333.330,1.0000,-1,-1,-1
295,376,1329.460,634.490,124.680,253.440,1.0000,-1,-1,-1
295,377,879.680,499.440,133.840,385.060,1.0000,-1,-1,-1
295,378,985.120,619.570,127.010,280.210,1.0000,-1,-1,-1
295,379,610.580,508.250,99.800,354.240,1.0000,-1,-1,-1
295,380,777.530,511.890,108.300,341.180,1.0000,-1,-1,-1
295,381,965.680,531.230,99.300,324.330,1.0000,-1,-1,-1
296,371,316.350,494.960,107.390,385.010,1.0000,-1,-1,-1
296,372,387.910,617.530,151.050,296.310,1.0000,-1,-1,-1
296,373,758.940,623.030,109.530,280.460,1.0000,-1,-1,-1
296,374,1417.470,500.040,122.010,352.490,1.0000,-1,-1,-1
296,375,1140.210,520.750,120.410,332.090,1.0000,-1,-1,-1
296,376,1327.340,636.460,127.260,251.480,1.0000,-1,-1,-1
296,377,879.610,497.920,122.460,386.610,1.0000,-1,-1,-1
296,378,987.930,618.500,121.850,281.350,1.0000,-1,-1,-1
296,379,609.580,511.920,99.410,350.510,1.0000,-1,-1,-1
296,380,778.760,512.370,106.940,340.910,1.0000,-1,-1,-1
296,381,966.770,531.340,95.940,324.140,1.0000,-1,-1,-1
297,371,310.810,511.210,109.630,368.750,1.0000,-1,-1,-1
297,372,387.940,623.100,144.910,290.640,1.0000,-1,-1,-1
297,373,758.840,644.620,104.710,258.600,1.0000,-1,-1,-1
297,374,1416.600,510.720,118.080,341.990,1.0000,-1,-1,-1
297,375,1138.160,527.950,115.510,324.990,1.0000,-1,-1,-1
297,376,1327.950,639.270,141.610,248.230,1.0000,-1,-1,-1
297,377,881.410,480.410,125.120,403.800,1.0000,-1,-1,-1
297,378,984.810,617.250,121.230,282.670,1.0000,-1,-1,-1
297,379,609.610,537.740,99.810,324.760,1.0000,-1,-1,-1
297,380,780.580,513.530,106.760,340.340,1.0000,-1,-1,-1
297,381,969.800,531.490,91.730,324.000,1.0000,-1,-1,-1
298,371,313.240,527.680,109.250,352.230,1.0000,-1,-1,-1
298,372,388.180,624.600,143.480,288.980,1.0000,-1,-1,-1
298,373,756.830,642.300,109.400,260.980,1.0000,-1,-1,-1
298,374,1415.610,511.820,119.820,340.850,1.0000,-1,-1,-1
298,375,1137.590,528.610,115.740,324.150,1.0000,-1,-1,-1
298,376,1327.090,639.610,139.870,247.260,1.0000,-1,-1,-1
298,377,880.580,492.830,123.920,391.410,1.0000,-1,-1,-1
298,378,982.490,617.850,122.020,282.090,1.0000,-1,-1,-1
298,379,608.910,538.830,100.980,323.520,1.0000,-1,-1,-1
298,380,780.310,520.730,105.290,333.770,1.0000,-1,-1,-1
298,381,969.200,531.010,92.400,324.590,1.0000,-1,-1,-1
299,371,313.190,533.980,111.860,345.930,1.0000,-1,-1,-1
299,372,388.740,626.080,141.380,287.350,1.0000,-1,-1,-1
299,373,760.690,641.400,101.650,261.460,1.0000,-1,-1,-1
299,374,1413.720,512.950,127.630,339.410,1.0000,-1,-1,-1
299,375,1141.450,529.460,112.460,322.810,1.0000,-1,-1,-1
299,376,1328.660,635.700,125.970,251.080,1.0000,-1,-1,-1
299,377,878.390,498.330,119.810,385.930,1.0000,-1,-1,-1
299,378,981.850,618.250,122.340,281.340,1.0000,-1,-1,-1
299,379,606.160,539.430,106.950,322.960,1.0000,-1,-1,-1
299,380,779.980,530.210,101.910,322.100,1.0000,-1,-1,-1
299,381,964.520,530.770,97.540,324.730,1.0000,-1,-1,-1
300,371,313.360,534.450,112.120,345.370,1.0000,-1,-1,-1
300,372,389.720,625.970,139.000,287.460,1.0000,-1,-1,-1
300,373,761.760,640.780,100.490,262.040,1.0000,-1,-1,-1
300,374,1413.460,512.930,128.590,339.420,1.0000,-1,-1,-1
300,375,1146.440,529.440,107.910,322.670,1.0000,-1,-1,-1
300,376,1326.730,630.850,132.360,255.880,1.0000,-1,-1,-1
300,377,880.640,498.290,117.640,385.760,1.0000,-1,-1,-1
300,378,984.350,617.730,119.890,281.500,1.0000,-1,-1,-1
300,379,604.140,539.020,111.390,323.470,1.0000,-1,-1,-1
300,380,779.850,530.920,99.940,322.220,1.0000,-1,-1,-1
300,381,960.390,530.640,103.630,324.700,1.0000,-1,-1,-1
301,371,314.320,534.710,111.050,345.090,1.0000,-1,-1,-1
301,372,387.050,621.820,139.610,287.120,1.0000,-1,-1,-1
301,373,761.200,641.800,105.070,260.710,1.0000,-1,-1,-1
301,374,1414.720,511.960,125.150,340.310,1.0000,-1,-1,-1
301,375,1153.570,529.040,106.830,323.580,1.0000,-1,-1,-1
301,376,1325.830,617.280,167.700,269.760,1.0000,-1,-1,-1
301,377,884.830,501.600,112.160,382.400,1.0000,-1,-1,-1
301,378,989.740,618.010,106.530,277.090,1.0000,-1,-1,-1
301,379,605.350,537.550,114.380,325.410,1.0000,-1,-1,-1
301,380,779.980,531.280,96.670,325.070,1.0000,-1,-1,-1
301,381,952.920,529.960,117.340,325.760,1.0000,-1,-1,-1
302,371,314.280,534.030,111.030,345.840,1.0000,-1,-1,-1
302,372,386.680,616.780,140.270,291.660,1.0000,-1,-1,-1
302,373,758.820,643.410,108.610,258.780,1.0000,-1,-1,-1
302,374,1414.040,510.720,120.940,341.480,1.0000,-1,-1,-1
302,375,1153.380,527.840,107.110,324.380,1.0000,-1,-1,-1
302,376,1326.770,609.860,165.640,277.120,1.0000,-1,-1,-1
302,377,883.540,503.840,105.970,380.280,1.0000,-1,-1,-1
302,378,988.620,615.160,112.900,277.760,1.0000,-1,-1,-1
302,379,608.620,536.620,112.320,326.510,1.0000,-1,-1,-1
302,380,779.960,531.030,96.220,324.470,1.0000,-1,-1,-1
302,381,950.190,529.420,124.010,325.250,1.0000,-1,-1,-1
303,371,317.710,534.310,100.090,345.360,1.0000,-1,-1,-1
303,372,375.900,604.030,163.100,303.950,1.0000,-1,-1,-1
303,373,744.950,644.040,133.090,254.160,1.0000,-1,-1,-1
303,374,1413.120,504.200,120.540,347.970,1.0000,-1,-1,-1
303,375,1152.860,524.560,112.510,327.820,1.0000,-1,-1,-1
303,376,1324.400,590.700,114.670,296.010,1.0000,-1,-1,-1
303,377,881.650,507.630,108.520,376.460,1.0000,-1,-1,-1
303,378,972.700,609.950,148.410,283.720,1.0000,-1,-1,-1
303,379,607.870,534.640,113.820,327.660,1.0000,-1,-1,-1
303,380,770.890,526.100,110.750,323.510,1.0000,-1,-1,-1
303,381,953.840,529.490,127.100,324.470,1.0000,-1,-1,-1
304,371,316.440,534.300,105.650,345.330,1.0000,-1,-1,-1
304,372,367.950,595.990,180.960,311.870,1.0000,-1,-1,-1
304,373,735.480,642.600,151.120,255.180,1.0000,-1,-1,-1
304,374,1412.050,500.080,124.560,352.190,1.0000,-1,-1,-1
304,375,1153.140,522.680,116.480,329.570,1.0000,-1,-1,-1
304,376,1316.660,580.820,124.580,305.970,1.0000,-1,-1,-1
304,377,881.170,509.090,105.530,375.050,1.0000,-1,-1,-1
304,378,963.790,596.390,167.890,297.530,1.0000,-1,-1,-1
304,379,603.210,534.520,118.520,327.120,1.0000,-1,-1,-1
304,380,762.460,522.850,122.320,320.050,1.0000,-1,-1,-1
304,381,954.460,529.440,129.270,323.700,1.0000,-1,-1,-1
305,371,305.260,533.710,128.210,345.700,1.0000,-1,-1,-1
305,372,359.810,577.070,208.310,330.790,1.0000,-1,-1,-1
305,373,720.390,633.640,180.130,263.910,1.0000,-1,-1,-1
305,374,1415.650,492.980,126.670,359.280,1.0000,-1,-1,-1
305,375,1149.250,520.250,126.590,332.350,1.0000,-1,-1,-1
305,376,1305.600,559.970,192.570,326.930,1.0000,-1,-1,-1
305,377,880.190,509.780,108.370,374.350,1.0000,-1,-1,-1
305,378,949.360,588.400,195.550,305.500,1.0000,-1,-1,-1
305,379,595.750,535.180,124.280,327.460,1.0000,-1,-1,-1
305,380,750.690,518.440,140.260,333.940,1.0000,-1,-1,-1
305,381,951.100,529.800,136.140,323.860,1.0000,-1,-1,-1
306,371,301.190,532.800,135.980,346.650,1.0000,-1,-1,-1
306,372,361.320,566.710,213.620,341.400,1.0000,-1,-1,-1
306,373,717.770,628.670,186.170,268.990,1.0000,-1,-1,-1
306,374,1412.960,492.530,130.690,359.590,1.0000,-1,-1,-1
306,375,1141.810,520.250,135.510,332.280,1.0000,-1,-1,-1
306,376,1302.030,549.780,166.580,337.160,1.0000,-1,-1,-1
306,377,879.980,509.440,113.460,374.470,1.0000,-1,-1,-1
306,378,947.630,583.950,200.690,309.860,1.0000,-1,-1,-1
306,379,593.860,536.100,131.220,327.260,1.0000,-1,-1,-1
306,380,747.280,517.430,142.680,342.150,1.0000,-1,-1,-1
306,381,947.600,530.230,141.630,323.930,1.0000,-1,-1,-1
307,371,295.880,531.120,154.760,348.510,1.0000,-1,-1,-1
307,372,373.740,543.620,209.670,364.330,1.0000,-1,-1,-1
307,373,723.570,613.880,187.780,284.000,1.0000,-1,-1,-1
307,374,1398.930,493.100,145.690,359.310,1.0000,-1,-1,-1
307,375,1129.670,520.440,149.310,332.110,1.0000,-1,-1,-1
307,376,1305.610,533.140,180.330,353.780,1.0000,-1,-1,-1
307,377,876.140,505.350,131.400,378.520,1.0000,-1,-1,-1
307,378,944.390,565.730,207.930,328.020,1.0000,-1,-1,-1
307,379,590.260,537.500,148.110,326.770,1.0000,-1,-1,-1
307,380,740.490,516.230,154.670,343.950,1.0000,-1,-1,-1
307,381,943.360,530.990,146.810,323.300,1.0000,-1,-1,-1
308,371,293.880,531.430,151.330,348.110,1.0000,-1,-1,-1
308,372,376.370,532.600,209.510,375.440,1.0000,-1,-1,-1
308,373,726.560,607.050,185.820,290.890,1.0000,-1,-1,-1
308,374,1393.660,494.210,150.970,358.460,1.0000,-1,-1,-1
308,375,1125.250,520.750,154.770,331.630,1.0000,-1,-1,-1
308,376,1312.070,526.260,171.690,360.420,1.0000,-1,-1,-1
308,377,873.130,503.340,137.420,380.580,1.0000,-1,-1,-1
308,378,947.450,558.380,204.180,335.270,1.0000,-1,-1,-1
308,379,589.410,537.690,153.360,326.760,1.0000,-1,-1,-1
308,380,738.750,515.900,158.070,344.000,1.0000,-1,-1,-1
308,381,944.240,531.540,145.740,322.620,1.0000,-1,-1,-1
309,371,291.050,531.610,150.080,348.010,1.0000,-1,-1,-1
309,372,360.370,511.100,229.610,397.430,1.0000,-1,-1,-1
309,373,731.650,593.300,183.840,304.480,1.0000,-1,-1,-1
309,374,1382.270,495.690,163.300,356.920,1.0000,-1,-1,-1
309,375,1116.510,521.520,166.120,330.490,1.0000,-1,-1,-1
309,376,1296.650,516.810,192.430,369.660,1.0000,-1,-1,-1
309,377,887.520,499.170,110.410,384.990,1.0000,-1,-1,-1
309,378,949.140,542.410,202.930,351.090,1.0000,-1,-1,-1
309,379,590.580,538.390,159.340,326.740,1.0000,-1,-1,-1
309,380,735.770,515.840,163.010,343.200,1.0000,-1,-1,-1
309,381,945.000,534.390,122.920,319.820,1.0000,-1,-1,-1
310,371,289.940,531.750,149.610,347.850,1.0000,-1,-1,-1
310,372,361.000,501.100,230.160,407.400,1.0000,-1,-1,-1
310,373,731.780,588.070,189.980,309.530,1.0000,-1,-1,-1
310,374,1394.260,496.490,150.650,356.090,1.0000,-1,-1,-1
310,375,1111.580,521.910,171.980,330.090,1.0000,-1,-1,-1
310,376,1288.080,512.070,199.300,374.200,1.0000,-1,-1,-1
310,377,862.760,497.200,138.180,386.790,1.0000,-1,-1,-1
310,378,950.370,535.760,201.670,357.320,1.0000,-1,-1,-1
310,379,591.870,538.040,158.880,326.410,1.0000,-1,-1,-1
310,380,735.190,516.170,162.780,342.210,1.0000,-1,-1,-1
310,381,947.490,535.530,134.280,318.780,1.0000,-1,-1,-1
311,371,288.810,531.550,153.100,348.020,1.0000,-1,-1,-1
311,372,366.480,483.360,225.340,425.520,1.0000,-1,-1,-1
311,373,731.620,568.780,188.740,329.040,1.0000,-1,-1,-1
311,374,1368.160,501.890,177.960,354.330,1.0000,-1,-1,-1
311,375,1107.070,523.500,177.190,328.160,1.0000,-1,-1,-1
311,376,1290.280,511.310,258.620,375.840,1.0000,-1,-1,-1
311,377,876.360,494.440,122.940,389.590,1.0000,-1,-1,-1
311,378,960.870,525.830,198.990,367.420,1.0000,-1,-1,-1
311,379,586.910,535.970,162.520,327.520,1.0000,-1,-1,-1
311,380,738.500,516.670,160.970,340.980,1.0000,-1,-1,-1
311,381,916.150,536.630,147.190,317.610,1.0000,-1,-1,-1
312,371,288.450,531.710,155.380,347.880,1.0000,-1,-1,-1
312,372,368.090,477.630,224.200,430.640,1.0000,-1,-1,-1
312,373,730.630,559.630,185.980,338.080,1.0000,-1,-1,-1
312,374,1363.210,503.990,181.990,347.400,1.0000,-1,-1,-1
312,375,1104.710,524.830,178.420,326.630,1.0000,-1,-1,-1
312,376,1303.950,512.760,243.320,374.490,1.0000,-1,-1,-1
312,377,882.430,494.760,119.660,388.600,1.0000,-1,-1,-1
312,378,963.560,521.680,201.820,371.550,1.0000,-1,-1,-1
312,379,583.080,534.540,180.220,329.010,1.0000,-1,-1,-1
312,380,727.020,516.210,170.500,341.920,1.0000,-1,-1,-1
312,381,924.630,538.330,133.330,316.380,1.0000,-1,-1,-1
313,371,288.440,532.370,156.620,346.640,1.0000,-1,-1,-1
313,372,370.770,472.840,221.810,434.280,1.0000,-1,-1,-1
313,373,730.670,545.900,211.830,351.810,1.0000,-1,-1,-1
313,374,1356.200,507.750,187.650,343.780,1.0000,-1,-1,-1
313,375,1108.790,526.260,167.660,325.370,1.0000,-1,-1,-1
313,376,1328.010,520.380,198.700,366.880,1.0000,-1,-1,-1
313,377,855.010,497.610,160.040,385.760,1.0000,-1,-1,-1
313,378,959.890,515.500,225.510,377.610,1.0000,-1,-1,-1
313,379,564.230,532.520,176.000,331.030,1.0000,-1,-1,-1
313,380,736.440,516.980,155.160,340.240,1.0000,-1,-1,-1
313,381,917.900,539.820,139.800,314.730,1.0000,-1,-1,-1
314,371,288.180,532.680,152.960,346.270,1.0000,-1,-1,-1
314,372,376.760,473.650,215.680,433.490,1.0000,-1,-1,-1
314,373,705.690,539.030,232.970,358.730,1.0000,-1,-1,-1
314,374,1354.320,510.040,189.230,341.720,1.0000,-1,-1,-1
314,375,1112.750,527.460,158.880,324.250,1.0000,-1,-1,-1
314,376,1340.870,520.280,180.440,366.770,1.0000,-1,-1,-1
314,377,882.640,499.620,123.480,383.770,1.0000,-1,-1,-1
314,378,959.710,513.050,228.180,379.890,1.0000,-1,-1,-1
314,379,560.890,533.240,211.970,332.190,1.0000,-1,-1,-1
314,380,738.830,515.970,155.850,341.020,1.0000,-1,-1,-1
314,381,912.180,539.960,148.940,314.220,1.0000,-1,-1,-1
315,371,289.510,532.190,144.280,347.290,1.0000,-1,-1,-1
315,372,382.890,478.550,205.030,428.610,1.0000,-1,-1,-1
315,373,752.510,524.100,142.060,373.610,1.0000,-1,-1,-1
315,374,1361.920,512.980,168.920,339.530,1.0000,-1,-1,-1
315,375,1125.690,529.050,155.410,322.700,1.0000,-1,-1,-1
315,376,1356.140,512.740,176.050,373.970,1.0000,-1,-1,-1
315,377,885.840,504.460,115.140,378.770,1.0000,-1,-1,-1
315,378,969.340,509.490,239.060,383.570,1.0000,-1,-1,-1
315,379,564.280,534.300,199.080,338.200,1.0000,-1,-1,-1
315,380,730.670,516.800,161.750,340.410,1.0000,-1,-1,-1
315,381,913.160,539.760,154.440,314.420,1.0000,-1,-1,-1
316,371,290.080,531.730,138.630,347.660,1.0000,-1,-1,-1
316,372,386.190,479.430,197.870,427.610,1.0000,-1,-1,-1
316,373,761.000,520.820,129.190,377.040,1.0000,-1,-1,-1
316,374,1370.380,514.240,145.260,338.300,1.0000,-1,-1,-1
316,375,1129.430,530.180,159.190,321.680,1.0000,-1,-1,-1
316,376,1363.360,513.190,161.160,372.290,1.0000,-1,-1,-1
316,377,886.680,506.510,116.560,376.580,1.0000,-1,-1,-1
316,378,977.780,508.580,227.820,384.370,1.0000,-1,-1,-1
316,379,573.430,534.710,178.220,337.710,1.0000,-1,-1,-1
316,380,719.770,518.310,168.660,340.720,1.0000,-1,-1,-1
316,381,911.850,539.400,138.950,314.830,1.0000,-1,-1,-1
317,371,292.110,531.860,158.550,346.640,1.0000,-1,-1,-1
317,372,365.870,482.170,201.440,413.810,1.0000,-1,-1,-1
317,373,785.190,519.850,129.110,373.970,1.0000,-1,-1,-1
317,375,1126.830,532.090,172.320,319.700,1.0000,-1,-1,-1
317,376,1335.330,513.300,211.150,369.460,1.0000,-1,-1,-1
317,377,880.630,510.820,120.110,371.950,1.0000,-1,-1,-1
317,378,1003.330,509.080,196.330,370.750,1.0000,-1,-1,-1
317,379,598.800,536.910,141.130,335.800,1.0000,-1,-1,-1
317,380,716.600,524.600,149.730,334.440,1.0000,-1,-1,-1
317,381,939.930,539.880,116.400,312.230,1.0000,-1,-1,-1
318,371,293.520,532.280,159.880,346.480,1.0000,-1,-1,-1
318,372,373.950,483.700,188.020,411.240,1.0000,-1,-1,-1
318,373,787.840,521.310,121.300,370.250,1.0000,-1,-1,-1
318,374,1375.780,520.120,159.470,328.830,1.0000,-1,-1,-1
318,375,1120.520,532.730,180.040,318.650,1.0000,-1,-1,-1
318,376,1329.930,512.680,229.600,367.810,1.0000,-1,-1,-1
318,377,881.250,512.460,120.990,370.700,1.0000,-1,-1,-1
318,378,1026.190,510.600,174.090,368.920,1.0000,-1,-1,-1
318,379,613.370,538.590,126.120,333.880,1.0000,-1,-1,-1
318,380,720.620,528.750,145.940,326.120,1.0000,-1,-1,-1
318,381,942.200,540.200,111.260,307.510,1.0000,-1,-1,-1
319,371,281.190,534.050,168.400,343.980,1.0000,-1,-1,-1
319,372,372.080,487.600,184.930,407.200,1.0000,-1,-1,-1
319,373,796.790,520.610,104.980,370.360,1.0000,-1,-1,-1
319,374,1337.330,519.800,157.910,329.100,1.0000,-1,-1,-1
319,375,1117.600,534.520,172.360,316.590,1.0000,-1,-1,-1
319,376,1401.710,511.940,143.770,363.040,1.0000,-1,-1,-1
319,377,883.950,515.360,124.940,368.180,1.0000,-1,-1,-1
319,378,1048.540,513.770,151.230,365.710,1.0000,-1,-1,-1
319,379,619.210,541.450,138.330,331.310,1.0000,-1,-1,-1
319,380,727.430,539.320,137.540,318.460,1.0000,-1,-1,-1
319,381,943.700,540.970,102.970,303.380,1.0000,-1,-1,-1
319,382,883.140,549.090,89.130,290.670,1.0000,-1,-1,-1
320,371,266.910,535.820,176.950,343.050,1.0000,-1,-1,-1
320,372,376.230,489.360,175.630,405.660,1.0000,-1,-1,-1
320,373,804.050,517.170,97.390,373.590,1.0000,-1,-1,-1
320,374,1342.220,520.330,148.570,329.610,1.0000,-1,-1,-1
320,375,1116.830,534.680,162.350,316.720,1.0000,-1,-1,-1
320,376,1379.450,511.950,166.020,361.870,1.0000,-1,-1,-1
320,377,893.100,516.080,133.030,367.520,1.0000,-1,-1,-1
320,378,1057.070,515.650,143.100,364.010,1.0000,-1,-1,-1
320,379,620.990,542.340,144.600,330.660,1.0000,-1,-1,-1
320,380,726.380,542.940,130.970,316.160,1.0000,-1,-1,-1
320,381,949.800,541.470,94.710,302.850,1.0000,-1,-1,-1
320,382,880.240,550.940,89.240,289.130,1.0000,-1,-1,-1
321,371,252.520,539.910,221.990,339.650,1.0000,-1,-1,-1
321,372,348.570,493.230,192.420,402.060,1.0000,-1,-1,-1
321,373,806.280,507.300,102.070,383.550,1.0000,-1,-1,-1
321,374,1336.510,521.410,148.530,328.570,1.0000,-1,-1,-1
321,375,1113.150,530.200,134.340,321.300,1.0000,-1,-1,-1
321,376,1415.930,514.160,129.980,359.840,1.0000,-1,-1,-1
321,377,909.600,514.350,130.840,369.340,1.0000,-1,-1,-1
321,378,1054.990,518.030,145.400,361.160,1.0000,-1,-1,-1
321,379,625.220,543.220,158.220,329.410,1.0000,-1,-1,-1
321,380,701.310,546.540,169.930,314.350,1.0000,-1,-1,-1
321,381,936.310,542.260,105.910,299.690,1.0000,-1,-1,-1
321,382,853.960,553.340,109.020,287.380,1.0000,-1,-1,-1
322,371,263.780,542.280,218.830,330.740,1.0000,-1,-1,-1
322,372,322.770,494.510,211.510,400.940,1.0000,-1,-1,-1
322,373,806.140,504.110,103.030,386.650,1.0000,-1,-1,-1
322,374,1318.510,521.080,167.610,328.560,1.0000,-1,-1,-1
322,375,1104.810,526.440,131.080,325.130,1.0000,-1,-1,-1
322,376,1416.380,516.440,130.940,357.620,1.0000,-1,-1,-1
322,377,909.690,513.040,155.760,370.950,1.0000,-1,-1,-1
322,378,1048.640,518.400,152.110,360.800,1.0000,-1,-1,-1
322,379,627.180,543.160,175.570,329.900,1.0000,-1,-1,-1
322,380,683.550,547.470,174.660,309.410,1.0000,-1,-1,-1
322,382,834.960,553.470,126.430,290.290,1.0000,-1,-1,-1
323,371,299.710,543.590,203.660,336.080,1.0000,-1,-1,-1
323,372,281.480,495.800,242.180,400.570,1.0000,-1,-1,-1
323,373,800.390,503.430,131.110,386.530,1.0000,-1,-1,-1
323,374,1302.330,516.360,185.850,335.920,1.0000,-1,-1,-1
323,375,1094.900,520.330,135.170,330.840,1.0000,-1,-1,-1
323,376,1412.900,521.500,135.750,352.910,1.0000,-1,-1,-1
323,377,906.450,507.300,192.410,380.670,1.0000,-1,-1,-1
323,378,1037.810,517.490,162.890,361.200,1.0000,-1,-1,-1
323,379,625.230,536.830,191.880,336.540,1.0000,-1,-1,-1
323,380,661.040,545.430,187.100,309.900,1.0000,-1,-1,-1
323,382,830.980,551.500,129.730,289.710,1.0000,-1,-1,-1
324,371,320.400,542.520,187.120,337.110,1.0000,-1,-1,-1
324,372,274.640,496.190,248.700,403.400,1.0000,-1,-1,-1
324,373,799.760,505.900,163.560,384.420,1.0000,-1,-1,-1
324,374,1296.230,512.190,192.540,340.720,1.0000,-1,-1,-1
324,375,1084.930,517.770,144.580,333.800,1.0000,-1,-1,-1
324,376,1417.130,523.990,129.130,350.230,1.0000,-1,-1,-1
324,377,914.830,504.060,196.100,382.550,1.0000,-1,-1,-1
324,378,1035.560,515.760,164.140,363.020,1.0000,-1,-1,-1
324,379,624.010,532.090,207.900,341.420,1.0000,-1,-1,-1
324,380,652.240,542.770,195.650,311.290,1.0000,-1,-1,-1
325,372,271.880,492.780,248.200,408.430,1.0000,-1,-1,-1
325,373,794.250,516.900,186.330,375.030,1.0000,-1,-1,-1
325,374,1294.470,506.110,184.070,347.120,1.0000,-1,-1,-1
325,375,1074.280,516.660,150.290,337.540,1.0000,-1,-1,-1
325,376,1420.240,526.090,120.200,347.870,1.0000,-1,-1,-1
325,377,940.690,499.480,178.580,388.410,1.0000,-1,-1,-1
325,378,1020.970,514.160,166.130,361.190,1.0000,-1,-1,-1
325,379,642.700,523.240,206.460,349.590,1.0000,-1,-1,-1
325,381,939.200,539.730,107.340,304.010,1.0000,-1,-1,-1
326,372,271.980,489.980,241.610,411.310,1.0000,-1,-1,-1
326,373,793.680,521.560,198.080,372.540,1.0000,-1,-1,-1
326,374,1294.440,503.230,182.900,349.860,1.0000,-1,-1,-1
326,375,1066.820,516.940,147.230,338.210,1.0000,-1,-1,-1
326,376,1418.750,525.260,118.370,348.600,1.0000,-1,-1,-1
326,377,956.150,498.230,165.550,389.370,1.0000,-1,-1,-1
326,378,997.320,514.180,188.910,355.070,1.0000,-1,-1,-1
326,379,660.050,520.600,191.630,353.670,1.0000,-1,-1,-1
326,380,639.190,543.200,204.190,314.550,1.0000,-1,-1,-1
326,381,947.030,549.500,89.460,294.010,1.0000,-1,-1,-1
327,371,339.660,525.810,166.210,349.880,1.0000,-1,-1,-1
327,372,272.840,487.810,202.940,413.280,1.0000,-1,-1,-1
327,373,803.870,524.870,186.330,371.020,1.0000,-1,-1,-1
327,374,1294.860,498.660,152.360,354.150,1.0000,-1,-1,-1
327,375,1038.830,517.400,148.500,342.800,1.0000,-1,-1,-1
327,376,1416.170,523.700,117.370,348.050,1.0000,-1,-1,-1
327,377,970.810,500.650,153.710,386.410,1.0000,-1,-1,-1
327,378,1036.680,516.850,150.280,343.700,1.0000,-1,-1,-1
327,379,685.600,516.430,167.220,358.100,1.0000,-1,-1,-1
327,380,639.350,534.020,169.660,322.180,1.0000,-1,-1,-1
327,381,942.200,549.570,90.610,291.750,1.0000,-1,-1,-1
327,382,809.160,542.090,129.920,297.770,1.0000,-1,-1,-1
328,371,356.520,525.120,149.290,351.500,1.0000,-1,-1,-1
328,372,272.800,486.100,188.180,414.850,1.0000,-1,-1,-1
328,373,803.290,524.490,187.000,371.620,1.0000,-1,-1,-1
328,374,1294.810,498.070,134.000,354.850,1.0000,-1,-1,-1
328,376,1410.500,523.150,121.440,347.420,1.0000,-1,-1,-1
328,377,980.160,504.090,145.890,382.990,1.0000,-1,-1,-1
328,379,682.730,514.690,166.600,361.280,1.0000,-1,-1,-1
328,380,639.160,532.360,154.170,324.220,1.0000,-1,-1,-1
328,381,932.160,549.140,96.370,293.750,1.0000,-1,-1,-1
328,382,807.480,542.760,120.790,297.970,1.0000,-1,-1,-1
329,371,391.450,522.020,114.560,350.490,1.0000,-1,-1,-1
329,372,272.090,485.780,174.150,415.840,1.0000,-1,-1,-1
329,373,841.650,520.330,147.420,376.350,1.0000,-1,-1,-1
329,374,1295.110,498.200,103.820,354.450,1.0000,-1,-1,-1
329,376,1407.140,522.840,125.400,342.190,1.0000,-1,-1,-1
329,377,1003.960,509.130,131.750,378.100,1.0000,-1,-1,-1
329,379,686.560,512.500,170.450,365.360,1.0000,-1,-1,-1
329,380,639.250,530.640,126.670,325.130,1.0000,-1,-1,-1
329,381,941.110,548.070,96.540,287.360,1.0000,-1,-1,-1
329,382,810.080,543.740,100.830,296.690,1.0000,-1,-1,-1
330,371,387.920,521.780,119.170,353.480,1.0000,-1,-1,-1
330,372,272.000,484.570,165.860,416.690,1.0000,-1,-1,-1
330,373,865.830,541.400,156.060,355.380,1.0000,-1,-1,-1
330,374,1294.660,498.580,94.290,353.870,1.0000,-1,-1,-1
330,375,1045.540,527.580,130.030,325.640,1.0000,-1,-1,-1
330,376,1404.940,522.950,127.960,340.300,1.0000,-1,-1,-1
330,377,1011.770,505.410,132.090,381.460,1.0000,-1,-1,-1
330,378,1026.900,517.040,145.710,337.870,1.0000,-1,-1,-1
330,379,692.130,512.390,164.610,365.700,1.0000,-1,-1,-1
330,380,639.240,530.180,112.300,326.220,1.0000,-1,-1,-1
330,381,892.710,518.920,118.360,316.400,1.0000,-1,-1,-1
330,382,810.160,544.230,92.440,296.010,1.0000,-1,-1,-1
331,371,401.260,520.870,117.040,353.260,1.0000,-1,-1,-1
331,372,270.020,484.930,161.000,416.300,1.0000,-1,-1,-1
331,373,906.250,513.130,115.500,384.000,1.0000,-1,-1,-1
331,374,1289.230,499.120,92.630,353.340,1.0000,-1,-1,-1
331,376,1404.310,524.050,130.110,338.450,1.0000,-1,-1,-1
331,377,1026.220,505.960,138.680,381.280,1.0000,-1,-1,-1
331,378,1025.010,532.350,145.700,325.320,1.0000,-1,-1,-1
331,379,715.560,513.920,149.530,364.010,1.0000,-1,-1,-1
331,380,639.270,529.630,104.820,326.880,1.0000,-1,-1,-1
331,382,810.590,545.310,80.140,293.900,1.0000,-1,-1,-1
332,371,414.000,521.010,107.110,353.210,1.0000,-1,-1,-1
332,372,268.010,485.260,157.040,415.880,1.0000,-1,-1,-1
332,373,914.360,509.260,124.080,387.660,1.0000,-1,-1,-1
332,374,1287.090,499.750,91.980,352.740,1.0000,-1,-1,-1
332,376,1403.020,525.000,131.530,337.350,1.0000,-1,-1,-1
332,377,1036.260,506.180,135.590,381.040,1.0000,-1,-1,-1
332,379,742.170,515.810,129.950,361.620,1.0000,-1,-1,-1
332,380,639.060,530.300,104.230,326.860,1.0000,-1,-1,-1
332,382,808.570,546.430,80.490,291.640,1.0000,-1,-1,-1
333,371,421.940,522.070,102.640,351.810,1.0000,-1,-1,-1
333,372,267.960,485.130,150.330,416.200,1.0000,-1,-1,-1
333,373,928.790,504.500,135.440,392.250,1.0000,-1,-1,-1
333,374,1282.940,501.080,91.390,351.520,1.0000,-1,-1,-1
333,375,1061.980,526.950,90.480,326.110,1.0000,-1,-1,-1
333,376,1402.640,528.100,130.370,334.250,1.0000,-1,-1,-1
333,377,1066.350,506.990,148.340,380.340,1.0000,-1,-1,-1
333,378,951.310,523.190,178.120,334.000,1.0000,-1,-1,-1
333,379,790.140,526.210,141.910,351.030,1.0000,-1,-1,-1
333,380,639.310,531.150,98.800,325.600,1.0000,-1,-1,-1
333,381,923.500,524.780,95.040,313.410,1.0000,-1,-1,-1
334,371,423.640,522.570,101.690,351.270,1.0000,-1,-1,-1
334,372,268.450,485.610,147.520,415.900,1.0000,-1,-1,-1
334,373,930.900,503.350,142.810,394.050,1.0000,-1,-1,-1
334,374,1280.610,502.120,91.950,350.690,1.0000,-1,-1,-1
334,375,1064.310,527.130,87.140,325.680,1.0000,-1,-1,-1
334,376,1404.210,529.200,127.860,333.270,1.0000,-1,-1,-1
334,377,1076.590,506.850,153.800,380.260,1.0000,-1,-1,-1
334,379,793.840,532.300,151.260,345.300,1.0000,-1,-1,-1
334,380,639.220,531.590,96.320,325.270,1.0000,-1,-1,-1
334,381,927.080,531.890,79.430,302.370,1.0000,-1,-1,-1
335,371,426.300,523.730,99.610,350.090,1.0000,-1,-1,-1
335,372,267.290,487.470,144.500,414.450,1.0000,-1,-1,-1
335,373,936.830,505.560,182.680,394.300,1.0000,-1,-1,-1
335,374,1275.890,504.690,91.990,348.240,1.0000,-1,-1,-1
335,375,1061.330,527.410,89.200,325.650,1.0000,-1,-1,-1
335,376,1406.970,532.200,121.660,330.630,1.0000,-1,-1,-1
335,377,1091.580,506.340,147.920,378.520,1.0000,-1,-1,-1
335,378,901.550,554.950,175.370,306.440,1.0000,-1,-1,-1
335,379,797.760,543.220,166.070,334.340,1.0000,-1,-1,-1
335,380,638.150,531.990,90.740,324.860,1.0000,-1,-1,-1
336,371,427.380,524.550,97.790,349.270,1.0000,-1,-1,-1
336,372,266.300,488.820,144.270,413.240,1.0000,-1,-1,-1
336,373,936.750,506.670,187.900,396.460,1.0000,-1,-1,-1
336,374,1274.290,505.950,92.440,346.970,1.0000,-1,-1,-1
336,375,1061.290,527.480,86.260,321.750,1.0000,-1,-1,-1
336,376,1406.980,533.560,119.220,328.810,1.0000,-1,-1,-1
336,377,1105.730,506.140,138.450,377.960,1.0000,-1,-1,-1
336,378,901.230,556.710,168.730,303.390,1.0000,-1,-1,-1
336,379,793.440,544.160,194.760,333.220,1.0000,-1,-1,-1
336,380,637.700,532.750,90.020,324.190,1.0000,-1,-1,-1
336,382,797.030,550.760,105.180,288.350,1.0000,-1,-1,-1
337,371,428.460,524.960,103.390,348.830,1.0000,-1,-1,-1
337,372,263.680,489.310,144.300,412.430,1.0000,-1,-1,-1
337,373,949.750,505.240,173.760,397.460,1.0000,-1,-1,-1
337,374,1272.160,508.230,92.440,344.750,1.0000,-1,-1,-1
337,375,1064.280,527.570,98.560,323.520,1.0000,-1,-1,-1
337,376,1408.580,534.750,109.690,325.910,1.0000,-1,-1,-1
337,377,1113.170,503.520,158.020,379.510,1.0000,-1,-1,-1
337,378,899.670,530.330,150.550,327.620,1.0000,-1,-1,-1
337,379,790.870,539.470,199.880,337.820,1.0000,-1,-1,-1
337,380,635.420,532.360,91.400,324.430,1.0000,-1,-1,-1
337,382,791.500,551.560,85.230,287.000,1.0000,-1,-1,-1
338,371,429.420,525.120,103.550,348.660,1.0000,-1,-1,-1
338,372,261.150,488.510,145.210,413.190,1.0000,-1,-1,-1
338,373,967.190,504.730,156.380,397.970,1.0000,-1,-1,-1
338,374,1259.770,509.880,103.950,343.160,1.0000,-1,-1,-1
338,375,1055.920,527.980,103.720,323.870,1.0000,-1,-1,-1
338,376,1409.420,534.530,105.350,324.640,1.0000,-1,-1,-1
338,377,1109.040,502.720,179.290,379.410,1.0000,-1,-1,-1
338,378,900.110,530.370,135.320,326.830,1.0000,-1,-1,-1
338,379,795.900,536.500,180.110,339.940,1.0000,-1,-1,-1
338,380,634.060,532.470,91.600,324.320,1.0000,-1,-1,-1
338,382,794.490,551.900,81.850,287.080,1.0000,-1,-1,-1
339,371,430.720,526.130,103.470,347.570,1.0000,-1,-1,-1
339,372,257.990,487.630,145.960,414.170,1.0000,-1,-1,-1
339,373,1007.650,503.470,116.150,400.090,1.0000,-1,-1,-1
339,374,1271.250,510.410,90.650,342.770,1.0000,-1,-1,-1
339,375,1061.440,525.050,96.240,327.050,1.0000,-1,-1,-1
339,376,1405.340,533.640,105.520,322.140,1.0000,-1,-1,-1
339,377,1113.920,499.270,195.640,380.970,1.0000,-1,-1,-1
339,378,902.220,529.180,95.090,326.740,1.0000,-1,-1,-1
339,379,800.000,530.490,193.100,341.800,1.0000,-1,-1,-1
339,380,632.770,531.790,90.280,324.730,1.0000,-1,-1,-1
339,382,798.490,551.660,74.160,287.030,1.0000,-1,-1,-1
340,371,431.010,526.120,103.210,347.550,1.0000,-1,-1,-1
340,372,256.480,487.230,146.650,414.550,1.0000,-1,-1,-1
340,373,1016.020,503.220,126.540,400.230,1.0000,-1,-1,-1
340,374,1270.100,510.320,90.620,342.780,1.0000,-1,-1,-1
340,375,1067.170,529.700,90.950,322.620,1.0000,-1,-1,-1
340,376,1411.110,533.530,98.540,320.240,1.0000,-1,-1,-1
340,377,1123.520,497.070,193.480,382.400,1.0000,-1,-1,-1
340,379,816.330,527.520,188.930,344.290,1.0000,-1,-1,-1
340,380,632.270,531.830,89.790,324.720,1.0000,-1,-1,-1
340,382,797.040,551.370,75.520,287.600,1.0000,-1,-1,-1
341,371,430.220,526.480,103.780,347.210,1.0000,-1,-1,-1
341,372,253.350,486.510,147.190,415.060,1.0000,-1,-1,-1
341,373,1030.680,499.940,142.540,403.740,1.0000,-1,-1,-1
341,374,1271.250,510.340,88.330,341.440,1.0000,-1,-1,-1
341,376,1411.590,533.180,96.710,318.040,1.0000,-1,-1,-1
341,377,1149.150,495.520,188.250,383.300,1.0000,-1,-1,-1
341,379,889.320,520.020,107.420,349.300,1.0000,-1,-1,-1
341,380,631.170,531.610,88.430,324.720,1.0000,-1,-1,-1
341,382,796.090,550.800,75.110,288.110,1.0000,-1,-1,-1
342,371,429.780,526.280,104.330,347.350,1.0000,-1,-1,-1
342,372,252.910,486.350,146.780,415.230,1.0000,-1,-1,-1
342,373,1039.210,498.290,145.020,404.940,1.0000,-1,-1,-1
342,374,1269.370,510.210,89.610,342.290,1.0000,-1,-1,-1
342,376,1406.050,533.370,104.210,317.280,1.0000,-1,-1,-1
342,377,1163.590,496.080,169.980,382.740,1.0000,-1,-1,-1
342,378,865.560,545.740,150.130,311.680,1.0000,-1,-1,-1
342,379,904.160,516.640,126.100,352.650,1.0000,-1,-1,-1
342,380,630.950,531.040,88.310,325.530,1.0000,-1,-1,-1
342,382,795.310,550.550,75.030,288.410,1.0000,-1,-1,-1
343,371,430.210,526.030,103.610,347.530,1.0000,-1,-1,-1
343,372,251.340,486.260,145.830,415.420,1.0000,-1,-1,-1
343,373,1053.060,494.960,145.330,408.000,1.0000,-1,-1,-1
343,374,1248.020,515.580,108.810,336.710,1.0000,-1,-1,-1
343,376,1405.580,534.210,111.080,316.090,1.0000,-1,-1,-1
343,377,1216.720,501.600,121.300,376.810,1.0000,-1,-1,-1
343,378,879.660,547.660,128.100,307.840,1.0000,-1,-1,-1
343,379,905.010,512.470,157.340,360.180,1.0000,-1,-1,-1
343,380,630.000,530.780,88.760,325.740,1.0000,-1,-1,-1
343,382,794.480,550.610,74.630,288.140,1.0000,-1,-1,-1
344,371,431.440,525.710,102.280,347.830,1.0000,-1,-1,-1
344,372,251.230,486.180,145.430,415.410,1.0000,-1,-1,-1
344,373,1059.460,495.240,165.450,406.830,1.0000,-1,-1,-1
344,375,1052.710,531.760,79.400,319.470,1.0000,-1,-1,-1
344,376,1405.660,535.600,114.280,314.740,1.0000,-1,-1,-1
344,377,1239.980,504.780,114.470,373.440,1.0000,-1,-1,-1
344,378,877.590,531.430,109.660,323.880,1.0000,-1,-1,-1
344,379,903.610,513.150,171.510,363.680,1.0000,-1,-1,-1
344,380,629.620,530.550,88.680,326.100,1.0000,-1,-1,-1
344,382,793.980,550.590,74.540,288.290,1.0000,-1,-1,-1
345,371,433.170,525.650,100.480,347.810,1.0000,-1,-1,-1
345,372,250.930,486.080,143.970,415.460,1.0000,-1,-1,-1
345,373,1064.270,498.410,188.990,404.060,1.0000,-1,-1,-1
345,375,1052.620,536.620,76.860,313.320,1.0000,-1,-1,-1
345,376,1404.670,537.460,121.360,313.130,1.0000,-1,-1,-1
345,377,1265.370,509.580,128.560,368.320,1.0000,-1,-1,-1
345,378,880.780,528.250,89.520,328.340,1.0000,-1,-1,-1
345,379,938.470,522.540,152.410,350.680,1.0000,-1,-1,-1
345,380,628.780,530.220,88.420,326.500,1.0000,-1,-1,-1
345,382,793.240,550.610,73.990,288.090,1.0000,-1,-1,-1
346,371,433.110,525.220,100.400,348.270,1.0000,-1,-1,-1
346,372,250.550,485.960,143.670,415.520,1.0000,-1,-1,-1
346,373,1065.120,500.560,189.300,402.160,1.0000,-1,-1,-1
346,375,1052.150,529.080,78.660,320.530,1.0000,-1,-1,-1
346,376,1405.490,538.090,122.060,312.410,1.0000,-1,-1,-1
346,377,1267.800,509.720,138.930,367.950,1.0000,-1,-1,-1
346,378,883.110,529.000,87.010,327.740,1.0000,-1,-1,-1
346,379,945.630,529.110,154.030,344.910,1.0000,-1,-1,-1
346,380,628.400,529.910,87.100,326.790,1.0000,-1,-1,-1
346,382,792.330,550.590,74.500,288.230,1.0000,-1,-1,-1
347,371,432.950,524.480,100.680,349.090,1.0000,-1,-1,-1
347,372,249.800,485.890,143.090,415.620,1.0000,-1,-1,-1
347,373,1072.120,501.160,182.070,402.710,1.0000,-1,-1,-1
347,374,1258.410,510.150,100.890,343.140,1.0000,-1,-1,-1
347,375,1051.050,528.870,89.800,318.470,1.0000,-1,-1,-1
347,376,1408.070,538.600,118.590,312.020,1.0000,-1,-1,-1
347,377,1279.550,515.520,140.840,362.080,1.0000,-1,-1,-1
347,378,878.600,530.120,86.820,326.360,1.0000,-1,-1,-1
347,379,970.810,536.820,147.010,338.560,1.0000,-1,-1,-1
347,380,627.450,530.200,87.080,326.510,1.0000,-1,-1,-1
347,382,791.860,550.610,74.450,288.210,1.0000,-1,-1,-1
348,371,432.980,524.410,101.000,349.150,1.0000,-1,-1,-1
348,372,249.790,486.020,142.890,415.550,1.0000,-1,-1,-1
348,373,1079.680,501.200,174.340,400.500,1.0000,-1,-1,-1
348,374,1251.960,510.330,109.650,343.280,1.0000,-1,-1,-1
348,375,1050.220,529.020,102.640,320.570,1.0000,-1,-1,-1
348,376,1411.500,538.540,113.920,311.930,1.0000,-1,-1,-1
348,377,1278.970,514.510,142.500,362.690,1.0000,-1,-1,-1
348,378,877.190,531.110,86.770,325.310,1.0000,-1,-1,-1
348,379,976.160,538.550,141.080,337.060,1.0000,-1,-1,-1
348,380,627.190,530.240,86.760,326.410,1.0000,-1,-1,-1
348,382,791.680,550.640,74.610,288.180,1.0000,-1,-1,-1
349,371,433.160,524.570,101.040,349.020,1.0000,-1,-1,-1
349,372,249.150,486.050,142.840,415.590,1.0000,-1,-1,-1
349,373,1080.810,501.750,173.090,394.310,1.0000,-1,-1,-1
349,374,1233.370,509.590,123.870,343.540,1.0000,-1,-1,-1
349,375,1051.390,528.800,103.720,327.750,1.0000,-1,-1,-1
349,376,1410.880,537.920,105.310,312.560,1.0000,-1,-1,-1
349,377,1266.450,511.000,170.650,361.310,1.0000,-1,-1,-1
349,378,873.920,532.340,87.950,323.980,1.0000,-1,-1,-1
349,379,948.910,536.700,186.870,338.030,1.0000,-1,-1,-1
349,380,626.680,530.210,86.400,326.320,1.0000,-1,-1,-1
349,382,791.480,550.580,75.160,288.160,1.0000,-1,-1,-1
350,371,433.060,524.180,101.070,349.360,1.0000,-1,-1,-1
350,372,248.530,486.060,143.020,415.780,1.0000,-1,-1,-1
350,373,1079.220,502.120,174.840,394.070,1.0000,-1,-1,-1
350,374,1227.280,508.500,125.630,344.840,1.0000,-1,-1,-1
350,375,1055.290,528.220,99.920,326.770,1.0000,-1,-1,-1
350,376,1405.880,537.830,104.880,312.590,1.0000,-1,-1,-1
350,377,1259.900,509.620,189.710,359.960,1.0000,-1,-1,-1
350,378,873.440,531.920,88.190,324.750,1.0000,-1,-1,-1
350,379,939.310,534.090,200.310,340.790,1.0000,-1,-1,-1
350,380,626.040,530.250,86.520,326.200,1.0000,-1,-1,-1
350,382,791.590,550.460,74.980,288.180,1.0000,-1,-1,-1
351,371,432.930,523.860,101.320,349.700,1.0000,-1,-1,-1
351,372,248.670,485.760,142.390,416.060,1.0000,-1,-1,-1
351,373,1079.070,501.530,194.430,395.230,1.0000,-1,-1,-1
351,374,1221.750,506.300,130.100,347.030,1.0000,-1,-1,-1
351,375,1064.940,527.470,88.920,324.790,1.0000,-1,-1,-1
351,376,1402.020,536.930,103.940,313.650,1.0000,-1,-1,-1
351,377,1258.600,505.410,201.720,363.900,1.0000,-1,-1,-1
351,378,872.370,532.230,86.840,323.710,1.0000,-1,-1,-1
351,379,934.790,528.570,218.550,347.110,1.0000,-1,-1,-1
351,380,624.910,530.260,86.670,325.990,1.0000,-1,-1,-1
351,382,791.650,550.400,74.110,288.200,1.0000,-1,-1,-1
352,371,432.740,523.550,101.510,350.020,1.0000,-1,-1,-1
352,372,248.530,485.930,142.620,415.910,1.0000,-1,-1,-1
352,373,1086.910,499.790,195.710,397.420,1.0000,-1,-1,-1
352,374,1217.500,504.850,135.660,348.490,1.0000,-1,-1,-1
352,375,1057.400,527.450,96.170,320.510,1.0000,-1,-1,-1
352,376,1406.200,536.410,98.480,312.840,1.0000,-1,-1,-1
352,377,1261.370,503.760,188.130,365.010,1.0000,-1,-1,-1
352,378,868.650,532.450,96.400,322.100,1.0000,-1,-1,-1
352,379,964.550,526.220,187.850,347.540,1.0000,-1,-1,-1
352,380,624.530,530.740,86.490,325.480,1.0000,-1,-1,-1
352,382,791.560,550.180,74.070,288.360,1.0000,-1,-1,-1
353,371,431.920,523.350,102.030,350.280,1.0000,-1,-1,-1
353,372,248.080,485.770,142.960,416.100,1.0000,-1,-1,-1
353,373,1105.680,495.550,186.010,401.340,1.0000,-1,-1,-1
353,374,1238.180,502.820,116.420,350.410,1.0000,-1,-1,-1
353,375,1060.340,527.060,93.640,319.330,1.0000,-1,-1,-1
353,376,1410.760,536.330,95.720,309.370,1.0000,-1,-1,-1
353,377,1269.290,497.520,201.780,371.450,1.0000,-1,-1,-1
353,378,860.830,532.410,99.490,324.340,1.0000,-1,-1,-1
353,379,970.070,521.260,181.280,347.760,1.0000,-1,-1,-1
353,380,623.770,530.560,86.290,325.610,1.0000,-1,-1,-1
353,382,791.550,550.120,74.350,288.410,1.0000,-1,-1,-1
354,371,431.050,523.350,102.550,350.400,1.0000,-1,-1,-1
354,372,248.170,485.950,142.370,415.950,1.0000,-1,-1,-1
354,373,1117.900,493.270,175.270,401.820,1.0000,-1,-1,-1
354,374,1245.200,502.720,118.210,350.080,1.0000,-1,-1,-1
354,375,1061.980,526.950,90.710,320.510,1.0000,-1,-1,-1
354,376,1413.600,536.100,95.160,310.140,1.0000,-1,-1,-1
354,377,1275.060,495.140,203.630,373.480,1.0000,-1,-1,-1
354,378,858.860,532.380,103.250,325.910,1.0000,-1,-1,-1
354,379,984.390,520.260,165.990,349.150,1.0000,-1,-1,-1
354,380,623.500,530.980,86.110,325.350,1.0000,-1,-1,-1
354,382,791.620,550.070,74.370,288.600,1.0000,-1,-1,-1
355,371,430.040,523.360,102.640,350.440,1.0000,-1,-1,-1
355,372,247.680,486.130,142.530,415.650,1.0000,-1,-1,-1
355,373,1141.510,492.190,161.940,404.820,1.0000,-1,-1,-1
355,374,1251.540,505.540,105.440,346.660,1.0000,-1,-1,-1
355,375,1065.280,526.930,97.060,325.590,1.0000,-1,-1,-1
355,376,1418.680,536.460,93.460,311.790,1.0000,-1,-1,-1
355,377,1305.550,496.610,177.670,373.350,1.0000,-1,-1,-1
355,378,847.200,532.090,120.220,326.730,1.0000,-1,-1,-1
355,379,981.410,518.270,148.810,360.730,1.0000,-1,-1,-1
355,380,622.970,530.910,86.200,325.440,1.0000,-1,-1,-1
355,382,791.810,550.030,74.920,288.660,1.0000,-1,-1,-1
356,371,430.010,523.380,103.490,350.350,1.0000,-1,-1,-1
356,372,247.280,486.240,142.930,415.580,1.0000,-1,-1,-1
356,373,1143.310,493.190,166.180,403.690,1.0000,-1,-1,-1
356,374,1254.020,507.130,113.640,344.530,1.0000,-1,-1,-1
356,375,1061.720,527.050,93.090,325.060,1.0000,-1,-1,-1
356,376,1417.850,536.680,95.850,311.440,1.0000,-1,-1,-1
356,377,1358.070,497.940,124.860,372.220,1.0000,-1,-1,-1
356,378,828.350,531.950,142.250,326.850,1.0000,-1,-1,-1
356,379,968.150,518.220,160.680,360.820,1.0000,-1,-1,-1
356,380,622.900,531.060,85.980,325.300,1.0000,-1,-1,-1
356,382,791.790,550.200,73.780,288.500,1.0000,-1,-1,-1
357,371,430.110,523.530,107.690,350.190,1.0000,-1,-1,-1
357,372,247.050,486.590,142.320,415.190,1.0000,-1,-1,-1
357,373,1174.230,493.820,134.920,403.280,1.0000,-1,-1,-1
357,374,1255.880,511.740,114.520,340.110,1.0000,-1,-1,-1
357,375,1061.670,527.100,92.180,324.780,1.0000,-1,-1,-1
357,376,1422.240,536.690,95.310,311.750,1.0000,-1,-1,-1
357,377,1361.210,500.060,127.240,369.880,1.0000,-1,-1,-1
357,378,859.070,531.630,116.840,327.630,1.0000,-1,-1,-1
357,379,1011.610,518.190,117.380,359.790,1.0000,-1,-1,-1
357,380,622.450,531.220,86.130,325.300,1.0000,-1,-1,-1
357,382,791.860,550.360,74.880,288.320,1.0000,-1,-1,-1
358,371,430.060,523.520,108.360,350.230,1.0000,-1,-1,-1
358,372,246.580,486.230,142.140,415.620,1.0000,-1,-1,-1
358,373,1176.710,493.070,160.950,404.890,1.0000,-1,-1,-1
358,374,1261.370,513.760,109.250,337.770,1.0000,-1,-1,-1
358,375,1060.450,526.930,94.600,325.430,1.0000,-1,-1,-1
358,376,1417.550,536.450,102.080,312.430,1.0000,-1,-1,-1
358,377,1370.550,499.150,122.290,370.810,1.0000,-1,-1,-1
358,378,880.380,531.530,98.270,327.960,1.0000,-1,-1,-1
358,379,1012.610,518.000,116.540,360.230,1.0000,-1,-1,-1
358,380,622.350,531.540,86.060,325.050,1.0000,-1,-1,-1
358,382,791.900,550.320,74.160,288.320,1.0000,-1,-1,-1
359,371,430.690,523.630,108.020,350.090,1.0000,-1,-1,-1
359,372,245.790,486.230,141.720,415.630,1.0000,-1,-1,-1
359,373,1183.610,493.060,135.550,401.510,1.0000,-1,-1,-1
359,374,1261.190,518.280,109.820,333.350,1.0000,-1,-1,-1
359,375,1071.030,527.260,87.150,325.080,1.0000,-1,-1,-1
359,376,1424.220,537.030,98.930,311.630,1.0000,-1,-1,-1
359,377,1377.390,499.060,112.470,370.840,1.0000,-1,-1,-1
359,378,882.160,531.910,99.030,327.630,1.0000,-1,-1,-1
359,379,1014.750,517.300,118.150,359.860,1.0000,-1,-1,-1
359,380,622.300,531.670,85.880,325.300,1.0000,-1,-1,-1
359,382,792.090,550.560,74.170,288.120,1.0000,-1,-1,-1
360,371,430.910,523.780,107.670,349.930,1.0000,-1,-1,-1
360,372,246.170,486.020,140.980,415.780,1.0000,-1,-1,-1
360,373,1184.330,495.260,136.090,399.240,1.0000,-1,-1,-1
360,374,1263.930,519.660,105.410,332.120,1.0000,-1,-1,-1
360,375,1070.810,527.850,88.120,324.260,1.0000,-1,-1,-1
360,376,1427.400,537.620,98.060,310.810,1.0000,-1,-1,-1
360,377,1377.170,500.320,114.990,369.450,1.0000,-1,-1,-1
360,378,882.070,531.750,100.550,327.640,1.0000,-1,-1,-1
360,379,1015.090,516.460,119.250,359.980,1.0000,-1,-1,-1
360,380,622.340,531.640,85.880,325.370,1.0000,-1,-1,-1
360,382,792.090,550.540,74.100,287.950,1.0000,-1,-1,-1
361,371,430.780,523.820,106.840,349.840,1.0000,-1,-1,-1
361,372,246.100,485.690,139.730,416.040,1.0000,-1,-1,-1
361,373,1187.520,499.680,135.530,394.640,1.0000,-1,-1,-1
361,374,1263.620,522.370,106.510,329.540,1.0000,-1,-1,-1
361,375,1068.850,528.550,91.000,324.010,1.0000,-1,-1,-1
361,376,1425.010,539.290,101.360,309.050,1.0000,-1,-1,-1
361,377,1371.320,505.120,128.890,364.650,1.0000,-1,-1,-1
361,378,866.510,529.580,118.690,329.830,1.0000,-1,-1,-1
361,379,1018.250,515.800,116.970,360.490,1.0000,-1,-1,-1
361,380,622.370,532.050,85.900,325.090,1.0000,-1,-1,-1
361,382,792.010,550.400,73.670,288.070,1.0000,-1,-1,-1
362,371,430.270,523.950,106.670,349.700,1.0000,-1,-1,-1
362,372,245.990,485.560,139.020,416.340,1.0000,-1,-1,-1
362,373,1190.320,501.440,136.810,392.800,1.0000,-1,-1,-1
362,374,1263.060,521.910,107.690,330.340,1.0000,-1,-1,-1
362,375,1066.250,528.650,93.580,323.740,1.0000,-1,-1,-1
362,376,1418.740,539.240,106.950,308.820,1.0000,-1,-1,-1
362,377,1370.660,505.650,129.160,364.040,1.0000,-1,-1,-1
362,378,849.460,527.640,135.980,331.820,1.0000,-1,-1,-1
362,379,1011.840,515.710,124.800,360.510,1.0000,-1,-1,-1
362,380,622.310,532.070,85.840,325.090,1.0000,-1,-1,-1
362,382,791.830,550.290,73.700,288.270,1.0000,-1,-1,-1
363,371,429.450,523.890,106.990,349.750,1.0000,-1,-1,-1
363,372,246.160,485.480,137.920,416.170,1.0000,-1,-1,-1
363,373,1178.120,499.570,148.980,394.820,1.0000,-1,-1,-1
363,374,1261.340,516.090,110.060,335.590,1.0000,-1,-1,-1
363,375,1064.380,527.620,95.220,324.140,1.0000,-1,-1,-1
363,376,1421.500,536.930,99.870,311.920,1.0000,-1,-1,-1
363,377,1374.520,500.650,128.000,369.090,1.0000,-1,-1,-1
363,378,835.180,524.620,148.930,339.850,1.0000,-1,-1,-1
363,379,987.760,516.950,152.390,359.390,1.0000,-1,-1,-1
363,380,622.540,532.120,85.620,325.090,1.0000,-1,-1,-1
363,382,791.430,550.200,73.850,288.520,1.0000,-1,-1,-1
364,371,429.330,523.980,107.180,349.690,1.0000,-1,-1,-1
364,372,246.330,485.480,137.520,416.230,1.0000,-1,-1,-1
364,373,1168.470,497.260,156.160,397.240,1.0000,-1,-1,-1
364,374,1259.700,512.380,113.220,339.360,1.0000,-1,-1,-1
364,375,1062.000,526.950,97.590,324.400,1.0000,-1,-1,-1
364,376,1418.480,535.870,101.300,313.280,1.0000,-1,-1,-1
364,377,1367.550,497.490,132.970,371.920,1.0000,-1,-1,-1
364,378,830.700,498.140,150.970,369.260,1.0000,-1,-1,-1
364,379,983.550,517.520,157.150,358.790,1.0000,-1,-1,-1
364,380,622.710,532.250,85.480,324.910,1.0000,-1,-1,-1
364,382,791.370,550.110,74.120,288.730,1.0000,-1,-1,-1
365,371,429.550,524.310,106.970,349.310,1.0000,-1,-1,-1
365,372,246.190,485.530,136.940,416.200,1.0000,-1,-1,-1
365,373,1118.020,491.880,212.370,402.320,1.0000,-1,-1,-1
365,374,1254.760,481.750,126.390,377.360,1.0000,-1,-1,-1
365,375,1032.380,524.880,126.420,325.820,1.0000,-1,-1,-1
365,376,1410.690,533.870,108.280,315.470,1.0000,-1,-1,-1
365,377,1355.300,495.020,154.460,383.610,1.0000,-1,-1,-1
365,378,808.980,477.940,171.830,389.750,1.0000,-1,-1,-1
365,379,938.650,490.940,200.820,399.480,1.0000,-1,-1,-1
365,380,623.060,532.380,85.400,324.750,1.0000,-1,-1,-1
365,382,791.190,549.830,74.340,289.330,1.0000,-1,-1,-1
366,371,429.550,524.410,106.940,349.190,1.0000,-1,-1,-1
366,372,245.860,485.540,136.740,416.230,1.0000,-1,-1,-1
366,373,1115.990,490.190,212.730,409.360,1.0000,-1,-1,-1
366,374,1229.520,459.640,137.660,400.000,1.0000,-1,-1,-1
366,375,999.560,501.690,158.460,350.260,1.0000,-1,-1,-1
366,376,1394.360,532.480,125.000,316.700,1.0000,-1,-1,-1
366,377,1346.270,496.290,165.420,382.630,1.0000,-1,-1,-1
366,378,805.520,477.600,173.390,390.290,1.0000,-1,-1,-1
366,379,926.680,487.560,211.880,402.450,1.0000,-1,-1,-1
366,380,623.150,532.310,85.380,324.840,1.0000,-1,-1,-1
366,382,791.190,549.880,74.240,289.410,1.0000,-1,-1,-1
367,371,429.570,524.360,106.940,349.200,1.0000,-1,-1,-1
367,372,245.860,485.610,136.050,416.160,1.0000,-1,-1,-1
367,373,1115.370,492.830,211.030,410.740,1.0000,-1,-1,-1
367,374,1212.460,437.030,150.130,421.980,1.0000,-1,-1,-1
367,375,1001.820,479.320,153.590,371.290,1.0000,-1,-1,-1
367,376,1381.150,532.780,138.440,316.570,1.0000,-1,-1,-1
367,377,1325.330,500.470,182.760,378.200,1.0000,-1,-1,-1
367,378,804.620,477.610,175.180,390.010,1.0000,-1,-1,-1
367,379,920.710,520.200,216.230,370.140,1.0000,-1,-1,-1
367,380,623.540,532.510,85.770,324.530,1.0000,-1,-1,-1
367,382,791.090,549.920,74.290,289.490,1.0000,-1,-1,-1
368,371,429.610,524.250,106.880,349.310,1.0000,-1,-1,-1
368,372,246.260,485.820,135.680,415.900,1.0000,-1,-1,-1
368,373,1115.530,493.230,213.380,410.360,1.0000,-1,-1,-1
368,374,1211.480,435.630,150.100,423.060,1.0000,-1,-1,-1
368,375,1002.230,479.580,154.690,370.880,1.0000,-1,-1,-1
368,376,1376.810,532.500,142.640,315.890,1.0000,-1,-1,-1
368,377,1325.630,501.300,181.320,377.510,1.0000,-1,-1,-1
368,378,805.150,478.440,173.690,389.330,1.0000,-1,-1,-1
368,379,922.020,523.080,214.660,367.210,1.0000,-1,-1,-1
368,380,623.830,532.620,85.640,324.470,1.0000,-1,-1,-1
368,382,791.150,549.890,74.310,289.570,1.0000,-1,-1,-1
369,371,429.480,524.430,107.080,349.140,1.0000,-1,-1,-1
369,372,246.620,485.980,134.960,415.400,1.0000,-1,-1,-1
369,373,1114.530,493.510,218.780,409.770,1.0000,-1,-1,-1
369,374,1208.260,436.710,153.390,421.630,1.0000,-1,-1,-1
369,375,1002.660,479.390,157.800,371.810,1.0000,-1,-1,-1
369,376,1364.330,526.300,149.480,321.690,1.0000,-1,-1,-1
369,377,1322.820,502.570,189.050,376.080,1.0000,-1,-1,-1
369,378,804.180,480.150,173.650,387.410,1.0000,-1,-1,-1
369,379,924.670,523.210,211.550,366.460,1.0000,-1,-1,-1
369,380,624.530,532.550,85.680,324.650,1.0000,-1,-1,-1
369,382,791.170,549.910,74.340,289.500,1.0000,-1,-1,-1
370,371,429.100,524.660,107.480,348.950,1.0000,-1,-1,-1
370,372,247.030,485.740,134.190,415.520,1.0000,-1,-1,-1
370,373,1114.780,493.050,222.740,410.240,1.0000,-1,-1,-1
370,374,1207.930,436.750,154.190,421.200,1.0000,-1,-1,-1
370,375,1002.800,479.160,158.950,372.040,1.0000,-1,-1,-1
370,376,1364.610,522.460,149.570,324.910,1.0000,-1,-1,-1
370,377,1318.750,503.700,195.100,374.880,1.0000,-1,-1,-1
370,378,805.760,479.580,171.900,388.130,1.0000,-1,-1,-1
370,379,922.640,521.910,213.600,367.730,1.0000,-1,-1,-1
370,380,624.720,532.540,85.970,324.640,1.0000,-1,-1,-1
370,382,791.160,549.890,74.210,289.520,1.0000,-1,-1,-1
371,371,429.460,524.200,107.490,349.390,1.0000,-1,-1,-1
371,372,248.500,485.170,132.720,416.400,1.0000,-1,-1,-1
371,373,1120.530,493.090,216.620,410.360,1.0000,-1,-1,-1
371,374,1205.060,440.590,158.780,417.610,1.0000,-1,-1,-1
371,375,1002.230,482.150,161.890,368.960,1.0000,-1,-1,-1
371,376,1366.550,511.340,146.210,336.690,1.0000,-1,-1,-1
371,377,1316.050,504.740,199.350,373.870,1.0000,-1,-1,-1
371,378,817.940,478.530,160.770,389.420,1.0000,-1,-1,-1
371,379,916.330,518.100,219.580,372.090,1.0000,-1,-1,-1
371,380,625.090,532.530,86.780,324.550,1.0000,-1,-1,-1
371,382,791.190,549.540,74.170,289.720,1.0000,-1,-1,-1
372,371,429.760,524.170,107.450,349.460,1.0000,-1,-1,-1
372,372,249.840,484.980,131.460,416.630,1.0000,-1,-1,-1
372,373,1118.580,491.990,220.100,410.820,1.0000,-1,-1,-1
372,374,1205.040,443.080,155.830,415.220,1.0000,-1,-1,-1
372,375,1003.140,482.530,163.070,368.560,1.0000,-1,-1,-1
372,376,1368.140,507.360,145.270,340.040,1.0000,-1,-1,-1
372,377,1322.370,505.530,193.600,372.990,1.0000,-1,-1,-1
372,378,822.340,478.770,152.680,389.020,1.0000,-1,-1,-1
372,379,927.070,516.000,209.080,374.410,1.0000,-1,-1,-1
372,380,625.390,532.490,87.000,324.700,1.0000,-1,-1,-1
372,382,791.240,549.530,74.100,289.460,1.0000,-1,-1,-1
373,371,429.980,524.100,107.110,349.540,1.0000,-1,-1,-1
373,372,252.300,484.380,129.550,417.100,1.0000,-1,-1,-1
373,373,1108.870,492.030,236.070,409.930,1.0000,-1,-1,-1
373,374,1206.250,443.500,163.870,416.070,1.0000,-1,-1,-1
373,375,1008.900,481.380,160.460,369.780,1.0000,-1,-1,-1
373,376,1371.220,510.060,144.190,337.200,1.0000,-1,-1,-1
373,377,1324.770,509.120,192.470,368.900,1.0000,-1,-1,-1
373,378,826.690,494.400,150.880,373.300,1.0000,-1,-1,-1
373,379,971.780,512.110,161.350,377.060,1.0000,-1,-1,-1
373,380,626.250,532.450,86.340,324.750,1.0000,-1,-1,-1
373,382,791.120,549.370,74.170,289.280,1.0000,-1,-1,-1
374,371,430.040,524.170,107.080,349.460,1.0000,-1,-1,-1
374,372,253.410,484.710,128.540,416.780,1.0000,-1,-1,-1
374,373,1102.020,494.860,242.100,406.580,1.0000,-1,-1,-1
374,374,1211.930,447.010,160.150,412.630,1.0000,-1,-1,-1
374,375,1012.810,483.280,157.970,369.130,1.0000,-1,-1,-1
374,376,1368.560,511.670,150.050,336.340,1.0000,-1,-1,-1
374,377,1333.270,511.830,180.470,366.500,1.0000,-1,-1,-1
374,378,826.010,501.680,152.820,366.360,1.0000,-1,-1,-1
374,379,984.700,511.930,147.810,376.920,1.0000,-1,-1,-1
374,380,626.450,532.550,86.340,324.660,1.0000,-1,-1,-1
374,382,791.180,549.500,73.660,289.230,1.0000,-1,-1,-1
375,371,430.900,524.400,106.290,349.250,1.0000,-1,-1,-1
375,372,253.750,486.430,128.620,415.140,1.0000,-1,-1,-1
375,373,1140.240,501.040,204.080,400.730,1.0000,-1,-1,-1
375,374,1218.150,469.140,155.670,390.630,1.0000,-1,-1,-1
375,375,1031.360,489.020,151.120,367.240,1.0000,-1,-1,-1
375,376,1373.700,519.740,147.080,331.110,1.0000,-1,-1,-1
375,377,1356.120,520.330,160.200,358.380,1.0000,-1,-1,-1
375,378,822.440,501.880,160.270,362.460,1.0000,-1,-1,-1
375,379,990.320,517.980,143.600,371.720,1.0000,-1,-1,-1
375,380,626.720,532.570,86.390,324.560,1.0000,-1,-1,-1
375,382,791.270,549.610,73.810,289.030,1.0000,-1,-1,-1
376,371,431.870,524.330,105.630,349.300,1.0000,-1,-1,-1
376,372,254.450,487.320,128.190,414.360,1.0000,-1,-1,-1
376,373,1167.420,505.750,178.690,395.840,1.0000,-1,-1,-1
376,374,1224.360,479.040,150.200,380.760,1.0000,-1,-1,-1
376,375,1040.250,488.900,143.490,368.870,1.0000,-1,-1,-1
376,376,1378.270,524.830,145.080,326.930,1.0000,-1,-1,-1
376,377,1375.680,519.700,131.500,358.980,1.0000,-1,-1,-1
376,378,830.380,494.150,154.410,373.770,1.0000,-1,-1,-1
376,379,1004.510,513.210,128.060,377.190,1.0000,-1,-1,-1
376,380,626.890,532.480,86.590,324.640,1.0000,-1,-1,-1
376,382,791.610,549.400,73.660,289.150,1.0000,-1,-1,-1
377,371,432.250,524.370,105.790,349.320,1.0000,-1,-1,-1
377,372,255.570,487.500,127.320,414.070,1.0000,-1,-1,-1
377,373,1183.180,516.320,166.620,385.850,1.0000,-1,-1,-1
377,374,1243.690,525.770,131.260,333.080,1.0000,-1,-1,-1
377,375,1058.860,493.840,127.140,363.020,1.0000,-1,-1,-1
377,376,1400.970,532.360,121.110,319.340,1.0000,-1,-1,-1
377,377,1380.470,513.460,133.730,365.530,1.0000,-1,-1,-1
377,378,856.580,475.730,126.620,392.650,1.0000,-1,-1,-1
377,379,1007.210,530.840,125.440,359.440,1.0000,-1,-1,-1
377,380,627.040,532.450,86.440,324.740,1.0000,-1,-1,-1
377,382,792.160,549.600,73.840,289.120,1.0000,-1,-1,-1
378,371,431.230,524.650,107.200,349.100,1.0000,-1,-1,-1
378,372,255.730,486.890,127.210,414.700,1.0000,-1,-1,-1
378,373,1184.670,523.110,164.770,379.010,1.0000,-1,-1,-1
378,374,1247.580,527.230,127.610,331.950,1.0000,-1,-1,-1
378,375,1068.810,511.520,116.920,345.480,1.0000,-1,-1,-1
378,376,1391.300,511.570,131.010,341.110,1.0000,-1,-1,-1
378,377,1381.780,506.250,131.400,372.670,1.0000,-1,-1,-1
378,378,870.770,469.990,111.510,398.390,1.0000,-1,-1,-1
378,379,1008.130,484.570,125.200,406.010,1.0000,-1,-1,-1
378,380,627.040,532.490,86.700,324.670,1.0000,-1,-1,-1
378,382,792.290,549.530,73.470,289.110,1.0000,-1,-1,-1
379,371,428.630,525.960,109.920,347.840,1.0000,-1,-1,-1
379,372,255.990,485.950,127.770,415.530,1.0000,-1,-1,-1
379,373,1190.460,523.510,160.820,378.510,1.0000,-1,-1,-1
379,374,1243.960,447.650,131.110,411.680,1.0000,-1,-1,-1
379,375,1073.590,476.110,111.690,382.370,1.0000,-1,-1,-1
379,376,1401.840,489.000,119.970,363.510,1.0000,-1,-1,-1
379,377,1385.670,488.070,133.230,390.470,1.0000,-1,-1,-1
379,378,874.900,460.590,107.310,408.560,1.0000,-1,-1,-1
379,379,1012.310,478.340,129.760,412.830,1.0000,-1,-1,-1
379,380,627.070,532.560,86.610,324.660,1.0000,-1,-1,-1
379,382,792.760,549.600,73.900,288.960,1.0000,-1,-1,-1
380,371,427.930,526.450,110.360,347.400,1.0000,-1,-1,-1
380,372,255.680,486.020,129.040,415.820,1.0000,-1,-1,-1
380,373,1190.410,518.920,160.860,383.040,1.0000,-1,-1,-1
380,374,1243.400,441.410,131.180,417.920,1.0000,-1,-1,-1
380,375,1069.350,473.310,115.570,384.280,1.0000,-1,-1,-1
380,376,1399.700,495.740,122.350,357.960,1.0000,-1,-1,-1
380,377,1387.060,488.450,134.080,389.880,1.0000,-1,-1,-1
380,378,875.140,458.190,109.030,410.840,1.0000,-1,-1,-1
380,379,1014.790,520.400,128.060,371.050,1.0000,-1,-1,-1
380,380,627.080,532.450,86.580,324.770,1.0000,-1,-1,-1
380,382,793.190,549.600,73.320,288.940,1.0000,-1,-1,-1
381,371,429.110,526.410,109.170,347.170,1.0000,-1,-1,-1
381,372,254.250,485.730,133.030,415.950,1.0000,-1,-1,-1
381,373,1188.920,505.230,165.280,398.520,1.0000,-1,-1,-1
381,374,1232.830,440.140,137.300,419.260,1.0000,-1,-1,-1
381,375,1052.450,482.690,129.860,371.500,1.0000,-1,-1,-1
381,376,1402.570,532.740,119.410,319.130,1.0000,-1,-1,-1
381,377,1388.140,495.820,133.140,382.380,1.0000,-1,-1,-1
381,378,870.040,465.660,116.810,402.880,1.0000,-1,-1,-1
381,379,1018.780,498.340,121.760,393.000,1.0000,-1,-1,-1
381,380,627.080,532.370,86.560,324.820,1.0000,-1,-1,-1
381,382,793.340,549.580,73.280,288.950,1.0000,-1,-1,-1
382,371,430.010,526.690,107.810,347.030,1.0000,-1,-1,-1
382,372,252.780,485.640,135.260,416.280,1.0000,-1,-1,-1
382,373,1174.600,497.150,181.920,405.390,1.0000,-1,-1,-1
382,374,1228.270,438.950,136.650,420.810,1.0000,-1,-1,-1
382,375,1042.280,488.040,139.570,367.320,1.0000,-1,-1,-1
382,376,1401.880,534.420,121.750,319.430,1.0000,-1,-1,-1
382,377,1376.170,498.770,145.650,379.880,1.0000,-1,-1,-1
382,378,865.190,469.850,121.980,398.610,1.0000,-1,-1,-1
382,379,1009.650,501.060,136.320,388.300,1.0000,-1,-1,-1
382,380,627.030,532.400,86.660,324.800,1.0000,-1,-1,-1
382,382,793.370,549.520,73.340,289.080,1.0000,-1,-1,-1
383,371,432.530,525.840,108.780,347.800,1.0000,-1,-1,-1
383,372,251.520,484.410,138.710,417.430,1.0000,-1,-1,-1
383,373,1152.350,495.210,204.720,406.280,1.0000,-1,-1,-1
383,374,1218.710,439.170,149.550,420.720,1.0000,-1,-1,-1
383,375,1025.680,509.050,192.280,346.900,1.0000,-1,-1,-1
383,376,1395.570,516.350,128.760,337.590,1.0000,-1,-1,-1
383,377,1341.720,494.350,167.630,384.400,1.0000,-1,-1,-1
383,378,860.350,476.360,124.630,390.860,1.0000,-1,-1,-1
383,379,984.200,503.890,159.710,386.310,1.0000,-1,-1,-1
383,380,626.990,532.490,86.730,324.710,1.0000,-1,-1,-1
383,382,793.120,549.050,73.780,289.590,1.0000,-1,-1,-1
384,371,433.160,525.840,110.180,347.770,1.0000,-1,-1,-1
384,372,250.630,483.580,140.790,418.260,1.0000,-1,-1,-1
384,373,1147.990,495.680,211.900,406.970,1.0000,-1,-1,-1
384,374,1215.820,444.240,148.970,415.290,1.0000,-1,-1,-1
384,375,1027.800,525.350,174.270,330.620,1.0000,-1,-1,-1
384,376,1394.890,503.780,128.670,350.020,1.0000,-1,-1,-1
384,377,1337.470,494.160,170.100,384.580,1.0000,-1,-1,-1
384,378,858.940,480.410,122.620,386.890,1.0000,-1,-1,-1
384,379,979.300,493.670,163.740,396.810,1.0000,-1,-1,-1
384,380,626.910,532.510,87.670,324.680,1.0000,-1,-1,-1
384,382,792.500,548.940,74.760,289.710,1.0000,-1,-1,-1
385,371,434.790,525.360,109.320,348.350,1.0000,-1,-1,-1
385,372,248.130,481.240,145.610,420.400,1.0000,-1,-1,-1
385,373,1153.810,496.320,200.790,408.190,1.0000,-1,-1,-1
385,374,1216.880,457.580,151.820,402.470,1.0000,-1,-1,-1
385,375,1050.350,527.650,133.780,329.950,1.0000,-1,-1,-1
385,376,1392.820,499.590,129.790,354.560,1.0000,-1,-1,-1
385,377,1333.520,497.650,168.440,380.790,1.0000,-1,-1,-1
385,378,853.300,489.060,123.830,373.840,1.0000,-1,-1,-1
385,379,992.860,484.710,146.560,405.950,1.0000,-1,-1,-1
385,380,626.750,532.620,91.120,324.460,1.0000,-1,-1,-1
385,382,789.040,549.130,79.380,289.290,1.0000,-1,-1,-1
386,371,435.570,525.580,107.630,348.180,1.0000,-1,-1,-1
386,372,246.610,480.830,149.170,420.710,1.0000,-1,-1,-1
386,373,1153.610,497.770,201.080,407.630,1.0000,-1,-1,-1
386,374,1219.970,459.600,149.170,400.390,1.0000,-1,-1,-1
386,375,1024.700,528.140,157.730,329.730,1.0000,-1,-1,-1
386,376,1392.700,508.720,129.160,345.330,1.0000,-1,-1,-1
386,377,1345.290,500.920,159.450,377.520,1.0000,-1,-1,-1
386,378,851.690,495.600,123.560,363.520,1.0000,-1,-1,-1
386,379,993.590,485.380,144.320,405.750,1.0000,-1,-1,-1
386,380,626.440,532.450,92.300,324.660,1.0000,-1,-1,-1
386,382,785.930,549.360,83.160,289.190,1.0000,-1,-1,-1
387,371,437.650,526.230,106.150,348.410,1.0000,-1,-1,-1
387,372,243.200,481.510,157.650,419.870,1.0000,-1,-1,-1
387,373,1147.820,463.680,207.860,443.240,1.0000,-1,-1,-1
387,374,1231.630,464.180,142.350,395.170,1.0000,-1,-1,-1
387,375,1042.080,488.260,142.040,370.070,1.0000,-1,-1,-1
387,376,1392.630,535.940,126.910,318.420,1.0000,-1,-1,-1
387,377,1380.740,502.020,134.520,376.670,1.0000,-1,-1,-1
387,378,858.920,495.160,111.490,371.070,1.0000,-1,-1,-1
387,379,1026.040,486.130,113.570,405.550,1.0000,-1,-1,-1
387,380,625.910,533.600,97.900,323.490,1.0000,-1,-1,-1
387,382,783.010,549.420,88.000,288.940,1.0000,-1,-1,-1
388,371,440.610,526.490,102.310,348.010,1.0000,-1,-1,-1
388,372,241.530,483.100,161.330,418.290,1.0000,-1,-1,-1
388,373,1170.630,500.830,185.310,404.670,1.0000,-1,-1,-1
388,374,1236.610,465.450,139.260,393.700,1.0000,-1,-1,-1
388,375,1073.810,535.640,109.560,321.940,1.0000,-1,-1,-1
388,376,1404.100,534.870,114.760,319.220,1.0000,-1,-1,-1
388,377,1380.790,502.050,133.060,376.440,1.0000,-1,-1,-1
388,378,870.080,488.680,96.520,378.120,1.0000,-1,-1,-1
388,379,1027.730,486.610,112.850,404.620,1.0000,-1,-1,-1
388,380,625.420,534.700,100.520,322.390,1.0000,-1,-1,-1
388,382,780.820,549.110,91.120,289.170,1.0000,-1,-1,-1
389,371,441.660,526.390,100.670,348.070,1.0000,-1,-1,-1
389,372,238.660,483.340,171.300,418.160,1.0000,-1,-1,-1
389,373,1212.010,467.800,143.520,438.790,1.0000,-1,-1,-1
389,374,1248.970,497.640,129.580,359.170,1.0000,-1,-1,-1
389,375,1074.330,514.190,109.620,343.900,1.0000,-1,-1,-1
389,376,1416.160,499.500,101.560,354.920,1.0000,-1,-1,-1
389,377,1378.860,516.690,132.350,361.910,1.0000,-1,-1,-1
389,378,886.880,478.190,103.840,387.100,1.0000,-1,-1,-1
389,379,1026.210,490.280,115.430,401.120,1.0000,-1,-1,-1
389,380,624.070,536.900,104.580,320.460,1.0000,-1,-1,-1
389,382,778.710,549.810,104.190,287.120,1.0000,-1,-1,-1
390,371,440.920,527.140,101.560,346.880,1.0000,-1,-1,-1
390,372,238.150,483.130,177.760,417.960,1.0000,-1,-1,-1
390,373,1213.070,468.630,143.040,438.410,1.0000,-1,-1,-1
390,374,1256.120,509.910,123.040,348.450,1.0000,-1,-1,-1
390,375,1071.930,493.800,111.350,364.990,1.0000,-1,-1,-1
390,376,1411.580,498.230,105.650,356.200,1.0000,-1,-1,-1
390,377,1377.700,507.960,133.700,370.600,1.0000,-1,-1,-1
390,378,885.410,475.180,120.530,390.510,1.0000,-1,-1,-1
390,379,1026.290,493.680,112.330,397.600,1.0000,-1,-1,-1
390,380,622.820,537.980,106.410,319.440,1.0000,-1,-1,-1
390,382,797.890,550.640,98.470,284.890,1.0000,-1,-1,-1
391,371,433.770,528.140,126.310,345.970,1.0000,-1,-1,-1
391,372,232.500,483.860,211.560,413.730,1.0000,-1,-1,-1
391,373,1212.920,470.420,147.600,436.730,1.0000,-1,-1,-1
391,374,1258.160,510.460,118.940,347.830,1.0000,-1,-1,-1
391,375,1086.970,520.440,96.720,338.100,1.0000,-1,-1,-1
391,376,1406.500,496.400,110.280,358.070,1.0000,-1,-1,-1
391,377,1376.570,524.220,135.190,354.260,1.0000,-1,-1,-1
391,378,880.440,475.190,136.960,390.910,1.0000,-1,-1,-1
391,379,1025.900,498.040,118.420,393.760,1.0000,-1,-1,-1
391,380,621.820,542.280,106.620,314.840,1.0000,-1,-1,-1
391,382,797.950,553.870,121.330,280.840,1.0000,-1,-1,-1
392,371,431.230,527.900,153.930,346.230,1.0000,-1,-1,-1
392,372,234.160,483.750,218.520,413.410,1.0000,-1,-1,-1
392,373,1212.610,470.660,146.670,436.500,1.0000,-1,-1,-1
392,374,1258.370,509.520,119.360,348.400,1.0000,-1,-1,-1
392,375,1089.140,530.310,95.450,328.870,1.0000,-1,-1,-1
392,376,1404.670,496.030,112.340,358.500,1.0000,-1,-1,-1
392,377,1376.360,525.780,135.900,352.590,1.0000,-1,-1,-1
392,378,878.090,476.960,129.680,389.410,1.0000,-1,-1,-1
392,379,1025.950,498.000,126.260,393.700,1.0000,-1,-1,-1
392,380,621.500,543.390,104.570,313.550,1.0000,-1,-1,-1
392,382,799.600,554.270,109.370,280.260,1.0000,-1,-1,-1
393,371,432.960,526.140,175.450,347.130,1.0000,-1,-1,-1
393,372,253.610,481.540,190.100,415.730,1.0000,-1,-1,-1
393,373,1213.710,468.170,147.260,438.990,1.0000,-1,-1,-1
393,374,1259.690,514.420,118.030,344.290,1.0000,-1,-1,-1
393,375,1089.380,529.950,95.070,328.990,1.0000,-1,-1,-1
393,376,1406.480,495.160,110.670,359.180,1.0000,-1,-1,-1
393,377,1377.200,526.030,135.330,352.460,1.0000,-1,-1,-1
393,378,882.880,481.750,104.590,384.730,1.0000,-1,-1,-1
393,379,1025.140,498.680,134.750,392.960,1.0000,-1,-1,-1
393,380,622.430,536.350,95.380,320.550,1.0000,-1,-1,-1
393,382,801.640,550.580,102.690,283.880,1.0000,-1,-1,-1
394,371,439.290,525.110,164.140,348.470,1.0000,-1,-1,-1
394,372,267.550,480.030,170.020,417.080,1.0000,-1,-1,-1
394,373,1214.230,464.790,149.890,442.200,1.0000,-1,-1,-1
394,374,1262.070,514.100,116.110,344.560,1.0000,-1,-1,-1
394,375,1089.980,514.870,94.310,344.020,1.0000,-1,-1,-1
394,376,1413.610,499.700,104.770,354.890,1.0000,-1,-1,-1
394,377,1377.700,525.710,134.390,352.630,1.0000,-1,-1,-1
394,378,886.160,486.710,95.760,379.750,1.0000,-1,-1,-1
394,379,1024.700,499.050,127.830,392.010,1.0000,-1,-1,-1
394,380,623.610,536.220,91.880,320.730,1.0000,-1,-1,-1
394,382,804.650,547.310,97.630,287.260,1.0000,-1,-1,-1
395,371,458.760,522.040,126.860,351.540,1.0000,-1,-1,-1
395,372,273.730,475.250,161.370,420.200,1.0000,-1,-1,-1
395,373,1216.120,485.080,140.680,419.370,1.0000,-1,-1,-1
395,374,1265.870,447.700,111.270,411.560,1.0000,-1,-1,-1
395,375,1086.220,513.360,96.990,346.430,1.0000,-1,-1,-1
395,376,1423.510,524.080,98.720,330.160,1.0000,-1,-1,-1
395,377,1379.150,520.700,135.600,357.580,1.0000,-1,-1,-1
395,378,885.810,496.050,98.220,370.570,1.0000,-1,-1,-1
395,379,1024.510,510.360,138.000,380.560,1.0000,-1,-1,-1
395,380,625.920,531.140,88.420,325.620,1.0000,-1,-1,-1
395,382,810.710,542.180,92.810,292.140,1.0000,-1,-1,-1
395,383,904.370,547.440,97.510,281.820,1.0000,-1,-1,-1
396,371,462.490,521.050,120.530,352.930,1.0000,-1,-1,-1
396,372,277.980,475.210,155.800,421.520,1.0000,-1,-1,-1
396,373,1216.220,513.570,140.240,393.180,1.0000,-1,-1,-1
396,374,1267.350,451.530,109.230,407.840,1.0000,-1,-1,-1
396,375,1079.990,526.830,102.580,333.410,1.0000,-1,-1,-1
396,376,1421.170,528.890,106.140,325.290,1.0000,-1,-1,-1
396,377,1373.580,517.700,146.230,359.970,1.0000,-1,-1,-1
396,378,887.540,504.750,95.880,362.120,1.0000,-1,-1,-1
396,379,1022.080,521.360,140.950,369.910,1.0000,-1,-1,-1
396,380,621.150,528.140,95.180,328.700,1.0000,-1,-1,-1
396,382,812.150,541.130,94.040,294.330,1.0000,-1,-1,-1
396,383,905.520,562.010,96.960,267.510,1.0000,-1,-1,-1
397,371,462.520,521.970,139.880,351.440,1.0000,-1,-1,-1
397,372,282.960,480.660,157.970,419.010,1.0000,-1,-1,-1
397,373,1217.220,510.530,142.000,395.750,1.0000,-1,-1,-1
397,374,1256.420,457.410,116.850,402.480,1.0000,-1,-1,-1
397,375,1082.070,521.770,100.850,339.350,1.0000,-1,-1,-1
397,376,1418.050,526.330,112.510,327.920,1.0000,-1,-1,-1
397,377,1355.060,512.810,159.780,364.620,1.0000,-1,-1,-1
397,378,887.730,499.470,72.370,367.590,1.0000,-1,-1,-1
397,379,1011.780,522.940,147.830,369.310,1.0000,-1,-1,-1
397,380,612.560,522.790,105.900,334.120,1.0000,-1,-1,-1
397,382,815.610,545.080,92.410,289.060,1.0000,-1,-1,-1
397,383,905.900,560.280,95.700,268.650,1.0000,-1,-1,-1
398,371,462.620,523.340,141.910,350.510,1.0000,-1,-1,-1
398,372,282.920,482.690,155.090,416.860,1.0000,-1,-1,-1
398,373,1217.990,507.210,141.580,399.050,1.0000,-1,-1,-1
398,374,1245.510,459.950,127.810,399.700,1.0000,-1,-1,-1
398,375,1079.340,539.830,104.810,321.050,1.0000,-1,-1,-1
398,376,1416.320,524.050,117.230,330.480,1.0000,-1,-1,-1
398,377,1354.860,511.240,157.370,365.910,1.0000,-1,-1,-1
398,378,882.030,488.330,97.400,379.150,1.0000,-1,-1,-1
398,379,1006.270,517.760,152.110,374.450,1.0000,-1,-1,-1
398,380,612.910,521.050,103.490,335.900,1.0000,-1,-1,-1
398,382,816.420,546.530,91.870,287.730,1.0000,-1,-1,-1
398,383,904.360,568.300,96.940,260.460,1.0000,-1,-1,-1
399,371,465.030,523.810,142.750,350.380,1.0000,-1,-1,-1
399,372,282.600,480.910,156.120,418.610,1.0000,-1,-1,-1
399,373,1164.800,506.840,197.780,399.350,1.0000,-1,-1,-1
399,374,1238.520,465.790,136.070,393.120,1.0000,-1,-1,-1
399,375,1083.250,537.410,109.000,323.260,1.0000,-1,-1,-1
399,376,1416.500,540.540,116.860,313.870,1.0000,-1,-1,-1
399,377,1344.200,509.900,169.300,367.410,1.0000,-1,-1,-1
399,378,863.030,481.900,128.630,385.880,1.0000,-1,-1,-1
399,379,974.850,522.300,183.950,370.030,1.0000,-1,-1,-1
399,380,610.100,531.710,109.340,325.310,1.0000,-1,-1,-1
399,382,818.480,546.760,100.390,287.980,1.0000,-1,-1,-1
399,383,903.300,572.170,97.990,256.460,1.0000,-1,-1,-1
400,371,468.760,523.450,138.840,350.650,1.0000,-1,-1,-1
400,372,283.040,480.400,155.730,419.060,1.0000,-1,-1,-1
400,373,1144.390,506.970,217.940,399.200,1.0000,-1,-1,-1
400,374,1235.360,467.890,139.010,391.480,1.0000,-1,-1,-1
400,375,1083.490,537.550,107.950,322.320,1.0000,-1,-1,-1
400,376,1416.920,540.910,116.460,313.430,1.0000,-1,-1,-1
400,377,1333.080,509.590,180.240,367.630,1.0000,-1,-1,-1
400,378,857.180,487.330,126.530,380.620,1.0000,-1,-1,-1
400,379,962.220,521.860,197.350,370.330,1.0000,-1,-1,-1
400,380,604.790,531.770,121.200,325.230,1.0000,-1,-1,-1
400,382,808.620,547.170,120.850,287.810,1.0000,-1,-1,-1
400,383,902.680,561.040,99.810,267.580,1.0000,-1,-1,-1
401,371,471.150,521.250,143.410,353.420,1.0000,-1,-1,-1
401,372,261.870,482.360,175.210,417.670,1.0000,-1,-1,-1
401,373,1117.210,505.940,252.270,400.250,1.0000,-1,-1,-1
401,374,1227.900,474.140,147.300,383.200,1.0000,-1,-1,-1
401,375,1081.080,537.690,110.500,322.060,1.0000,-1,-1,-1
401,376,1415.430,540.820,117.680,313.220,1.0000,-1,-1,-1
401,377,1313.490,509.200,201.440,367.930,1.0000,-1,-1,-1
401,378,839.260,500.640,143.640,367.350,1.0000,-1,-1,-1
401,379,941.770,520.140,219.060,372.290,1.0000,-1,-1,-1
401,380,592.890,534.690,139.950,322.380,1.0000,-1,-1,-1
401,382,786.940,551.640,143.870,282.950,1.0000,-1,-1,-1
401,383,892.210,558.340,113.500,270.610,1.0000,-1,-1,-1
402,371,471.800,520.010,155.110,354.670,1.0000,-1,-1,-1
402,372,248.800,484.430,187.650,416.250,1.0000,-1,-1,-1
402,373,1103.760,505.650,266.900,400.490,1.0000,-1,-1,-1
402,374,1226.200,477.110,149.200,380.710,1.0000,-1,-1,-1
402,375,1078.250,537.760,114.710,322.370,1.0000,-1,-1,-1
402,376,1415.760,541.080,117.770,313.050,1.0000,-1,-1,-1
402,377,1312.140,509.190,205.550,367.910,1.0000,-1,-1,-1
402,378,828.090,507.080,173.860,360.680,1.0000,-1,-1,-1
402,379,937.750,519.540,232.950,372.900,1.0000,-1,-1,-1
402,380,590.560,535.870,150.810,321.030,1.0000,-1,-1,-1
402,382,779.920,549.600,151.100,285.270,1.0000,-1,-1,-1
403,371,462.580,518.590,171.120,356.900,1.0000,-1,-1,-1
403,372,234.400,486.650,201.370,414.080,1.0000,-1,-1,-1
403,373,1099.190,506.700,271.240,399.380,1.0000,-1,-1,-1
403,374,1222.910,483.900,150.820,373.420,1.0000,-1,-1,-1
403,375,1081.000,537.460,113.900,322.560,1.0000,-1,-1,-1
403,376,1417.350,541.190,116.500,313.110,1.0000,-1,-1,-1
403,377,1314.260,509.050,203.550,368.120,1.0000,-1,-1,-1
403,378,817.440,524.760,187.460,343.170,1.0000,-1,-1,-1
403,379,937.190,518.370,239.690,374.310,1.0000,-1,-1,-1
403,380,592.520,537.800,159.190,318.740,1.0000,-1,-1,-1
403,382,776.280,546.150,156.860,288.950,1.0000,-1,-1,-1
403,383,887.530,558.670,123.480,271.530,1.0000,-1,-1,-1
404,371,452.170,519.220,178.200,356.400,1.0000,-1,-1,-1
404,372,232.810,485.050,206.740,415.770,1.0000,-1,-1,-1
404,373,1098.490,506.810,272.930,399.300,1.0000,-1,-1,-1
404,374,1220.060,488.090,153.410,368.990,1.0000,-1,-1,-1
404,375,1081.090,537.490,114.510,322.850,1.0000,-1,-1,-1
404,376,1419.470,541.280,114.660,313.200,1.0000,-1,-1,-1
404,377,1314.710,508.930,203.550,368.280,1.0000,-1,-1,-1
404,378,811.590,525.640,197.110,342.290,1.0000,-1,-1,-1
404,379,940.010,518.150,232.450,374.550,1.0000,-1,-1,-1
404,380,605.620,538.340,146.450,318.780,1.0000,-1,-1,-1
404,382,777.830,541.820,151.850,293.640,1.0000,-1,-1,-1
404,383,881.940,557.080,129.950,272.450,1.0000,-1,-1,-1
405,371,447.550,519.870,172.090,355.710,1.0000,-1,-1,-1
405,372,234.850,485.780,214.930,414.980,1.0000,-1,-1,-1
405,373,1100.930,496.270,268.910,409.850,1.0000,-1,-1,-1
405,374,1216.390,495.080,156.420,362.040,1.0000,-1,-1,-1
405,375,1084.690,537.430,110.590,323.210,1.0000,-1,-1,-1
405,376,1419.880,540.740,113.910,313.760,1.0000,-1,-1,-1
405,377,1314.220,508.850,204.540,368.500,1.0000,-1,-1,-1
405,378,805.620,526.100,204.300,341.590,1.0000,-1,-1,-1
405,379,956.230,517.900,211.690,374.740,1.0000,-1,-1,-1
405,380,587.240,539.160,163.210,318.330,1.0000,-1,-1,-1
405,382,784.170,547.880,159.550,287.610,1.0000,-1,-1,-1
405,383,884.220,563.790,126.620,266.230,1.0000,-1,-1,-1
406,371,449.390,519.440,168.060,356.000,1.0000,-1,-1,-1
406,372,238.950,488.940,216.440,413.050,1.0000,-1,-1,-1
406,373,1106.980,497.860,262.570,408.200,1.0000,-1,-1,-1
406,374,1216.040,498.620,155.540,357.910,1.0000,-1,-1,-1
406,375,1085.430,537.230,110.010,323.740,1.0000,-1,-1,-1
406,376,1420.730,540.750,113.440,313.860,1.0000,-1,-1,-1
406,377,1316.710,508.310,203.060,368.800,1.0000,-1,-1,-1
406,378,805.440,526.200,200.810,341.260,1.0000,-1,-1,-1
406,379,962.670,517.690,204.400,374.870,1.0000,-1,-1,-1
406,380,606.240,540.510,147.090,316.560,1.0000,-1,-1,-1
406,382,788.120,551.780,144.820,284.030,1.0000,-1,-1,-1
406,383,889.850,582.550,120.650,247.540,1.0000,-1,-1,-1
407,371,446.220,519.030,180.540,356.490,1.0000,-1,-1,-1
407,372,248.580,500.580,212.920,401.420,1.0000,-1,-1,-1
407,373,1119.250,504.320,250.050,401.880,1.0000,-1,-1,-1
407,374,1215.730,505.070,157.080,352.650,1.0000,-1,-1,-1
407,375,1086.030,537.360,111.400,324.010,1.0000,-1,-1,-1
407,376,1417.540,540.180,115.760,314.590,1.0000,-1,-1,-1
407,377,1354.910,507.980,163.120,369.310,1.0000,-1,-1,-1
407,378,813.000,526.590,193.360,340.880,1.0000,-1,-1,-1
407,379,991.090,517.360,175.330,375.310,1.0000,-1,-1,-1
407,380,610.460,543.030,149.920,313.980,1.0000,-1,-1,-1
407,382,789.220,555.810,140.540,280.190,1.0000,-1,-1,-1
407,383,880.340,563.200,126.440,266.790,1.0000,-1,-1,-1
408,371,446.370,520.500,188.070,355.110,1.0000,-1,-1,-1
408,372,250.420,507.360,210.100,394.330,1.0000,-1,-1,-1
408,373,1127.580,506.380,245.160,399.910,1.0000,-1,-1,-1
408,374,1214.770,506.810,159.580,350.850,1.0000,-1,-1,-1
408,375,1083.900,537.210,115.050,324.330,1.0000,-1,-1,-1
408,376,1397.890,540.090,135.160,314.590,1.0000,-1,-1,-1
408,377,1320.710,507.920,199.170,369.350,1.0000,-1,-1,-1
408,378,793.290,527.040,213.160,340.400,1.0000,-1,-1,-1
408,379,1006.840,517.460,159.090,375.100,1.0000,-1,-1,-1
408,380,605.500,544.050,160.870,312.970,1.0000,-1,-1,-1
408,382,789.640,555.670,136.040,280.300,1.0000,-1,-1,-1
408,383,873.600,565.190,131.990,264.520,1.0000,-1,-1,-1
409,371,451.850,528.080,192.540,347.500,1.0000,-1,-1,-1
409,372,250.410,513.010,208.280,388.560,1.0000,-1,-1,-1
409,373,1141.600,507.530,227.230,398.700,1.0000,-1,-1,-1
409,374,1217.630,508.290,159.140,349.650,1.0000,-1,-1,-1
409,375,1085.430,537.680,117.530,324.260,1.0000,-1,-1,-1
409,376,1409.020,539.470,123.120,315.450,1.0000,-1,-1,-1
409,377,1322.000,507.660,197.990,369.790,1.0000,-1,-1,-1
409,378,805.550,527.810,200.140,339.830,1.0000,-1,-1,-1
409,379,1025.870,516.910,140.530,375.780,1.0000,-1,-1,-1
409,380,590.950,545.260,168.010,311.620,1.0000,-1,-1,-1
409,382,788.060,554.980,136.070,281.240,1.0000,-1,-1,-1
409,383,877.580,570.960,129.110,259.000,1.0000,-1,-1,-1
410,371,453.370,531.070,192.250,344.310,1.0000,-1,-1,-1
410,372,251.580,511.330,206.730,390.570,1.0000,-1,-1,-1
410,373,1147.940,507.490,220.890,398.780,1.0000,-1,-1,-1
410,374,1216.760,508.710,159.970,349.750,1.0000,-1,-1,-1
410,375,1088.660,537.520,116.370,324.270,1.0000,-1,-1,-1
410,376,1421.420,539.530,110.400,314.900,1.0000,-1,-1,-1
410,377,1325.360,507.190,194.370,370.100,1.0000,-1,-1,-1
410,378,800.970,528.450,204.990,338.990,1.0000,-1,-1,-1
410,379,1026.550,516.620,139.310,376.030,1.0000,-1,-1,-1
410,380,619.660,545.350,123.440,311.320,1.0000,-1,-1,-1
410,382,786.580,555.280,135.730,280.780,1.0000,-1,-1,-1
410,383,879.310,567.270,128.330,262.570,1.0000,-1,-1,-1
411,371,455.730,531.550,187.900,343.770,1.0000,-1,-1,-1
411,372,242.870,507.960,213.150,393.810,1.0000,-1,-1,-1
411,373,1166.100,507.520,202.640,398.830,1.0000,-1,-1,-1
411,375,1090.550,537.640,118.080,323.960,1.0000,-1,-1,-1
411,376,1421.720,539.230,110.680,315.320,1.0000,-1,-1,-1
411,377,1333.210,505.710,186.380,371.560,1.0000,-1,-1,-1
411,378,831.480,529.880,176.410,337.870,1.0000,-1,-1,-1
411,379,1030.500,515.670,135.540,376.730,1.0000,-1,-1,-1
411,380,622.290,544.980,111.120,311.670,1.0000,-1,-1,-1
411,382,771.490,555.300,156.580,280.500,1.0000,-1,-1,-1
411,383,875.210,564.320,134.390,265.980,1.0000,-1,-1,-1
412,371,456.800,530.620,187.970,344.730,1.0000,-1,-1,-1
412,372,232.700,502.120,221.950,399.630,1.0000,-1,-1,-1
412,373,1179.960,507.240,188.460,398.890,1.0000,-1,-1,-1
412,375,1095.050,538.370,114.420,323.360,1.0000,-1,-1,-1
412,376,1421.670,539.140,110.690,315.170,1.0000,-1,-1,-1
412,377,1339.610,505.270,179.340,372.400,1.0000,-1,-1,-1
412,378,831.010,531.010,178.090,336.590,1.0000,-1,-1,-1
412,379,1031.700,515.230,134.820,377.070,1.0000,-1,-1,-1
412,380,623.370,545.090,110.430,311.630,1.0000,-1,-1,-1
412,382,754.440,556.000,183.300,279.860,1.0000,-1,-1,-1
412,383,873.000,574.500,136.550,256.180,1.0000,-1,-1,-1
413,371,457.600,527.570,188.750,347.820,1.0000,-1,-1,-1
413,372,227.340,503.520,226.640,398.800,1.0000,-1,-1,-1
413,373,1202.210,505.620,167.710,400.970,1.0000,-1,-1,-1
413,375,1088.720,541.230,120.250,320.540,1.0000,-1,-1,-1
413,376,1425.420,537.700,107.300,316.320,1.0000,-1,-1,-1
413,377,1351.800,501.200,163.860,376.710,1.0000,-1,-1,-1
413,378,866.880,533.040,148.740,334.890,1.0000,-1,-1,-1
413,379,1029.990,513.960,137.420,378.510,1.0000,-1,-1,-1
413,380,624.580,543.610,110.820,313.470,1.0000,-1,-1,-1
413,382,761.920,556.200,167.260,279.770,1.0000,-1,-1,-1
413,383,898.760,565.810,117.780,265.100,1.0000,-1,-1,-1
414,371,456.960,527.480,189.000,347.950,1.0000,-1,-1,-1
414,372,232.290,506.900,220.720,395.480,1.0000,-1,-1,-1
414,373,1202.750,504.450,168.280,401.970,1.0000,-1,-1,-1
414,375,1084.920,542.800,124.320,319.060,1.0000,-1,-1,-1
414,376,1422.290,536.810,110.730,317.420,1.0000,-1,-1,-1
414,377,1357.040,499.200,159.320,378.960,1.0000,-1,-1,-1
414,378,879.470,533.660,129.220,334.070,1.0000,-1,-1,-1
414,379,1028.090,513.770,139.450,378.350,1.0000,-1,-1,-1
414,380,624.740,543.400,111.230,313.600,1.0000,-1,-1,-1
414,382,774.080,553.320,155.860,282.540,1.0000,-1,-1,-1
414,383,890.250,568.930,125.670,262.060,1.0000,-1,-1,-1
415,371,453.290,526.940,189.500,348.650,1.0000,-1,-1,-1
415,372,250.550,507.050,199.740,395.660,1.0000,-1,-1,-1
415,373,1208.270,500.700,162.240,398.160,1.0000,-1,-1,-1
415,375,1090.230,545.820,122.990,315.860,1.0000,-1,-1,-1
415,376,1421.210,535.460,110.530,318.190,1.0000,-1,-1,-1
415,377,1362.290,494.810,147.540,383.270,1.0000,-1,-1,-1
415,378,903.240,534.220,99.360,333.300,1.0000,-1,-1,-1
415,379,995.770,512.310,171.780,379.460,1.0000,-1,-1,-1
415,380,625.950,543.920,111.000,313.150,1.0000,-1,-1,-1
415,382,776.500,556.080,163.120,279.590,1.0000,-1,-1,-1
416,371,452.140,526.980,189.850,348.590,1.0000,-1,-1,-1
416,372,249.760,507.140,199.760,395.670,1.0000,-1,-1,-1
416,373,1216.320,497.760,160.570,404.690,1.0000,-1,-1,-1
416,375,1093.400,546.630,122.090,314.570,1.0000,-1,-1,-1
416,376,1417.030,535.480,111.980,318.030,1.0000,-1,-1,-1
416,377,1366.180,494.490,155.980,383.220,1.0000,-1,-1,-1
416,378,907.980,534.220,101.600,333.480,1.0000,-1,-1,-1
416,379,997.770,511.780,168.950,379.820,1.0000,-1,-1,-1
416,380,626.640,543.930,110.940,313.180,1.0000,-1,-1,-1
416,382,775.900,555.400,163.050,280.130,1.0000,-1,-1,-1
417,371,451.320,526.170,186.240,349.250,1.0000,-1,-1,-1
417,372,254.350,493.050,195.190,411.090,1.0000,-1,-1,-1
417,373,1221.960,495.570,161.940,409.780,1.0000,-1,-1,-1
417,375,1092.030,544.950,120.850,316.960,1.0000,-1,-1,-1
417,376,1421.840,534.600,99.350,317.260,1.0000,-1,-1,-1
417,377,1368.610,497.740,150.590,379.750,1.0000,-1,-1,-1
417,378,881.640,532.810,142.850,335.000,1.0000,-1,-1,-1
417,379,1003.190,509.710,157.750,381.740,1.0000,-1,-1,-1
417,380,628.930,544.110,109.690,313.000,1.0000,-1,-1,-1
417,382,767.450,527.340,156.430,308.350,1.0000,-1,-1,-1
418,371,451.480,525.080,183.470,350.290,1.0000,-1,-1,-1
418,372,251.950,484.170,197.370,421.320,1.0000,-1,-1,-1
418,373,1229.270,495.130,155.770,410.200,1.0000,-1,-1,-1
418,375,1092.480,543.220,121.390,318.320,1.0000,-1,-1,-1
418,376,1426.630,534.090,94.720,318.030,1.0000,-1,-1,-1
418,377,1368.120,500.520,150.440,377.070,1.0000,-1,-1,-1
418,378,894.560,531.270,132.340,336.520,1.0000,-1,-1,-1
418,379,1024.560,509.170,132.820,381.830,1.0000,-1,-1,-1
418,380,629.920,544.530,109.260,312.480,1.0000,-1,-1,-1
418,382,764.360,527.070,156.440,308.500,1.0000,-1,-1,-1
419,371,446.720,525.020,198.400,350.390,1.0000,-1,-1,-1
419,372,233.070,489.130,229.780,416.380,1.0000,-1,-1,-1
419,373,1239.390,492.750,146.500,413.190,1.0000,-1,-1,-1
419,375,1102.080,540.900,113.420,318.150,1.0000,-1,-1,-1
419,376,1429.150,534.640,97.580,317.440,1.0000,-1,-1,-1
419,377,1363.790,504.650,144.010,368.300,1.0000,-1,-1,-1
419,378,907.120,530.170,119.020,332.040,1.0000,-1,-1,-1
419,379,1020.820,509.830,129.990,366.470,1.0000,-1,-1,-1
419,380,621.570,544.590,133.550,312.530,1.0000,-1,-1,-1
419,382,761.920,528.530,159.570,307.050,1.0000,-1,-1,-1
420,371,447.250,524.490,200.540,350.730,1.0000,-1,-1,-1
420,372,225.870,494.690,246.830,411.210,1.0000,-1,-1,-1
420,373,1232.120,489.850,153.290,416.060,1.0000,-1,-1,-1
420,375,1100.030,540.690,116.580,314.610,1.0000,-1,-1,-1
420,376,1430.790,534.820,102.280,317.340,1.0000,-1,-1,-1
420,377,1359.970,506.600,139.020,365.880,1.0000,-1,-1,-1
420,378,905.460,530.250,120.790,326.110,1.0000,-1,-1,-1
420,379,1018.560,510.290,130.640,365.920,1.0000,-1,-1,-1
420,380,603.510,544.550,163.190,312.250,1.0000,-1,-1,-1
420,382,771.240,530.610,146.330,304.080,1.0000,-1,-1,-1
420,383,904.880,560.010,95.920,268.380,1.0000,-1,-1,-1
421,371,436.590,525.860,218.500,349.550,1.0000,-1,-1,-1
421,372,222.000,505.320,267.140,400.000,1.0000,-1,-1,-1
421,373,1212.600,486.440,174.900,420.360,1.0000,-1,-1,-1
421,375,1106.820,542.390,113.160,305.940,1.0000,-1,-1,-1
421,376,1435.520,535.230,128.610,316.440,1.0000,-1,-1,-1
421,377,1347.690,510.430,139.270,362.440,1.0000,-1,-1,-1
421,378,900.360,532.660,126.670,323.030,1.0000,-1,-1,-1
421,379,1015.660,510.450,131.720,365.080,1.0000,-1,-1,-1
421,380,573.870,544.170,207.550,313.840,1.0000,-1,-1,-1
421,382,795.670,545.140,117.100,288.580,1.0000,-1,-1,-1
421,383,898.040,562.030,105.830,266.410,1.0000,-1,-1,-1
422,371,426.440,525.830,227.860,349.500,1.0000,-1,-1,-1
422,372,223.520,504.970,270.520,401.310,1.0000,-1,-1,-1
422,373,1206.860,485.450,179.780,421.120,1.0000,-1,-1,-1
422,375,1092.970,543.670,128.430,304.790,1.0000,-1,-1,-1
422,376,1434.210,535.050,146.730,316.410,1.0000,-1,-1,-1
422,377,1326.140,511.510,157.260,360.550,1.0000,-1,-1,-1
422,378,908.170,534.390,126.280,321.140,1.0000,-1,-1,-1
422,379,1013.520,509.420,133.230,366.540,1.0000,-1,-1,-1
422,380,572.570,544.040,226.770,313.390,1.0000,-1,-1,-1
422,382,795.960,550.400,109.580,283.140,1.0000,-1,-1,-1
422,383,889.130,561.780,118.470,266.320,1.0000,-1,-1,-1
423,371,439.540,527.010,212.070,348.640,1.0000,-1,-1,-1
423,372,226.170,505.920,278.140,399.710,1.0000,-1,-1,-1
423,373,1220.590,483.330,166.500,422.700,1.0000,-1,-1,-1
423,375,1112.140,546.200,108.770,302.880,1.0000,-1,-1,-1
423,376,1424.380,534.830,178.690,317.030,1.0000,-1,-1,-1
423,377,1299.740,512.260,182.740,359.690,1.0000,-1,-1,-1
423,378,889.630,535.690,163.000,320.330,1.0000,-1,-1,-1
423,379,1010.320,508.300,136.610,367.970,1.0000,-1,-1,-1
423,380,603.710,542.980,194.690,313.070,1.0000,-1,-1,-1
423,382,780.460,549.850,112.400,283.830,1.0000,-1,-1,-1
423,383,881.380,563.020,113.470,264.820,1.0000,-1,-1,-1
424,371,431.420,526.970,217.120,348.660,1.0000,-1,-1,-1
424,372,228.970,507.150,283.520,397.850,1.0000,-1,-1,-1
424,373,1235.010,482.800,152.210,422.690,1.0000,-1,-1,-1
424,375,1112.940,546.970,107.430,302.320,1.0000,-1,-1,-1
424,376,1420.980,535.020,187.040,316.710,1.0000,-1,-1,-1
424,377,1302.650,512.360,179.200,359.660,1.0000,-1,-1,-1
424,378,879.190,535.420,179.410,319.230,1.0000,-1,-1,-1
424,379,1005.290,508.010,140.200,368.630,1.0000,-1,-1,-1
424,380,639.350,541.760,152.530,313.690,1.0000,-1,-1,-1
424,382,774.370,549.490,113.920,283.770,1.0000,-1,-1,-1
424,383,878.590,563.550,111.860,265.120,1.0000,-1,-1,-1
425,371,450.130,524.900,179.220,350.460,1.0000,-1,-1,-1
425,372,238.340,511.320,258.740,393.910,1.0000,-1,-1,-1
425,373,1232.670,481.730,154.510,423.140,1.0000,-1,-1,-1
425,374,1235.890,525.870,123.150,332.220,1.0000,-1,-1,-1
425,375,1114.690,549.820,105.990,299.800,1.0000,-1,-1,-1
425,376,1410.730,535.960,196.340,315.860,1.0000,-1,-1,-1
425,377,1256.550,510.370,226.290,362.580,1.0000,-1,-1,-1
425,378,945.870,533.230,94.820,307.780,1.0000,-1,-1,-1
425,379,989.980,505.850,150.240,371.450,1.0000,-1,-1,-1
425,380,640.730,534.930,124.580,320.940,1.0000,-1,-1,-1
425,382,767.320,548.820,109.590,285.400,1.0000,-1,-1,-1
425,383,872.470,563.030,127.590,265.850,1.0000,-1,-1,-1
426,371,449.910,523.670,158.240,351.690,1.0000,-1,-1,-1
426,372,243.590,512.770,238.750,392.690,1.0000,-1,-1,-1
426,373,1249.280,481.470,137.590,423.200,1.0000,-1,-1,-1
426,374,1237.490,512.740,125.190,337.030,1.0000,-1,-1,-1
426,375,1115.870,551.430,105.430,298.280,1.0000,-1,-1,-1
426,376,1410.410,536.570,192.290,315.300,1.0000,-1,-1,-1
426,377,1233.400,509.410,249.930,363.910,1.0000,-1,-1,-1
426,378,935.520,532.540,110.610,320.160,1.0000,-1,-1,-1
426,379,982.570,504.300,154.370,373.600,1.0000,-1,-1,-1
426,380,645.270,529.840,108.370,325.870,1.0000,-1,-1,-1
426,382,764.110,547.570,114.300,286.590,1.0000,-1,-1,-1
426,383,868.580,561.710,124.990,263.570,1.0000,-1,-1,-1
427,371,452.970,520.530,121.510,365.440,1.0000,-1,-1,-1
427,372,259.440,512.530,204.930,392.750,1.0000,-1,-1,-1
427,373,1242.990,481.690,173.460,426.990,1.0000,-1,-1,-1
427,374,1229.960,512.630,132.070,331.500,1.0000,-1,-1,-1
427,375,1115.130,552.240,107.200,297.610,1.0000,-1,-1,-1
427,376,1406.770,538.990,177.200,313.250,1.0000,-1,-1,-1
427,377,1232.970,508.910,240.380,363.420,1.0000,-1,-1,-1
427,378,925.710,532.230,109.520,322.390,1.0000,-1,-1,-1
427,379,958.700,501.100,171.290,376.390,1.0000,-1,-1,-1
427,380,648.710,523.300,90.840,337.840,1.0000,-1,-1,-1
427,382,754.750,546.470,122.310,287.290,1.0000,-1,-1,-1
427,383,860.480,560.260,121.480,265.220,1.0000,-1,-1,-1
428,371,456.150,518.850,125.940,368.270,1.0000,-1,-1,-1
428,372,281.130,511.520,180.510,393.650,1.0000,-1,-1,-1
428,373,1245.630,482.520,180.890,426.070,1.0000,-1,-1,-1
428,375,1114.900,552.810,106.660,296.730,1.0000,-1,-1,-1
428,376,1395.180,539.950,176.980,312.540,1.0000,-1,-1,-1
428,377,1226.350,512.430,230.240,360.360,1.0000,-1,-1,-1
428,378,925.750,533.060,114.220,319.840,1.0000,-1,-1,-1
428,379,957.210,500.490,167.480,377.920,1.0000,-1,-1,-1
428,380,648.240,523.940,88.340,338.660,1.0000,-1,-1,-1
428,382,743.180,546.840,136.590,291.650,1.0000,-1,-1,-1
428,383,860.200,560.400,121.570,267.850,1.0000,-1,-1,-1
429,371,459.540,517.060,134.950,372.590,1.0000,-1,-1,-1
429,372,288.130,509.150,171.870,392.260,1.0000,-1,-1,-1
429,373,1233.850,482.690,193.900,426.300,1.0000,-1,-1,-1
429,375,1115.350,555.120,108.260,292.710,1.0000,-1,-1,-1
429,376,1402.810,540.980,137.360,311.300,1.0000,-1,-1,-1
429,377,1229.610,512.130,191.240,360.860,1.0000,-1,-1,-1
429,378,932.850,535.060,97.950,317.070,1.0000,-1,-1,-1
429,379,946.540,500.800,159.860,378.400,1.0000,-1,-1,-1
429,380,645.290,525.100,104.130,338.560,1.0000,-1,-1,-1
429,382,732.340,550.620,149.740,287.320,1.0000,-1,-1,-1
429,383,862.560,561.700,111.020,268.370,1.0000,-1,-1,-1
430,371,459.810,515.510,133.660,374.210,1.0000,-1,-1,-1
430,372,292.170,507.330,163.620,390.620,1.0000,-1,-1,-1
430,373,1253.480,482.890,154.670,426.240,1.0000,-1,-1,-1
430,375,1116.000,555.870,107.580,291.420,1.0000,-1,-1,-1
430,376,1408.240,540.870,125.300,311.030,1.0000,-1,-1,-1
430,377,1224.040,512.440,174.700,360.590,1.0000,-1,-1,-1
430,378,932.020,536.900,99.290,313.140,1.0000,-1,-1,-1
430,379,935.030,502.420,161.960,378.200,1.0000,-1,-1,-1
430,380,638.800,525.760,123.980,337.640,1.0000,-1,-1,-1
430,382,735.320,551.410,144.220,287.000,1.0000,-1,-1,-1
430,383,864.570,563.400,107.490,266.440,1.0000,-1,-1,-1
431,371,458.340,512.820,130.900,377.360,1.0000,-1,-1,-1
431,372,306.050,507.420,121.510,381.830,1.0000,-1,-1,-1
431,373,1233.940,482.600,155.740,425.280,1.0000,-1,-1,-1
431,375,1118.830,556.090,104.940,287.190,1.0000,-1,-1,-1
431,376,1433.950,539.730,100.110,310.930,1.0000,-1,-1,-1
431,377,1225.700,511.360,135.410,361.440,1.0000,-1,-1,-1
431,378,903.150,537.730,120.140,309.100,1.0000,-1,-1,-1
431,379,921.920,502.210,158.350,380.470,1.0000,-1,-1,-1
431,380,625.560,532.380,166.130,331.440,1.0000,-1,-1,-1
431,382,744.710,552.600,125.230,285.300,1.0000,-1,-1,-1
431,383,864.470,565.530,103.370,264.850,1.0000,-1,-1,-1
432,371,457.770,511.000,133.300,379.530,1.0000,-1,-1,-1
432,372,316.290,508.480,110.620,376.290,1.0000,-1,-1,-1
432,373,1228.220,482.900,160.800,423.360,1.0000,-1,-1,-1
432,375,1120.270,556.170,104.440,283.460,1.0000,-1,-1,-1
432,376,1434.210,539.710,98.630,307.240,1.0000,-1,-1,-1
432,377,1226.340,510.920,131.490,362.640,1.0000,-1,-1,-1
432,378,901.180,539.450,119.700,306.940,1.0000,-1,-1,-1
432,379,902.540,503.720,173.630,379.060,1.0000,-1,-1,-1
432,380,623.430,536.350,174.300,327.510,1.0000,-1,-1,-1
432,382,752.810,553.100,110.920,284.850,1.0000,-1,-1,-1
432,383,864.280,565.860,107.780,264.390,1.0000,-1,-1,-1
433,371,454.400,510.320,137.070,380.390,1.0000,-1,-1,-1
433,372,329.930,511.690,116.200,367.070,1.0000,-1,-1,-1
433,373,1237.050,485.130,146.770,421.160,1.0000,-1,-1,-1
433,375,1123.910,557.570,100.300,273.320,1.0000,-1,-1,-1
433,376,1433.360,539.770,94.470,303.690,1.0000,-1,-1,-1
433,377,1220.380,508.770,119.730,363.880,1.0000,-1,-1,-1
433,378,920.620,539.470,104.200,306.550,1.0000,-1,-1,-1
433,379,921.520,505.060,158.830,376.710,1.0000,-1,-1,-1
433,380,602.800,545.260,202.200,318.480,1.0000,-1,-1,-1
433,382,759.120,553.880,108.310,283.870,1.0000,-1,-1,-1
433,383,863.030,564.700,107.360,266.400,1.0000,-1,-1,-1
434,371,452.480,509.770,140.770,380.920,1.0000,-1,-1,-1
434,372,331.970,514.170,119.670,363.970,1.0000,-1,-1,-1
434,373,1240.860,485.430,138.530,420.400,1.0000,-1,-1,-1
434,375,1126.050,559.530,98.040,271.600,1.0000,-1,-1,-1
434,376,1430.870,539.800,99.850,303.450,1.0000,-1,-1,-1
434,377,1215.520,508.440,120.950,364.020,1.0000,-1,-1,-1
434,378,927.740,539.560,103.030,306.540,1.0000,-1,-1,-1
434,379,928.510,505.500,162.270,375.720,1.0000,-1,-1,-1
434,380,592.960,548.520,214.320,315.400,1.0000,-1,-1,-1
434,382,759.230,553.490,129.330,284.170,1.0000,-1,-1,-1
434,383,858.990,563.140,103.820,264.470,1.0000,-1,-1,-1
435,371,452.720,509.520,156.610,381.130,1.0000,-1,-1,-1
435,372,338.270,519.640,115.050,355.420,1.0000,-1,-1,-1
435,373,1247.900,484.140,134.730,421.730,1.0000,-1,-1,-1
435,375,1130.680,563.450,94.770,268.320,1.0000,-1,-1,-1
435,376,1425.990,539.920,103.230,302.720,1.0000,-1,-1,-1
435,377,1213.740,500.750,108.010,374.270,1.0000,-1,-1,-1
435,379,930.900,506.910,153.030,372.580,1.0000,-1,-1,-1
435,380,586.900,555.540,225.620,308.570,1.0000,-1,-1,-1
435,382,759.040,552.510,127.860,284.650,1.0000,-1,-1,-1
435,383,862.770,561.970,113.950,266.620,1.0000,-1,-1,-1
436,371,456.510,509.620,159.230,381.400,1.0000,-1,-1,-1
436,372,339.680,523.220,110.370,351.540,1.0000,-1,-1,-1
436,373,1236.650,482.740,137.480,422.470,1.0000,-1,-1,-1
436,375,1131.870,566.760,94.110,263.860,1.0000,-1,-1,-1
436,376,1420.580,540.000,103.030,302.120,1.0000,-1,-1,-1
436,377,1219.610,503.710,96.530,372.760,1.0000,-1,-1,-1
436,379,926.610,507.610,154.840,372.870,1.0000,-1,-1,-1
436,380,584.390,558.400,229.800,305.670,1.0000,-1,-1,-1
436,382,759.080,552.330,126.330,284.850,1.0000,-1,-1,-1
436,383,863.470,561.510,112.220,270.240,1.0000,-1,-1,-1
437,371,447.900,512.020,170.780,379.300,1.0000,-1,-1,-1
437,372,342.640,534.160,111.210,340.910,1.0000,-1,-1,-1
437,373,1223.290,482.240,175.560,423.620,1.0000,-1,-1,-1
437,375,1134.680,575.510,94.950,254.880,1.0000,-1,-1,-1
437,376,1413.780,541.320,114.540,301.060,1.0000,-1,-1,-1
437,377,1216.610,500.070,104.650,377.960,1.0000,-1,-1,-1
437,379,907.540,509.970,158.970,375.290,1.0000,-1,-1,-1
437,380,579.700,561.740,233.570,302.270,1.0000,-1,-1,-1
437,382,758.910,551.680,126.950,286.460,1.0000,-1,-1,-1
437,383,863.540,562.770,116.750,272.700,1.0000,-1,-1,-1
438,371,425.880,514.010,212.160,377.250,1.0000,-1,-1,-1
438,372,343.800,541.510,118.440,334.340,1.0000,-1,-1,-1
438,373,1220.880,483.340,192.150,422.200,1.0000,-1,-1,-1
438,375,1134.940,580.880,97.370,249.370,1.0000,-1,-1,-1
438,376,1407.640,543.800,125.130,298.640,1.0000,-1,-1,-1
438,377,1211.220,501.870,112.240,375.710,1.0000,-1,-1,-1
438,378,928.830,565.360,143.530,278.570,1.0000,-1,-1,-1
438,379,909.050,512.160,144.760,374.210,1.0000,-1,-1,-1
438,380,578.160,565.530,234.690,298.050,1.0000,-1,-1,-1
438,382,759.290,551.460,126.900,286.880,1.0000,-1,-1,-1
438,383,862.000,562.736,116.318,272.764,0.8500,-1,-1,-1
439,371,406.360,523.600,249.460,367.620,1.0000,-1,-1,-1
439,372,325.400,556.000,155.490,319.370,1.0000,-1,-1,-1
439,373,1142.610,489.590,340.620,412.980,1.0000,-1,-1,-1
439,374,1144.220,530.680,185.850,333.450,1.0000,-1,-1,-1
439,375,1139.330,591.580,99.230,239.510,1.0000,-1,-1,-1
439,376,1371.060,551.820,169.380,291.220,1.0000,-1,-1,-1
439,377,1143.260,512.400,200.300,364.600,1.0000,-1,-1,-1
439,378,917.540,571.040,159.380,272.600,1.0000,-1,-1,-1
439,379,877.420,518.110,169.580,368.590,1.0000,-1,-1,-1
439,380,574.090,571.960,242.630,291.410,1.0000,-1,-1,-1
439,382,759.460,551.580,127.570,286.660,1.0000,-1,-1,-1
439,383,860.460,562.702,115.885,272.827,0.8500,-1,-1,-1
440,371,401.540,527.300,261.000,363.900,1.0000,-1,-1,-1
440,372,321.590,562.400,163.120,311.780,1.0000,-1,-1,-1
440,373,1142.470,495.010,345.930,406.800,1.0000,-1,-1,-1
440,374,1144.980,523.130,182.180,336.100,1.0000,-1,-1,-1
440,375,1139.910,596.010,96.110,234.270,1.0000,-1,-1,-1
440,376,1358.770,557.400,193.410,285.630,1.0000,-1,-1,-1
440,377,1142.120,520.240,204.560,356.520,1.0000,-1,-1,-1
440,378,930.130,542.960,159.530,300.150,1.0000,-1,-1,-1
440,379,868.330,520.640,182.740,365.850,1.0000,-1,-1,-1
440,380,571.840,574.830,251.350,288.520,1.0000,-1,-1,-1
440,382,759.570,551.770,126.700,286.650,1.0000,-1,-1,-1
440,383,858.920,562.668,115.453,272.891,0.8500,-1,-1,-1
441,371,399.940,535.990,265.900,354.970,1.0000,-1,-1,-1
441,372,323.750,574.280,166.790,299.750,1.0000,-1,-1,-1
441,373,1144.270,504.040,343.590,400.580,1.0000,-1,-1,-1
441,374,1146.340,530.520,208.880,334.240,1.0000,-1,-1,-1
441,375,1143.640,607.110,116.470,222.030,1.0000,-1,-1,-1
441,376,1346.840,570.860,223.030,271.500,1.0000,-1,-1,-1
441,377,1144.920,527.590,213.500,350.210,1.0000,-1,-1,-1
441,378,928.600,542.430,176.180,298.960,1.0000,-1,-1,-1
441,379,861.530,526.530,196.230,359.450,1.0000,-1,-1,-1
441,380,571.000,581.520,243.430,281.920,1.0000,-1,-1,-1
441,382,758.950,551.690,127.010,287.240,1.0000,-1,-1,-1
441,383,857.379,562.634,115.021,272.955,0.8500,-1,-1,-1
442,371,396.980,541.200,269.120,349.720,1.0000,-1,-1,-1
442,372,325.050,579.270,167.320,294.560,1.0000,-1,-1,-1
442,373,1145.850,509.000,340.070,397.210,1.0000,-1,-1,-1
442,374,1149.420,533.230,189.050,328.460,1.0000,-1,-1,-1
442,375,1144.330,612.370,114.450,216.920,1.0000,-1,-1,-1
442,376,1345.540,577.880,229.130,264.100,1.0000,-1,-1,-1
442,377,1146.770,532.970,214.430,345.450,1.0000,-1,-1,-1
442,378,927.990,542.960,178.290,298.230,1.0000,-1,-1,-1
442,379,863.090,528.620,200.260,358.080,1.0000,-1,-1,-1
442,380,570.480,584.160,244.940,279.380,1.0000,-1,-1,-1
442,382,759.070,551.720,128.000,286.930,1.0000,-1,-1,-1
442,383,855.839,562.600,114.588,273.019,0.8500,-1,-1,-1
443,371,394.160,547.590,272.260,343.270,1.0000,-1,-1,-1
443,372,325.770,589.280,171.210,284.560,1.0000,-1,-1,-1
443,373,1149.760,519.670,332.750,387.410,1.0000,-1,-1,-1
443,375,1142.910,620.340,120.830,209.630,1.0000,-1,-1,-1
443,376,1345.990,599.890,230.000,241.000,1.0000,-1,-1,-1
443,377,1145.840,539.900,214.800,338.800,1.0000,-1,-1,-1
443,378,927.610,541.600,168.630,299.400,1.0000,-1,-1,-1
443,379,876.850,534.640,200.810,351.900,1.0000,-1,-1,-1
443,380,570.460,590.770,243.300,272.710,1.0000,-1,-1,-1
443,382,761.510,551.900,131.170,285.900,1.0000,-1,-1,-1
443,383,854.299,562.566,114.156,273.082,0.8500,-1,-1,-1
444,371,395.390,551.970,271.200,338.940,1.0000,-1,-1,-1
444,372,325.230,593.390,173.970,280.430,1.0000,-1,-1,-1
444,373,1145.180,524.340,338.200,382.450,1.0000,-1,-1,-1
444,374,1156.810,545.100,205.280,326.460,1.0000,-1,-1,-1
444,375,1142.090,625.340,119.470,204.420,1.0000,-1,-1,-1
444,376,1344.920,604.570,228.370,239.600,1.0000,-1,-1,-1
444,377,1144.910,543.940,219.010,334.270,1.0000,-1,-1,-1
444,378,937.320,541.000,142.760,300.460,1.0000,-1,-1,-1
444,379,882.030,537.610,197.560,348.810,1.0000,-1,-1,-1
444,380,569.750,592.940,260.460,270.280,1.0000,-1,-1,-1
444,382,764.870,551.770,134.320,285.200,1.0000,-1,-1,-1
444,383,852.759,562.532,113.724,273.146,0.8500,-1,-1,-1
445,371,400.710,559.270,264.320,331.150,1.0000,-1,-1,-1
445,372,320.980,601.230,182.310,272.310,1.0000,-1,-1,-1
445,373,1143.360,534.300,341.400,371.950,1.0000,-1,-1,-1
445,374,1143.310,550.710,210.820,327.330,1.0000,-1,-1,-1
445,375,1140.230,634.370,118.820,194.360,1.0000,-1,-1,-1
445,376,1346.070,621.420,220.120,219.340,1.0000,-1,-1,-1
445,377,1144.050,551.730,216.990,326.390,1.0000,-1,-1,-1
445,378,949.430,539.480,134.300,300.980,1.0000,-1,-1,-1
445,379,893.320,543.990,188.540,342.230,1.0000,-1,-1,-1
445,380,569.240,599.290,247.560,263.590,1.0000,-1,-1,-1
445,382,767.630,551.870,124.460,284.210,1.0000,-1,-1,-1
445,383,851.219,562.497,113.291,273.210,0.8500,-1,-1,-1
446,371,397.410,562.940,267.170,327.410,1.0000,-1,-1,-1
446,372,318.770,605.100,183.290,268.310,1.0000,-1,-1,-1
446,373,1142.580,539.100,338.630,367.080,1.0000,-1,-1,-1
446,374,1142.840,555.960,220.690,322.650,1.0000,-1,-1,-1
446,375,1141.130,640.690,118.080,187.670,1.0000,-1,-1,-1
446,376,1346.070,618.460,219.000,221.990,1.0000,-1,-1,-1
446,377,1142.950,556.300,218.850,322.010,1.0000,-1,-1,-1
446,378,941.920,538.770,143.050,300.630,1.0000,-1,-1,-1
446,379,897.660,547.410,185.300,339.080,1.0000,-1,-1,-1
446,380,570.540,601.920,244.040,260.760,1.0000,-1,-1,-1
446,382,766.270,552.150,124.960,283.590,1.0000,-1,-1,-1
446,383,849.679,562.463,112.859,273.274,0.8500,-1,-1,-1
447,371,397.040,569.660,263.620,318.460,1.0000,-1,-1,-1
447,372,314.030,611.160,188.280,261.880,1.0000,-1,-1,-1
447,373,1138.510,549.430,344.460,356.480,1.0000,-1,-1,-1
447,374,1139.060,563.550,218.760,314.270,1.0000,-1,-1,-1
447,375,1141.140,647.780,118.070,179.820,1.0000,-1,-1,-1
447,376,1347.970,633.580,208.260,206.520,1.0000,-1,-1,-1
447,377,1139.730,563.580,211.800,314.140,1.0000,-1,-1,-1
447,378,947.690,537.700,134.290,301.060,1.0000,-1,-1,-1
447,379,892.210,555.220,190.260,332.680,1.0000,-1,-1,-1
447,380,569.830,607.110,247.490,255.670,1.0000,-1,-1,-1
447,382,771.690,552.120,120.320,283.340,1.0000,-1,-1,-1
447,383,848.138,562.429,112.427,273.337,0.8500,-1,-1,-1
448,371,397.790,574.210,253.710,313.110,1.0000,-1,-1,-1
448,372,310.680,614.070,192.380,258.660,1.0000,-1,-1,-1
448,373,1137.370,554.800,347.400,350.930,1.0000,-1,-1,-1
448,374,1138.240,566.270,218.290,312.180,1.0000,-1,-1,-1
448,375,1140.250,654.210,120.110,173.700,1.0000,-1,-1,-1
448,376,1347.820,640.340,205.840,199.360,1.0000,-1,-1,-1
448,377,1138.060,566.210,216.460,312.060,1.0000,-1,-1,-1
448,378,968.500,537.020,112.400,301.480,1.0000,-1,-1,-1
448,379,879.310,559.580,204.210,328.880,1.0000,-1,-1,-1
448,380,570.040,610.020,246.160,252.640,1.0000,-1,-1,-1
448,382,776.800,552.200,114.520,283.300,1.0000,-1,-1,-1
448,383,846.598,562.395,111.994,273.401,0.8500,-1,-1,-1
449,371,397.220,580.160,248.750,307.280,1.0000,-1,-1,-1
449,372,308.330,619.700,194.810,252.430,1.0000,-1,-1,-1
449,373,1137.190,565.680,340.770,339.780,1.0000,-1,-1,-1
449,374,1137.150,572.620,223.370,303.440,1.0000,-1,-1,-1
449,375,1145.430,656.320,119.030,172.090,1.0000,-1,-1,-1
449,376,1349.640,641.200,202.650,198.630,1.0000,-1,-1,-1
449,377,1137.750,572.430,221.910,304.110,1.0000,-1,-1,-1
449,378,979.960,536.890,111.510,302.580,1.0000,-1,-1,-1
449,379,822.350,566.680,273.620,320.900,1.0000,-1,-1,-1
449,380,569.880,614.650,242.520,247.930,1.0000,-1,-1,-1
449,382,780.160,547.490,105.200,287.370,1.0000,-1,-1,-1
449,383,845.058,562.361,111.562,273.465,0.8500,-1,-1,-1
450,371,395.270,584.420,256.420,303.110,1.0000,-1,-1,-1
450,372,300.120,621.660,205.360,250.310,1.0000,-1,-1,-1
450,373,1136.620,571.110,335.290,334.470,1.0000,-1,-1,-1
450,374,1136.910,576.650,227.670,299.950,1.0000,-1,-1,-1
450,375,1140.530,659.940,126.730,171.410,1.0000,-1,-1,-1
450,376,1348.650,640.640,208.230,199.130,1.0000,-1,-1,-1
450,377,1135.100,575.670,229.420,300.350,1.0000,-1,-1,-1
450,378,981.320,536.730,110.760,303.170,1.0000,-1,-1,-1
450,379,822.680,571.510,273.910,316.140,1.0000,-1,-1,-1
450,380,569.560,617.020,243.850,245.600,1.0000,-1,-1,-1
450,382,779.860,544.070,100.460,291.180,1.0000,-1,-1,-1
450,383,843.518,562.327,111.130,273.529,0.8500,-1,-1,-1
451,371,392.860,591.430,271.070,297.160,1.0000,-1,-1,-1
451,372,294.220,625.890,208.090,246.260,1.0000,-1,-1,-1
451,373,1135.620,583.030,333.870,322.300,1.0000,-1,-1,-1
451,374,1136.960,583.010,227.230,290.740,1.0000,-1,-1,-1
451,375,1140.510,668.100,128.750,164.670,1.0000,-1,-1,-1
451,376,1353.350,645.370,211.680,194.510,1.0000,-1,-1,-1
451,377,1137.900,585.810,227.020,288.620,1.0000,-1,-1,-1
451,378,981.700,533.540,115.390,306.240,1.0000,-1,-1,-1
451,379,823.700,578.890,274.960,308.240,1.0000,-1,-1,-1
451,380,569.310,621.600,243.610,240.910,1.0000,-1,-1,-1
451,382,779.870,541.120,84.960,294.410,1.0000,-1,-1,-1
451,383,841.978,562.293,110.697,273.592,0.8500,-1,-1,-1
452,371,393.320,595.310,271.830,293.260,1.0000,-1,-1,-1
452,372,292.380,626.840,209.480,245.310,1.0000,-1,-1,-1
452,373,1136.380,589.000,333.020,316.040,1.0000,-1,-1,-1
452,374,1138.100,587.880,229.320,285.440,1.0000,-1,-1,-1
452,375,1140.610,671.530,126.680,161.390,1.0000,-1,-1,-1
452,376,1351.910,646.970,214.620,193.070,1.0000,-1,-1,-1
452,377,1137.730,586.350,228.380,286.390,1.0000,-1,-1,-1
452,378,980.210,532.040,115.290,307.720,1.0000,-1,-1,-1
452,379,826.200,583.390,272.490,303.560,1.0000,-1,-1,-1
452,380,568.620,623.970,244.760,238.380,1.0000,-1,-1,-1
452,382,780.040,541.130,78.450,294.570,1.0000,-1,-1,-1
452,383,840.438,562.259,110.265,273.656,0.8500,-1,-1,-1
453,371,391.560,602.040,275.050,286.420,1.0000,-1,-1,-1
453,372,294.340,628.710,206.920,243.560,1.0000,-1,-1,-1
453,373,1137.160,600.950,333.900,303.940,1.0000,-1,-1,-1
453,374,1139.290,593.320,231.240,279.120,1.0000,-1,-1,-1
453,375,1139.730,675.880,125.560,157.620,1.0000,-1,-1,-1
453,376,1354.800,640.560,211.100,199.250,1.0000,-1,-1,-1
453,377,1140.980,595.960,230.020,275.540,1.0000,-1,-1,-1
453,378,977.180,533.460,105.110,307.090,1.0000,-1,-1,-1
453,379,829.490,590.670,271.300,296.180,1.0000,-1,-1,-1
453,380,568.880,627.310,244.930,235.130,1.0000,-1,-1,-1
453,382,779.880,542.650,79.170,293.320,1.0000,-1,-1,-1
453,383,838.898,562.225,109.832,273.720,0.8500,-1,-1,-1
454,371,392.960,605.740,273.690,282.540,1.0000,-1,-1,-1
454,372,292.210,630.020,209.570,242.230,1.0000,-1,-1,-1
454,373,1137.120,606.610,333.090,298.360,1.0000,-1,-1,-1
454,374,1138.890,595.100,231.940,276.160,1.0000,-1,-1,-1
454,375,1138.340,671.670,125.550,161.700,1.0000,-1,-1,-1
454,376,1360.250,638.760,205.320,201.180,1.0000,-1,-1,-1
454,377,1140.380,597.760,230.370,271.860,1.0000,-1,-1,-1
454,378,975.140,535.580,108.130,305.040,1.0000,-1,-1,-1
454,379,828.280,594.940,273.110,291.880,1.0000,-1,-1,-1
454,380,564.890,628.880,248.390,233.690,1.0000,-1,-1,-1
454,382,779.770,545.360,80.140,291.100,1.0000,-1,-1,-1
454,383,837.357,562.191,109.400,273.784,0.8500,-1,-1,-1
455,371,395.310,610.860,273.080,276.810,1.0000,-1,-1,-1
455,372,295.060,631.580,221.300,240.580,1.0000,-1,-1,-1
455,373,1161.520,616.300,307.350,288.950,1.0000,-1,-1,-1
455,374,1155.780,598.430,210.180,272.030,1.0000,-1,-1,-1
455,375,1130.930,627.420,136.590,206.490,1.0000,-1,-1,-1
455,376,1385.280,640.230,180.220,199.580,1.0000,-1,-1,-1
455,377,1153.400,619.670,209.510,247.350,1.0000,-1,-1,-1
455,378,975.120,540.450,90.080,297.370,1.0000,-1,-1,-1
455,379,826.140,599.660,277.320,286.580,1.0000,-1,-1,-1
455,380,570.300,631.600,243.140,230.740,1.0000,-1,-1,-1
455,382,778.960,554.030,83.250,283.800,1.0000,-1,-1,-1
455,383,835.817,562.157,108.968,273.847,0.8500,-1,-1,-1
456,371,395.690,612.870,273.490,274.280,1.0000,-1,-1,-1
456,372,296.810,632.170,221.970,240.130,1.0000,-1,-1,-1
456,373,1160.730,620.120,286.750,284.910,1.0000,-1,-1,-1
456,374,1163.240,600.170,206.310,270.630,1.0000,-1,-1,-1
456,375,1129.620,627.720,140.930,206.660,1.0000,-1,-1,-1
456,376,1402.010,640.250,162.820,199.320,1.0000,-1,-1,-1
456,377,1157.460,616.620,200.980,241.010,1.0000,-1,-1,-1
456,378,972.320,542.030,85.470,294.530,1.0000,-1,-1,-1
456,379,825.450,603.540,278.220,282.840,1.0000,-1,-1,-1
456,380,572.250,632.860,241.000,229.460,1.0000,-1,-1,-1
456,382,778.220,556.880,84.870,280.790,1.0000,-1,-1,-1
456,383,834.277,562.123,108.535,273.911,0.8500,-1,-1,-1
457,371,390.130,618.210,279.570,268.480,1.0000,-1,-1,-1
457,372,297.310,633.810,205.320,238.670,1.0000,-1,-1,-1
457,373,1151.170,625.970,316.100,278.720,1.0000,-1,-1,-1
457,374,1148.070,603.800,214.140,267.140,1.0000,-1,-1,-1
457,375,1127.840,630.340,148.320,203.560,1.0000,-1,-1,-1
457,376,1377.030,640.810,187.400,198.840,1.0000,-1,-1,-1
457,377,1141.380,627.850,206.290,224.080,1.0000,-1,-1,-1
457,378,963.060,543.760,82.700,295.540,1.0000,-1,-1,-1
457,379,821.520,607.830,282.200,277.540,1.0000,-1,-1,-1
457,380,571.410,635.240,242.940,226.900,1.0000,-1,-1,-1
457,382,769.360,559.070,96.320,278.730,1.0000,-1,-1,-1
457,383,832.737,562.089,108.103,273.975,0.8500,-1,-1,-1
458,371,387.180,620.870,281.170,265.720,1.0000,-1,-1,-1
458,372,296.600,634.620,202.430,237.680,1.0000,-1,-1,-1
458,373,1137.440,628.440,327.080,276.270,1.0000,-1,-1,-1
458,374,1143.720,605.920,216.570,265.530,1.0000,-1,-1,-1
458,375,1130.340,630.810,150.810,203.310,1.0000,-1,-1,-1
458,376,1380.330,641.420,184.200,198.160,1.0000,-1,-1,-1
458,377,1131.340,629.890,177.420,217.240,1.0000,-1,-1,-1
458,378,971.250,543.970,74.360,295.580,1.0000,-1,-1,-1
458,379,822.770,610.170,281.260,274.750,1.0000,-1,-1,-1
458,380,604.220,636.410,209.910,225.580,1.0000,-1,-1,-1
458,382,763.350,560.340,102.370,277.560,1.0000,-1,-1,-1
458,383,831.197,562.055,107.671,274.039,0.8500,-1,-1,-1
459,371,400.120,624.650,269.270,261.590,1.0000,-1,-1,-1
459,372,298.840,636.300,201.970,236.200,1.0000,-1,-1,-1
459,373,1142.250,629.450,297.940,274.860,1.0000,-1,-1,-1
459,374,1153.170,609.660,208.840,261.120,1.0000,-1,-1,-1
459,375,1141.020,632.570,144.670,200.680,1.0000,-1,-1,-1
459,376,1353.330,641.440,209.330,198.060,1.0000,-1,-1,-1
459,377,1141.850,631.430,158.020,214.870,1.0000,-1,-1,-1
459,378,980.900,543.620,64.680,296.310,1.0000,-1,-1,-1
459,379,874.190,615.550,229.930,266.560,1.0000,-1,-1,-1
459,380,592.680,637.060,221.810,224.770,1.0000,-1,-1,-1
459,382,764.750,561.590,101.470,276.180,1.0000,-1,-1,-1
459,383,829.657,562.021,107.238,274.102,0.8500,-1,-1,-1
460,371,403.920,626.460,265.120,259.830,1.0000,-1,-1,-1
460,372,298.240,636.990,202.300,235.340,1.0000,-1,-1,-1
460,373,1146.150,629.650,321.650,274.870,1.0000,-1,-1,-1
460,374,1159.660,612.400,204.090,258.550,1.0000,-1,-1,-1
460,375,1140.290,632.820,145.210,200.370,1.0000,-1,-1,-1
460,376,1352.040,641.410,209.670,198.050,1.0000,-1,-1,-1
460,377,1144.020,631.010,156.430,215.970,1.0000,-1,-1,-1
460,378,977.320,543.690,68.160,296.820,1.0000,-1,-1,-1
460,379,872.810,618.210,230.680,263.630,1.0000,-1,-1,-1
460,380,583.280,637.660,231.380,224.200,1.0000,-1,-1,-1
460,382,768.340,561.210,97.780,276.430,1.0000,-1,-1,-1
460,383,828.116,561.987,106.806,274.166,0.8500,-1,-1,-1
461,371,399.640,629.550,270.170,256.880,1.0000,-1,-1,-1
461,372,300.900,637.890,202.060,234.230,1.0000,-1,-1,-1
461,373,1153.810,629.670,308.690,274.730,1.0000,-1,-1,-1
461,374,1164.980,616.080,197.160,254.570,1.0000,-1,-1,-1
461,375,1137.970,632.240,143.610,201.060,1.0000,-1,-1,-1
461,376,1357.540,642.050,200.020,197.230,1.0000,-1,-1,-1
461,377,1142.090,631.330,155.310,213.850,1.0000,-1,-1,-1
461,378,961.640,543.520,84.300,296.880,1.0000,-1,-1,-1
461,379,877.190,624.770,226.450,256.480,1.0000,-1,-1,-1
461,380,600.860,637.910,214.010,223.980,1.0000,-1,-1,-1
461,382,768.300,558.950,94.370,279.040,1.0000,-1,-1,-1
461,383,826.576,561.952,106.374,274.230,0.8500,-1,-1,-1
462,371,396.820,631.260,272.480,255.280,1.0000,-1,-1,-1
462,372,301.160,638.510,201.040,233.780,1.0000,-1,-1,-1
462,373,1155.680,629.770,304.980,274.660,1.0000,-1,-1,-1
462,374,1165.290,616.020,201.070,255.030,1.0000,-1,-1,-1
462,375,1136.850,630.990,144.260,201.370,1.0000,-1,-1,-1
462,376,1358.720,642.440,196.940,196.880,1.0000,-1,-1,-1
462,377,1143.740,630.990,156.000,213.920,1.0000,-1,-1,-1
462,378,962.050,543.500,84.240,296.620,1.0000,-1,-1,-1
462,379,873.290,637.990,229.870,242.840,1.0000,-1,-1,-1
462,380,607.560,637.970,207.480,223.880,1.0000,-1,-1,-1
462,382,768.310,558.040,93.700,280.300,1.0000,-1,-1,-1
462,383,825.036,561.918,105.941,274.294,0.8500,-1,-1,-1
463,371,390.200,634.050,279.160,252.520,1.0000,-1,-1,-1
463,372,302.580,639.340,194.840,232.880,1.0000,-1,-1,-1
463,373,1167.390,630.060,279.240,274.440,1.0000,-1,-1,-1
463,374,1167.560,616.660,213.960,254.170,1.0000,-1,-1,-1
463,375,1135.140,631.320,143.610,199.790,1.0000,-1,-1,-1
463,376,1377.950,642.830,167.520,196.600,1.0000,-1,-1,-1
463,377,1135.220,631.340,161.710,213.110,1.0000,-1,-1,-1
463,378,949.270,543.780,97.410,296.700,1.0000,-1,-1,-1
463,379,810.960,623.500,292.190,257.190,1.0000,-1,-1,-1
463,380,619.720,637.750,196.150,224.030,1.0000,-1,-1,-1
463,382,768.130,556.650,92.010,281.300,1.0000,-1,-1,-1
463,383,823.496,561.884,105.509,274.357,0.8500,-1,-1,-1
464,371,392.510,635.010,274.850,251.740,1.0000,-1,-1,-1
464,372,304.390,640.120,199.940,232.140,1.0000,-1,-1,-1
464,373,1179.130,630.260,256.560,274.330,1.0000,-1,-1,-1
464,374,1178.830,615.900,205.450,255.290,1.0000,-1,-1,-1
464,376,1381.470,643.430,157.430,195.900,1.0000,-1,-1,-1
464,377,1132.910,631.330,161.120,213.870,1.0000,-1,-1,-1
464,378,946.790,543.910,100.340,296.740,1.0000,-1,-1,-1
464,379,809.700,624.200,293.460,256.470,1.0000,-1,-1,-1
464,380,619.460,637.800,196.940,223.930,1.0000,-1,-1,-1
464,382,764.460,556.340,94.720,281.620,1.0000,-1,-1,-1
464,383,821.956,561.850,105.077,274.421,0.8500,-1,-1,-1
465,371,399.590,638.020,259.350,248.900,1.0000,-1,-1,-1
465,372,308.560,642.300,182.890,230.010,1.0000,-1,-1,-1
465,373,1203.510,630.200,225.230,274.410,1.0000,-1,-1,-1
465,374,1179.730,614.940,179.380,256.400,1.0000,-1,-1,-1
465,375,1126.980,672.780,141.330,160.160,1.0000,-1,-1,-1
465,376,1377.000,645.220,156.810,194.240,1.0000,-1,-1,-1
465,377,1131.160,631.380,166.850,215.020,1.0000,-1,-1,-1
465,378,965.200,544.790,81.870,296.130,1.0000,-1,-1,-1
465,379,807.890,625.970,296.430,255.060,1.0000,-1,-1,-1
465,380,590.850,638.010,226.540,223.730,1.0000,-1,-1,-1
465,382,760.420,555.540,97.820,282.180,1.0000,-1,-1,-1
465,383,820.416,561.816,104.644,274.485,0.8500,-1,-1,-1
466,371,411.170,639.480,245.450,247.630,1.0000,-1,-1,-1
466,372,312.650,643.760,172.930,228.530,1.0000,-1,-1,-1
466,373,1204.430,630.650,223.270,274.030,1.0000,-1,-1,-1
466,374,1168.200,615.890,193.690,255.490,1.0000,-1,-1,-1
466,375,1123.680,673.920,143.110,158.990,1.0000,-1,-1,-1
466,376,1356.150,646.110,177.170,193.440,1.0000,-1,-1,-1
466,377,1124.430,630.880,176.780,215.570,1.0000,-1,-1,-1
466,378,965.020,545.180,82.050,295.570,1.0000,-1,-1,-1
466,379,808.930,627.160,296.320,253.320,1.0000,-1,-1,-1
466,380,585.140,638.080,221.860,223.770,1.0000,-1,-1,-1
466,382,757.610,555.510,100.320,282.160,1.0000,-1,-1,-1
466,383,818.875,561.782,104.212,274.549,0.8500,-1,-1,-1
467,371,442.800,642.380,186.240,244.840,1.0000,-1,-1,-1
467,372,331.500,646.190,153.630,226.160,1.0000,-1,-1,-1
467,373,1207.840,633.780,204.290,270.700,1.0000,-1,-1,-1
467,374,1126.970,617.190,226.100,254.440,1.0000,-1,-1,-1
467,375,1119.020,674.280,148.860,158.490,1.0000,-1,-1,-1
467,376,1362.150,648.160,172.620,191.200,1.0000,-1,-1,-1
467,377,1119.580,631.980,185.020,214.150,1.0000,-1,-1,-1
467,378,959.400,545.740,87.540,295.080,1.0000,-1,-1,-1
467,379,815.320,631.430,276.570,248.930,1.0000,-1,-1,-1
467,380,603.970,638.750,179.790,223.280,1.0000,-1,-1,-1
467,382,753.460,555.530,105.170,282.050,1.0000,-1,-1,-1
467,383,817.335,561.748,103.780,274.612,0.8500,-1,-1,-1
468,371,441.920,645.110,163.020,242.110,1.0000,-1,-1,-1
468,372,336.460,647.710,158.050,224.960,1.0000,-1,-1,-1
468,373,1210.390,636.380,197.540,268.030,1.0000,-1,-1,-1
468,374,1200.960,619.880,127.340,251.300,1.0000,-1,-1,-1
468,375,1117.890,674.520,140.450,158.550,1.0000,-1,-1,-1
468,376,1399.020,648.540,134.880,190.710,1.0000,-1,-1,-1
468,377,1133.450,631.190,157.180,215.000,1.0000,-1,-1,-1
468,378,959.490,545.970,87.150,294.810,1.0000,-1,-1,-1
468,379,842.060,632.590,229.480,247.680,1.0000,-1,-1,-1
468,380,613.530,640.280,152.870,221.510,1.0000,-1,-1,-1
468,382,753.030,555.550,105.830,281.900,1.0000,-1,-1,-1
468,383,815.795,561.714,103.347,274.676,0.8500,-1,-1,-1
469,371,451.200,650.230,144.350,237.750,1.0000,-1,-1,-1
469,372,345.400,648.550,160.760,224.020,1.0000,-1,-1,-1
469,373,1222.860,639.850,171.170,265.020,1.0000,-1,-1,-1
469,374,1218.400,627.220,110.500,239.370,1.0000,-1,-1,-1
469,375,1131.590,674.860,130.820,158.200,1.0000,-1,-1,-1
469,376,1399.150,647.170,129.630,191.980,1.0000,-1,-1,-1
469,377,1159.750,630.530,137.300,216.280,1.0000,-1,-1,-1
469,378,968.440,547.110,79.270,294.090,1.0000,-1,-1,-1
469,379,884.610,636.440,156.430,244.220,1.0000,-1,-1,-1
469,380,616.070,644.290,149.460,217.530,1.0000,-1,-1,-1
469,382,753.160,556.190,105.790,281.290,1.0000,-1,-1,-1
469,383,814.255,561.680,102.915,274.740,0.8500,-1,-1,-1
470,371,454.080,652.480,138.840,235.510,1.0000,-1,-1,-1
470,372,346.710,647.670,151.770,225.140,1.0000,-1,-1,-1
470,373,1225.710,640.200,164.630,264.850,1.0000,-1,-1,-1
470,374,1220.570,630.830,110.250,234.880,1.0000,-1,-1,-1
470,375,1141.730,675.360,120.060,157.830,1.0000,-1,-1,-1
470,376,1400.770,644.720,124.570,194.850,1.0000,-1,-1,-1
470,377,1170.240,630.840,130.850,216.560,1.0000,-1,-1,-1
470,378,972.360,547.370,75.050,294.020,1.0000,-1,-1,-1
470,379,886.290,637.090,146.810,243.350,1.0000,-1,-1,-1
470,380,618.370,647.160,145.260,214.890,1.0000,-1,-1,-1
470,382,755.630,556.560,104.200,280.810,1.0000,-1,-1,-1
470,383,812.715,561.646,102.483,274.804,0.8500,-1,-1,-1
471,371,457.640,655.820,135.840,232.660,1.0000,-1,-1,-1
471,372,349.410,641.740,146.300,231.860,1.0000,-1,-1,-1
471,373,1218.720,636.560,169.580,268.650,1.0000,-1,-1,-1
471,374,1217.000,631.170,114.700,241.940,1.0000,-1,-1,-1
471,375,1141.600,676.290,123.370,157.190,1.0000,-1,-1,-1
471,376,1405.490,637.670,115.920,202.060,1.0000,-1,-1,-1
471,377,1176.170,631.010,108.810,215.710,1.0000,-1,-1,-1
471,378,974.850,548.140,72.000,293.620,1.0000,-1,-1,-1
471,379,885.100,636.920,131.330,243.510,1.0000,-1,-1,-1
471,380,630.470,647.320,126.640,214.570,1.0000,-1,-1,-1
471,382,761.770,557.840,99.370,279.470,1.0000,-1,-1,-1
471,383,811.175,561.612,102.050,274.868,0.8500,-1,-1,-1
472,371,458.450,654.470,136.180,233.600,1.0000,-1,-1,-1
472,372,352.550,636.890,140.650,237.090,1.0000,-1,-1,-1
472,373,1219.730,631.630,169.210,273.740,1.0000,-1,-1,-1
472,374,1215.840,628.110,117.050,245.010,1.0000,-1,-1,-1
472,375,1141.470,676.350,126.050,156.830,1.0000,-1,-1,-1
472,376,1406.330,634.030,114.140,205.900,1.0000,-1,-1,-1
472,377,1176.870,631.360,107.240,214.900,1.0000,-1,-1,-1
472,378,965.720,548.590,81.920,293.450,1.0000,-1,-1,-1
472,379,884.590,633.940,132.020,246.660,1.0000,-1,-1,-1
472,380,639.150,644.570,115.800,217.250,1.0000,-1,-1,-1
472,382,765.460,558.020,97.360,279.310,1.0000,-1,-1,-1
472,383,809.635,561.578,101.618,274.931,0.8500,-1,-1,-1
473,371,453.900,646.130,143.200,242.560,1.0000,-1,-1,-1
473,372,356.330,623.390,139.440,250.450,1.0000,-1,-1,-1
473,373,1220.630,617.900,166.650,287.710,1.0000,-1,-1,-1
473,374,1214.190,618.180,120.350,257.060,1.0000,-1,-1,-1
473,375,1141.270,677.250,120.970,155.620,1.0000,-1,-1,-1
473,376,1408.270,623.940,112.150,217.000,1.0000,-1,-1,-1
473,377,1189.970,629.400,99.380,217.400,1.0000,-1,-1,-1
473,378,951.300,547.620,97.500,294.400,1.0000,-1,-1,-1
473,379,884.750,624.260,122.350,257.370,1.0000,-1,-1,-1
473,380,647.860,637.830,99.220,224.410,1.0000,-1,-1,-1
473,382,767.280,558.720,98.580,278.490,1.0000,-1,-1,-1
473,383,808.094,561.544,101.186,274.995,0.8500,-1,-1,-1
474,371,448.930,640.200,149.330,247.780,1.0000,-1,-1,-1
474,372,356.390,615.590,138.110,258.690,1.0000,-1,-1,-1
474,373,1235.820,610.540,149.720,295.310,1.0000,-1,-1,-1
474,374,1215.260,610.940,114.170,264.540,1.0000,-1,-1,-1
474,375,1141.780,675.580,115.990,157.340,1.0000,-1,-1,-1
474,376,1409.990,618.030,109.970,223.180,1.0000,-1,-1,-1
474,377,1195.700,632.460,93.430,214.570,1.0000,-1,-1,-1
474,378,957.210,542.860,90.460,299.120,1.0000,-1,-1,-1
474,379,902.350,614.300,105.730,267.770,1.0000,-1,-1,-1
474,380,648.700,634.870,94.760,227.800,1.0000,-1,-1,-1
474,382,766.480,555.510,99.650,281.780,1.0000,-1,-1,-1
474,383,806.554,561.510,100.753,275.059,0.8500,-1,-1,-1
475,371,445.660,624.800,155.790,263.770,1.0000,-1,-1,-1
475,372,356.050,599.340,132.050,274.950,1.0000,-1,-1,-1
475,373,1242.480,593.320,140.100,313.090,1.0000,-1,-1,-1
475,374,1215.750,592.050,108.880,286.060,1.0000,-1,-1,-1
475,375,1146.020,669.310,109.230,162.450,1.0000,-1,-1,-1
475,376,1414.780,605.570,102.990,236.920,1.0000,-1,-1,-1
475,378,967.550,537.930,77.490,304.460,1.0000,-1,-1,-1
475,379,891.100,596.750,116.610,286.470,1.0000,-1,-1,-1
475,380,648.630,625.440,94.230,237.690,1.0000,-1,-1,-1
475,382,759.900,545.660,106.530,291.760,1.0000,-1,-1,-1
475,383,805.014,561.476,100.321,275.123,0.8500,-1,-1,-1
476,371,447.130,615.070,158.390,273.110,1.0000,-1,-1,-1
476,372,356.190,590.710,130.510,283.940,1.0000,-1,-1,-1
476,373,1244.860,583.650,135.420,322.700,1.0000,-1,-1,-1
476,374,1221.130,580.090,102.540,298.050,1.0000,-1,-1,-1
476,375,1151.290,665.290,98.260,163.470,1.0000,-1,-1,-1
476,376,1415.970,599.420,99.670,243.230,1.0000,-1,-1,-1
476,378,967.880,535.270,76.070,307.240,1.0000,-1,-1,-1
476,379,901.890,586.060,103.610,297.430,1.0000,-1,-1,-1
476,380,647.230,617.110,93.690,246.320,1.0000,-1,-1,-1
476,382,757.240,548.290,107.250,289.260,1.0000,-1,-1,-1
476,383,803.474,561.442,99.889,275.186,0.8500,-1,-1,-1
477,371,451.550,592.520,161.270,296.520,1.0000,-1,-1,-1
477,372,356.120,574.920,127.650,300.060,1.0000,-1,-1,-1
477,373,1252.630,564.160,121.450,342.660,1.0000,-1,-1,-1
477,374,1223.370,557.530,95.860,320.980,1.0000,-1,-1,-1
477,375,1149.020,653.160,99.460,175.900,1.0000,-1,-1,-1
477,376,1419.180,584.380,92.560,258.940,1.0000,-1,-1,-1
477,377,1174.030,623.510,99.240,227.450,1.0000,-1,-1,-1
477,378,967.430,528.290,75.000,314.240,1.0000,-1,-1,-1
477,379,895.750,570.150,106.420,312.700,1.0000,-1,-1,-1
477,380,646.640,599.870,91.180,263.960,1.0000,-1,-1,-1
477,382,762.110,548.270,102.360,289.200,1.0000,-1,-1,-1
477,383,801.934,561.408,99.456,275.250,0.8500,-1,-1,-1
478,371,457.810,580.610,159.340,308.620,1.0000,-1,-1,-1
478,372,355.980,567.350,128.570,307.540,1.0000,-1,-1,-1
478,373,1253.850,554.260,117.710,352.850,1.0000,-1,-1,-1
478,374,1225.910,546.340,93.670,332.690,1.0000,-1,-1,-1
478,375,1147.300,645.220,100.460,183.470,1.0000,-1,-1,-1
478,376,1419.350,578.230,90.230,265.070,1.0000,-1,-1,-1
478,377,1173.750,619.060,104.130,232.150,1.0000,-1,-1,-1
478,378,967.710,525.660,74.090,316.680,1.0000,-1,-1,-1
478,379,904.970,559.690,96.020,323.420,1.0000,-1,-1,-1
478,380,645.880,589.960,90.660,274.120,1.0000,-1,-1,-1
478,382,765.160,547.370,97.890,289.990,1.0000,-1,-1,-1
478,383,800.394,561.373,99.024,275.314,0.8500,-1,-1,-1
479,371,472.460,558.560,155.200,330.420,1.0000,-1,-1,-1
479,372,354.670,551.820,132.820,322.590,1.0000,-1,-1,-1
479,373,1239.240,526.580,124.710,380.860,1.0000,-1,-1,-1
479,374,1214.380,575.110,100.490,303.620,1.0000,-1,-1,-1
479,375,1144.120,627.820,103.710,200.870,1.0000,-1,-1,-1
479,376,1418.540,566.460,88.130,276.730,1.0000,-1,-1,-1
479,377,1180.970,603.640,102.870,250.790,1.0000,-1,-1,-1
479,378,966.870,522.260,73.960,319.940,1.0000,-1,-1,-1
479,379,905.920,550.950,96.360,332.360,1.0000,-1,-1,-1
479,380,644.350,571.330,92.410,293.050,1.0000,-1,-1,-1
479,382,767.010,544.720,95.470,292.950,1.0000,-1,-1,-1
479,383,798.853,561.339,98.592,275.377,0.8500,-1,-1,-1
480,371,488.110,547.860,145.160,341.050,1.0000,-1,-1,-1
480,372,352.300,545.900,138.100,328.210,1.0000,-1,-1,-1
480,373,1241.420,517.150,119.020,389.630,1.0000,-1,-1,-1
480,374,1208.560,571.340,98.980,307.450,1.0000,-1,-1,-1
480,375,1142.790,618.630,105.070,210.390,1.0000,-1,-1,-1
480,376,1418.060,561.030,87.370,282.160,1.0000,-1,-1,-1
480,378,964.850,522.740,75.930,319.420,1.0000,-1,-1,-1
480,379,908.290,544.380,127.320,337.490,1.0000,-1,-1,-1
480,380,642.960,563.510,93.890,301.150,1.0000,-1,-1,-1
480,382,767.170,543.710,95.270,294.040,1.0000,-1,-1,-1
480,383,797.313,561.305,98.159,275.441,0.8500,-1,-1,-1
481,371,500.020,531.720,148.390,356.600,1.0000,-1,-1,-1
481,372,349.510,535.910,149.060,328.640,1.0000,-1,-1,-1
481,373,1239.230,502.170,117.930,402.970,1.0000,-1,-1,-1
481,374,1190.360,571.660,111.820,294.270,1.0000,-1,-1,-1
481,375,1141.500,602.020,104.990,227.230,1.0000,-1,-1,-1
481,376,1416.350,555.140,87.900,288.060,1.0000,-1,-1,-1
481,378,962.720,522.920,77.490,319.180,1.0000,-1,-1,-1
481,379,903.570,532.040,130.270,349.870,1.0000,-1,-1,-1
481,380,647.950,548.200,89.800,316.460,1.0000,-1,-1,-1
481,382,766.840,541.980,95.300,295.850,1.0000,-1,-1,-1
481,383,795.773,561.271,97.727,275.505,0.8500,-1,-1,-1
482,371,509.880,526.280,146.580,361.380,1.0000,-1,-1,-1
482,372,352.760,530.560,147.590,332.510,1.0000,-1,-1,-1
482,373,1239.470,496.120,117.710,407.910,1.0000,-1,-1,-1
482,374,1194.000,560.710,115.220,295.870,1.0000,-1,-1,-1
482,375,1141.060,592.830,104.320,236.160,1.0000,-1,-1,-1
482,376,1415.400,552.820,89.940,290.390,1.0000,-1,-1,-1
482,378,962.310,525.460,77.690,316.300,1.0000,-1,-1,-1
482,379,891.700,524.850,131.750,357.350,1.0000,-1,-1,-1
482,380,649.020,543.300,87.420,321.510,1.0000,-1,-1,-1
482,382,766.430,540.740,95.600,296.950,1.0000,-1,-1,-1
482,383,794.233,561.237,97.295,275.569,0.8500,-1,-1,-1
483,371,537.720,521.990,132.880,353.930,1.0000,-1,-1,-1
483,372,379.890,523.340,128.800,337.060,1.0000,-1,-1,-1
483,373,1238.810,488.030,119.960,405.980,1.0000,-1,-1,-1
483,375,1141.710,578.270,93.610,251.040,1.0000,-1,-1,-1
483,376,1413.350,552.490,93.650,290.800,1.0000,-1,-1,-1
483,378,956.200,541.240,84.360,300.020,1.0000,-1,-1,-1
483,379,881.370,519.630,143.560,362.010,1.0000,-1,-1,-1
483,380,655.300,533.150,83.530,331.430,1.0000,-1,-1,-1
483,382,766.140,540.670,95.850,297.270,1.0000,-1,-1,-1
483,383,792.693,561.203,96.862,275.632,0.8500,-1,-1,-1
484,371,549.650,523.940,130.630,355.260,1.0000,-1,-1,-1
484,372,388.680,520.510,123.410,338.860,1.0000,-1,-1,-1
484,373,1235.950,485.190,124.280,408.570,1.0000,-1,-1,-1
484,374,1180.270,530.750,91.420,321.950,1.0000,-1,-1,-1
484,375,1142.050,572.180,93.280,256.500,1.0000,-1,-1,-1
484,376,1412.450,553.010,95.200,290.290,1.0000,-1,-1,-1
484,378,959.550,542.230,80.620,298.800,1.0000,-1,-1,-1
484,379,877.210,517.310,138.650,362.290,1.0000,-1,-1,-1
484,380,654.580,527.970,93.440,336.490,1.0000,-1,-1,-1
484,382,765.830,540.140,96.440,297.820,1.0000,-1,-1,-1
484,383,791.153,561.169,96.430,275.696,0.8500,-1,-1,-1
485,371,557.830,532.710,152.370,346.650,1.0000,-1,-1,-1
485,372,394.630,518.030,118.330,342.040,1.0000,-1,-1,-1
485,373,1228.120,486.410,134.130,407.210,1.0000,-1,-1,-1
485,374,1174.260,516.810,114.970,335.650,1.0000,-1,-1,-1
485,375,1143.860,562.720,92.170,261.950,1.0000,-1,-1,-1
485,376,1411.260,556.720,95.810,286.260,1.0000,-1,-1,-1
485,378,961.670,542.740,78.770,298.400,1.0000,-1,-1,-1
485,379,866.780,512.460,169.630,361.630,1.0000,-1,-1,-1
485,380,642.470,520.760,113.360,338.930,1.0000,-1,-1,-1
485,382,765.120,540.200,97.690,297.700,1.0000,-1,-1,-1
485,383,789.612,561.135,95.998,275.760,0.8500,-1,-1,-1
486,371,564.070,537.800,150.930,341.560,1.0000,-1,-1,-1
486,372,403.050,518.750,116.370,340.860,1.0000,-1,-1,-1
486,373,1224.340,489.570,139.490,404.060,1.0000,-1,-1,-1
486,374,1169.680,512.410,121.480,346.870,1.0000,-1,-1,-1
486,375,1144.710,560.250,93.220,262.300,1.0000,-1,-1,-1
486,376,1410.760,558.610,96.950,284.670,1.0000,-1,-1,-1
486,378,957.680,542.600,83.960,298.510,1.0000,-1,-1,-1
486,379,861.170,510.920,180.500,362.340,1.0000,-1,-1,-1
486,380,646.800,516.960,111.510,337.230,1.0000,-1,-1,-1
486,382,764.200,539.990,98.660,298.020,1.0000,-1,-1,-1
486,383,788.072,561.101,95.565,275.824,0.8500,-1,-1,-1
487,371,584.120,545.860,181.180,333.320,1.0000,-1,-1,-1
487,372,418.530,527.810,125.620,332.390,1.0000,-1,-1,-1
487,373,1228.450,501.790,140.430,392.900,1.0000,-1,-1,-1
487,374,1167.400,507.380,135.170,361.220,1.0000,-1,-1,-1
487,375,1146.010,556.590,94.710,265.300,1.0000,-1,-1,-1
487,376,1407.480,563.400,105.040,280.200,1.0000,-1,-1,-1
487,378,955.910,544.320,92.210,296.260,1.0000,-1,-1,-1
487,379,860.180,508.760,189.150,363.770,1.0000,-1,-1,-1
487,380,641.820,515.950,105.760,341.510,1.0000,-1,-1,-1
487,382,763.300,539.890,100.470,297.740,1.0000,-1,-1,-1
487,383,786.532,561.067,95.133,275.887,0.8500,-1,-1,-1
488,371,587.900,518.900,201.100,360.180,1.0000,-1,-1,-1
488,372,418.710,534.530,140.420,325.350,1.0000,-1,-1,-1
488,373,1226.050,508.030,144.980,387.550,1.0000,-1,-1,-1
488,374,1159.210,506.890,125.110,361.800,1.0000,-1,-1,-1
488,375,1146.980,555.020,94.670,265.000,1.0000,-1,-1,-1
488,376,1404.650,566.190,108.750,276.640,1.0000,-1,-1,-1
488,378,948.470,545.290,100.650,295.050,1.0000,-1,-1,-1
488,379,861.990,507.980,184.030,365.060,1.0000,-1,-1,-1
488,382,763.340,539.250,99.690,297.780,1.0000,-1,-1,-1
488,383,784.992,561.033,94.700,275.951,0.8500,-1,-1,-1
489,371,589.080,529.670,230.420,349.440,1.0000,-1,-1,-1
489,372,418.730,548.170,164.250,312.090,1.0000,-1,-1,-1
489,373,1228.790,514.580,138.180,380.440,1.0000,-1,-1,-1
489,374,1149.600,508.730,124.940,355.320,1.0000,-1,-1,-1
489,375,1136.870,557.280,98.440,265.470,1.0000,-1,-1,-1
489,376,1401.290,567.230,112.840,275.450,1.0000,-1,-1,-1
489,378,943.010,545.970,101.000,290.490,1.0000,-1,-1,-1
489,379,869.680,506.880,134.690,370.090,1.0000,-1,-1,-1
489,382,766.660,544.740,95.730,295.470,1.0000,-1,-1,-1
489,383,783.452,560.999,94.268,276.015,0.8500,-1,-1,-1
490,371,592.280,546.630,232.420,331.280,1.0000,-1,-1,-1
490,372,416.070,552.880,177.040,307.340,1.0000,-1,-1,-1
490,373,1234.380,513.100,127.430,381.230,1.0000,-1,-1,-1
490,374,1121.670,511.490,166.990,353.210,1.0000,-1,-1,-1
490,375,1112.640,558.020,133.140,257.560,1.0000,-1,-1,-1
490,376,1399.640,566.570,113.250,274.690,1.0000,-1,-1,-1
490,378,918.890,546.510,121.100,289.780,1.0000,-1,-1,-1
490,379,867.190,506.430,135.500,369.870,1.0000,-1,-1,-1
490,382,765.360,550.420,98.520,285.370,1.0000,-1,-1,-1
490,383,781.912,560.965,93.836,276.079,0.8500,-1,-1,-1
491,371,616.060,547.240,210.950,323.010,1.0000,-1,-1,-1
491,372,411.250,554.450,192.640,305.840,1.0000,-1,-1,-1
491,373,1230.480,507.160,123.910,384.020,1.0000,-1,-1,-1
491,374,1110.090,515.260,181.840,342.600,1.0000,-1,-1,-1
491,375,1110.190,559.850,150.010,254.710,1.0000,-1,-1,-1
491,376,1395.890,563.300,110.960,274.450,1.0000,-1,-1,-1
491,377,1242.280,529.580,147.630,325.210,1.0000,-1,-1,-1
491,378,908.440,546.550,131.220,290.630,1.0000,-1,-1,-1
491,379,868.900,505.790,156.430,370.100,1.0000,-1,-1,-1
491,380,635.740,536.180,104.410,320.280,1.0000,-1,-1,-1
491,382,762.270,550.870,103.820,284.180,1.0000,-1,-1,-1
491,383,780.372,560.931,93.403,276.142,0.8500,-1,-1,-1
492,371,640.200,546.000,188.260,316.650,1.0000,-1,-1,-1
492,372,419.250,552.620,185.680,308.720,1.0000,-1,-1,-1
492,373,1225.220,505.910,122.340,383.260,1.0000,-1,-1,-1
492,374,1135.930,517.780,149.840,336.930,1.0000,-1,-1,-1
492,375,1124.890,559.920,135.850,255.310,1.0000,-1,-1,-1
492,376,1393.760,561.670,109.730,270.870,1.0000,-1,-1,-1
492,377,1242.270,529.250,151.490,323.910,1.0000,-1,-1,-1
492,378,907.870,546.260,131.630,290.750,1.0000,-1,-1,-1
492,379,873.360,506.380,142.020,369.240,1.0000,-1,-1,-1
492,380,635.860,536.350,112.460,320.730,1.0000,-1,-1,-1
492,382,755.770,551.060,109.150,284.810,1.0000,-1,-1,-1
492,383,778.831,560.897,92.971,276.206,0.8500,-1,-1,-1
493,371,687.510,541.220,142.120,320.420,1.0000,-1,-1,-1
493,372,437.290,548.090,168.720,308.670,1.0000,-1,-1,-1
493,373,1221.670,504.960,115.800,371.780,1.0000,-1,-1,-1
493,374,1163.600,517.890,106.820,336.960,1.0000,-1,-1,-1
493,375,1123.820,560.000,115.240,255.780,1.0000,-1,-1,-1
493,376,1387.570,558.880,108.210,271.040,1.0000,-1,-1,-1
493,377,1245.900,527.390,155.290,325.720,1.0000,-1,-1,-1
493,378,906.350,546.050,141.510,291.090,1.0000,-1,-1,-1
493,379,879.900,506.450,121.830,368.470,1.0000,-1,-1,-1
493,380,626.220,535.290,114.380,320.900,1.0000,-1,-1,-1
493,382,775.570,553.000,89.510,282.520,1.0000,-1,-1,-1
493,383,777.291,560.863,92.539,276.270,0.8500,-1,-1,-1
494,371,689.030,538.870,140.970,322.590,1.0000,-1,-1,-1
494,372,452.110,544.990,159.840,306.290,1.0000,-1,-1,-1
494,373,1216.340,505.450,118.840,370.200,1.0000,-1,-1,-1
494,374,1162.700,517.600,88.010,336.630,1.0000,-1,-1,-1
494,375,1123.770,559.980,113.400,254.910,1.0000,-1,-1,-1
494,376,1384.430,557.920,107.410,273.130,1.0000,-1,-1,-1
494,377,1252.690,525.010,147.250,327.860,1.0000,-1,-1,-1
494,378,905.200,546.070,144.340,291.500,1.0000,-1,-1,-1
494,379,879.610,506.430,117.140,368.180,1.0000,-1,-1,-1
494,380,621.990,533.510,123.840,323.020,1.0000,-1,-1,-1
494,382,773.550,555.000,84.160,279.790,1.0000,-1,-1,-1
494,383,775.751,560.828,92.106,276.334,0.8500,-1,-1,-1
495,371,701.170,534.470,148.300,326.570,1.0000,-1,-1,-1
495,372,469.930,541.030,150.550,304.510,1.0000,-1,-1,-1
495,373,1211.550,508.120,118.830,367.140,1.0000,-1,-1,-1
495,374,1151.320,514.160,87.910,340.560,1.0000,-1,-1,-1
495,375,1124.550,558.980,93.620,259.810,1.0000,-1,-1,-1
495,376,1382.060,557.590,96.910,272.860,1.0000,-1,-1,-1
495,377,1262.780,518.990,118.420,333.580,1.0000,-1,-1,-1
495,378,909.790,545.390,133.860,292.830,1.0000,-1,-1,-1
495,379,877.720,506.320,123.550,368.980,1.0000,-1,-1,-1
495,380,626.950,528.940,123.000,325.980,1.0000,-1,-1,-1
495,382,775.190,559.460,83.230,274.680,1.0000,-1,-1,-1
495,383,774.211,560.794,91.674,276.397,0.8500,-1,-1,-1
496,371,708.180,532.690,137.770,328.260,1.0000,-1,-1,-1
496,372,479.490,539.410,144.180,305.900,1.0000,-1,-1,-1
496,373,1210.120,511.570,115.430,364.330,1.0000,-1,-1,-1
496,374,1142.850,512.430,86.230,342.210,1.0000,-1,-1,-1
496,375,1124.020,559.020,87.820,263.930,1.0000,-1,-1,-1
496,376,1379.130,558.860,93.960,271.230,1.0000,-1,-1,-1
496,377,1266.800,516.870,108.380,334.230,1.0000,-1,-1,-1
496,378,910.200,545.490,128.270,291.480,1.0000,-1,-1,-1
496,379,876.920,505.960,128.960,369.200,1.0000,-1,-1,-1
496,380,634.800,528.120,115.660,327.290,1.0000,-1,-1,-1
496,383,772.671,560.760,91.242,276.461,0.8500,-1,-1,-1
497,371,723.130,530.760,145.370,329.530,1.0000,-1,-1,-1
497,372,499.650,538.230,127.140,306.130,1.0000,-1,-1,-1
497,373,1203.250,518.860,119.500,358.300,1.0000,-1,-1,-1
497,374,1135.150,507.290,93.330,346.220,1.0000,-1,-1,-1
497,376,1374.480,563.470,91.810,266.000,1.0000,-1,-1,-1
497,377,1263.280,515.850,96.750,331.700,1.0000,-1,-1,-1
497,378,931.430,547.600,101.800,291.430,1.0000,-1,-1,-1
497,379,876.530,505.610,122.880,369.820,1.0000,-1,-1,-1
497,380,637.320,526.430,111.930,329.640,1.0000,-1,-1,-1
497,383,771.131,560.726,90.809,276.525,0.8500,-1,-1,-1
498,371,729.010,530.690,146.800,329.640,1.0000,-1,-1,-1
498,372,509.460,538.500,117.910,304.820,1.0000,-1,-1,-1
498,373,1205.130,523.120,117.610,353.920,1.0000,-1,-1,-1
498,374,1124.600,504.590,100.690,348.600,1.0000,-1,-1,-1
498,376,1372.950,567.160,91.150,262.420,1.0000,-1,-1,-1
498,377,1269.040,518.130,87.470,329.400,1.0000,-1,-1,-1
498,378,931.120,549.750,98.420,290.080,1.0000,-1,-1,-1
498,379,870.150,505.610,135.500,370.110,1.0000,-1,-1,-1
498,380,641.410,526.260,114.300,329.620,1.0000,-1,-1,-1
499,371,743.960,534.450,141.510,326.290,1.0000,-1,-1,-1
499,372,530.490,539.190,99.880,304.550,1.0000,-1,-1,-1
499,373,1203.650,527.990,118.000,347.910,1.0000,-1,-1,-1
499,374,1088.060,502.470,129.350,351.880,1.0000,-1,-1,-1
499,376,1369.800,571.390,90.170,257.120,1.0000,-1,-1,-1
499,377,1267.050,528.360,92.810,319.760,1.0000,-1,-1,-1
499,378,906.380,530.150,120.990,310.670,1.0000,-1,-1,-1
499,379,856.720,506.600,145.680,370.300,1.0000,-1,-1,-1
499,380,650.290,526.250,101.650,328.050,1.0000,-1,-1,-1
500,371,747.150,538.220,140.920,327.790,1.0000,-1,-1,-1
500,372,539.920,539.840,94.680,304.260,1.0000,-1,-1,-1
500,373,1205.290,527.680,114.980,348.400,1.0000,-1,-1,-1
500,374,1075.150,503.740,136.050,354.190,1.0000,-1,-1,-1
500,376,1368.560,571.620,92.270,256.800,1.0000,-1,-1,-1
500,377,1266.310,534.350,95.670,313.370,1.0000,-1,-1,-1
500,379,855.460,507.720,150.400,382.810,1.0000,-1,-1,-1
500,380,659.260,526.980,92.730,326.780,1.0000,-1,-1,-1
501,371,747.600,541.520,142.970,324.570,1.0000,-1,-1,-1
501,372,557.720,541.850,86.690,302.330,1.0000,-1,-1,-1
501,373,1214.400,526.060,101.510,342.980,1.0000,-1,-1,-1
501,374,1072.110,512.380,131.260,350.030,1.0000,-1,-1,-1
501,376,1363.600,570.720,97.250,255.050,1.0000,-1,-1,-1
501,377,1265.890,543.540,95.410,301.010,1.0000,-1,-1,-1
501,379,853.880,509.930,144.780,379.970,1.0000,-1,-1,-1
501,380,662.690,528.120,89.150,325.410,1.0000,-1,-1,-1
501,383,764.970,560.590,89.080,276.780,1.0000,-1,-1,-1
502,371,765.480,539.390,126.360,326.940,1.0000,-1,-1,-1
502,372,565.230,542.510,80.760,301.500,1.0000,-1,-1,-1
502,373,1213.500,525.500,101.780,336.410,1.0000,-1,-1,-1
502,374,1072.840,515.870,130.550,346.970,1.0000,-1,-1,-1
502,376,1360.280,569.640,97.570,252.100,1.0000,-1,-1,-1
502,377,1265.670,544.560,93.650,299.390,1.0000,-1,-1,-1
502,379,854.970,509.870,146.890,379.910,1.0000,-1,-1,-1
502,380,662.720,529.090,87.850,324.370,1.0000,-1,-1,-1
502,383,758.030,568.200,80.250,269.660,1.0000,-1,-1,-1
503,371,770.320,530.000,127.730,336.440,1.0000,-1,-1,-1
503,372,571.640,543.280,75.370,300.730,1.0000,-1,-1,-1
503,373,1213.110,526.050,99.780,330.930,1.0000,-1,-1,-1
503,374,1072.500,512.820,129.030,350.280,1.0000,-1,-1,-1
503,376,1354.340,567.590,91.840,251.030,1.0000,-1,-1,-1
503,377,1255.690,544.120,88.130,293.020,1.0000,-1,-1,-1
503,379,850.390,509.950,160.790,378.940,1.0000,-1,-1,-1
503,380,662.750,529.460,77.820,324.240,1.0000,-1,-1,-1
503,383,721.290,573.500,112.700,261.300,1.0000,-1,-1,-1
504,371,773.040,525.210,119.710,341.390,1.0000,-1,-1,-1
504,372,570.810,543.360,76.230,299.790,1.0000,-1,-1,-1
504,373,1212.120,528.000,98.000,327.900,1.0000,-1,-1,-1
504,374,1072.040,509.210,123.250,354.070,1.0000,-1,-1,-1
504,376,1353.310,566.920,86.240,251.260,1.0000,-1,-1,-1
504,377,1252.150,543.540,88.270,289.390,1.0000,-1,-1,-1
504,379,847.860,509.810,161.680,379.040,1.0000,-1,-1,-1
504,380,662.950,530.130,74.090,323.300,1.0000,-1,-1,-1
504,383,707.250,576.310,124.900,258.340,1.0000,-1,-1,-1
505,371,757.760,520.710,146.450,342.230,1.0000,-1,-1,-1
505,372,567.630,543.230,79.100,298.640,1.0000,-1,-1,-1
505,373,1210.710,532.400,94.620,324.710,1.0000,-1,-1,-1
505,374,1043.660,502.160,132.120,361.110,1.0000,-1,-1,-1
505,376,1350.130,566.210,74.750,252.270,1.0000,-1,-1,-1
505,377,1249.400,543.080,84.980,287.250,1.0000,-1,-1,-1
505,379,862.780,509.750,148.460,379.230,1.0000,-1,-1,-1
505,380,662.920,529.880,71.580,323.490,1.0000,-1,-1,-1
505,383,683.910,580.270,150.230,254.080,1.0000,-1,-1,-1
506,371,763.650,520.110,143.140,342.350,1.0000,-1,-1,-1
506,372,567.710,543.760,79.530,296.670,1.0000,-1,-1,-1
506,373,1210.060,534.520,92.790,323.090,1.0000,-1,-1,-1
506,374,1033.570,500.780,137.310,362.290,1.0000,-1,-1,-1
506,375,1086.130,564.320,86.200,253.390,1.0000,-1,-1,-1
506,376,1347.680,566.150,74.080,252.090,1.0000,-1,-1,-1
506,377,1258.380,543.490,71.360,285.260,1.0000,-1,-1,-1
506,379,871.300,501.510,145.380,387.440,1.0000,-1,-1,-1
506,380,663.720,528.850,66.010,324.480,1.0000,-1,-1,-1
506,383,681.170,579.640,150.730,253.490,1.0000,-1,-1,-1
507,371,778.600,525.320,118.600,336.670,1.0000,-1,-1,-1
507,372,569.670,544.150,77.920,295.990,1.0000,-1,-1,-1
507,373,1205.610,537.970,93.200,318.510,1.0000,-1,-1,-1
507,374,1035.610,501.870,130.480,361.350,1.0000,-1,-1,-1
507,375,1095.680,557.810,76.790,258.760,1.0000,-1,-1,-1
507,376,1345.060,568.130,69.320,250.390,1.0000,-1,-1,-1
507,377,1257.630,544.160,66.160,284.910,1.0000,-1,-1,-1
507,379,874.720,488.120,151.860,400.910,1.0000,-1,-1,-1
507,380,663.780,529.150,72.820,324.170,1.0000,-1,-1,-1
507,383,680.430,578.390,146.560,253.280,1.0000,-1,-1,-1
508,371,778.110,529.820,118.330,332.010,1.0000,-1,-1,-1
508,372,571.960,544.510,75.740,295.080,1.0000,-1,-1,-1
508,373,1204.060,539.330,93.330,316.970,1.0000,-1,-1,-1
508,374,1047.380,502.650,117.110,360.520,1.0000,-1,-1,-1
508,375,1094.070,558.400,79.680,258.660,1.0000,-1,-1,-1
508,376,1347.870,570.030,63.460,247.850,1.0000,-1,-1,-1
508,377,1257.910,545.710,66.520,282.940,1.0000,-1,-1,-1
508,379,874.260,488.720,153.890,400.330,1.0000,-1,-1,-1
508,380,663.070,529.060,87.900,324.300,1.0000,-1,-1,-1
509,371,781.620,530.640,115.350,331.590,1.0000,-1,-1,-1
509,372,579.410,545.470,67.980,294.150,1.0000,-1,-1,-1
509,373,1201.360,540.640,91.240,308.870,1.0000,-1,-1,-1
509,374,1040.360,504.510,122.180,358.260,1.0000,-1,-1,-1
509,375,1097.660,525.670,80.170,290.720,1.0000,-1,-1,-1
509,376,1340.300,574.160,71.000,243.510,1.0000,-1,-1,-1
509,377,1254.150,549.660,69.810,279.710,1.0000,-1,-1,-1
509,379,871.140,505.900,159.870,383.430,1.0000,-1,-1,-1
509,380,662.530,528.910,80.420,324.740,1.0000,-1,-1,-1
509,382,778.640,533.280,101.230,296.810,1.0000,-1,-1,-1
510,371,781.790,531.030,113.640,331.540,1.0000,-1,-1,-1
510,372,580.000,545.960,67.630,293.750,1.0000,-1,-1,-1
510,373,1200.010,540.640,90.010,303.080,1.0000,-1,-1,-1
510,374,1042.700,502.580,111.410,360.220,1.0000,-1,-1,-1
510,375,1099.760,560.800,79.750,255.730,1.0000,-1,-1,-1
510,376,1337.810,575.690,74.750,241.470,1.0000,-1,-1,-1
510,377,1252.940,551.030,71.120,278.360,1.0000,-1,-1,-1
510,379,864.400,509.010,168.220,380.460,1.0000,-1,-1,-1
510,380,663.640,528.990,68.570,324.360,1.0000,-1,-1,-1
510,382,779.540,535.340,86.070,294.500,1.0000,-1,-1,-1
511,371,778.870,536.960,109.980,342.140,1.0000,-1,-1,-1
511,372,576.840,547.040,71.230,291.960,1.0000,-1,-1,-1
511,373,1196.000,538.620,88.650,303.590,1.0000,-1,-1,-1
511,374,1011.970,496.930,137.110,366.860,1.0000,-1,-1,-1
511,375,1095.850,560.320,85.410,255.460,1.0000,-1,-1,-1
511,376,1334.030,577.190,81.930,239.270,1.0000,-1,-1,-1
511,377,1252.290,552.060,71.260,277.030,1.0000,-1,-1,-1
511,379,862.400,501.860,174.090,405.270,1.0000,-1,-1,-1
511,380,662.010,528.810,71.730,324.670,1.0000,-1,-1,-1
511,382,750.530,557.700,99.490,272.510,1.0000,-1,-1,-1
512,371,779.550,542.860,111.030,337.930,1.0000,-1,-1,-1
512,372,575.590,547.850,72.260,290.950,1.0000,-1,-1,-1
512,373,1194.760,536.960,78.000,305.150,1.0000,-1,-1,-1
512,374,1013.390,500.310,140.790,377.010,1.0000,-1,-1,-1
512,375,1100.170,561.290,81.530,254.970,1.0000,-1,-1,-1
512,376,1329.660,576.930,85.840,239.330,1.0000,-1,-1,-1
512,377,1251.820,552.510,71.990,275.250,1.0000,-1,-1,-1
512,379,845.900,514.840,197.050,392.800,1.0000,-1,-1,-1
512,380,661.420,528.960,73.480,324.760,1.0000,-1,-1,-1
512,382,749.220,557.900,93.480,270.760,1.0000,-1,-1,-1
513,371,775.970,546.740,116.170,333.490,1.0000,-1,-1,-1
513,372,572.660,548.820,74.460,289.480,1.0000,-1,-1,-1
513,373,1192.820,535.990,74.390,304.860,1.0000,-1,-1,-1
513,374,1012.670,503.580,144.630,373.810,1.0000,-1,-1,-1
513,375,1097.590,558.880,84.450,257.360,1.0000,-1,-1,-1
513,376,1325.770,575.590,82.290,239.660,1.0000,-1,-1,-1
513,377,1255.470,552.940,70.560,273.070,1.0000,-1,-1,-1
513,379,844.670,517.340,203.710,390.670,1.0000,-1,-1,-1
513,380,661.560,529.010,73.160,324.670,1.0000,-1,-1,-1
513,382,761.320,560.620,78.710,267.640,1.0000,-1,-1,-1
513,384,577.240,577.870,131.700,247.800,1.0000,-1,-1,-1
514,371,771.270,549.310,121.100,330.950,1.0000,-1,-1,-1
514,372,563.840,549.650,82.840,289.440,1.0000,-1,-1,-1
514,373,1191.980,536.160,71.750,304.870,1.0000,-1,-1,-1
514,374,1017.720,501.190,141.840,376.000,1.0000,-1,-1,-1
514,375,1093.880,555.940,88.600,260.440,1.0000,-1,-1,-1
514,376,1324.000,574.920,79.580,240.360,1.0000,-1,-1,-1
514,377,1251.090,553.010,76.470,272.470,1.0000,-1,-1,-1
514,379,846.950,506.780,196.760,401.300,1.0000,-1,-1,-1
514,380,662.730,529.140,71.520,324.570,1.0000,-1,-1,-1
514,382,767.290,560.870,72.100,267.610,1.0000,-1,-1,-1
514,384,565.030,580.310,142.470,246.240,1.0000,-1,-1,-1
515,371,772.280,552.880,146.980,327.030,1.0000,-1,-1,-1
515,372,548.340,550.900,98.350,287.900,1.0000,-1,-1,-1
515,373,1184.920,539.740,77.280,300.310,1.0000,-1,-1,-1
515,374,1021.440,490.620,144.540,386.510,1.0000,-1,-1,-1
515,375,1097.590,556.120,87.220,259.820,1.0000,-1,-1,-1
515,376,1323.420,575.110,72.210,238.160,1.0000,-1,-1,-1
515,377,1248.490,552.840,80.660,271.000,1.0000,-1,-1,-1
515,379,850.510,493.350,183.360,414.710,1.0000,-1,-1,-1
515,380,662.480,529.270,71.330,323.960,1.0000,-1,-1,-1
515,382,771.290,561.830,68.370,265.520,1.0000,-1,-1,-1
515,384,547.890,584.720,157.220,241.070,1.0000,-1,-1,-1
516,371,764.080,554.690,136.570,325.400,1.0000,-1,-1,-1
516,372,570.430,551.550,88.060,288.480,1.0000,-1,-1,-1
516,373,1181.940,543.510,83.650,296.990,1.0000,-1,-1,-1
516,374,1019.650,498.100,148.820,378.950,1.0000,-1,-1,-1
516,375,1099.530,555.550,86.100,261.140,1.0000,-1,-1,-1
516,376,1323.460,576.010,68.620,235.750,1.0000,-1,-1,-1
516,377,1243.680,552.860,86.250,270.500,1.0000,-1,-1,-1
516,379,857.520,490.230,175.620,417.870,1.0000,-1,-1,-1
516,380,662.160,529.280,71.640,324.250,1.0000,-1,-1,-1
516,382,762.980,562.440,76.530,264.560,1.0000,-1,-1,-1
516,384,547.800,583.170,147.750,242.940,1.0000,-1,-1,-1
517,371,762.750,556.840,129.540,323.210,1.0000,-1,-1,-1
517,372,552.830,552.530,114.760,287.220,1.0000,-1,-1,-1
517,373,1181.310,547.030,81.370,292.440,1.0000,-1,-1,-1
517,374,1024.310,512.680,143.400,364.170,1.0000,-1,-1,-1
517,375,1093.750,545.520,91.960,271.220,1.0000,-1,-1,-1
517,376,1318.470,577.570,73.920,233.630,1.0000,-1,-1,-1
517,377,1239.960,555.220,90.810,269.400,1.0000,-1,-1,-1
517,379,862.330,483.730,170.680,424.430,1.0000,-1,-1,-1
517,380,639.500,530.480,94.560,320.740,1.0000,-1,-1,-1
517,382,761.440,565.120,78.780,261.670,1.0000,-1,-1,-1
518,371,765.030,558.400,128.130,321.600,1.0000,-1,-1,-1
518,372,546.590,552.100,101.930,285.700,1.0000,-1,-1,-1
518,373,1180.640,547.170,75.820,293.040,1.0000,-1,-1,-1
518,374,1028.250,518.130,126.600,358.450,1.0000,-1,-1,-1
518,375,1092.080,555.110,93.950,262.060,1.0000,-1,-1,-1
518,376,1313.340,577.870,79.630,233.110,1.0000,-1,-1,-1
518,377,1246.550,557.250,84.500,266.890,1.0000,-1,-1,-1
518,379,862.270,485.430,172.640,422.430,1.0000,-1,-1,-1
518,380,633.270,530.400,102.730,320.260,1.0000,-1,-1,-1
518,382,760.840,565.420,80.330,260.700,1.0000,-1,-1,-1
519,371,762.940,555.500,129.310,324.540,1.0000,-1,-1,-1
519,372,546.510,548.600,106.520,285.260,1.0000,-1,-1,-1
519,373,1162.530,546.660,88.260,284.760,1.0000,-1,-1,-1
519,374,1036.190,520.320,112.360,356.220,1.0000,-1,-1,-1
519,375,1101.070,561.480,81.990,255.190,1.0000,-1,-1,-1
519,376,1309.340,576.810,82.630,233.670,1.0000,-1,-1,-1
519,377,1246.280,558.080,81.790,262.530,1.0000,-1,-1,-1
519,379,872.250,502.860,154.890,405.130,1.0000,-1,-1,-1
519,380,633.260,531.060,105.390,319.510,1.0000,-1,-1,-1
519,382,754.090,564.140,91.930,258.910,1.0000,-1,-1,-1
520,371,763.360,555.400,128.540,324.690,1.0000,-1,-1,-1
520,372,547.300,545.660,106.020,287.530,1.0000,-1,-1,-1
520,373,1158.100,546.970,91.540,284.340,1.0000,-1,-1,-1
520,374,1038.700,522.230,110.350,354.220,1.0000,-1,-1,-1
520,375,1111.080,562.450,68.870,254.250,1.0000,-1,-1,-1
520,376,1310.090,576.010,81.620,234.480,1.0000,-1,-1,-1
520,377,1241.570,556.290,83.860,263.860,1.0000,-1,-1,-1
520,379,871.160,521.280,154.560,386.920,1.0000,-1,-1,-1
520,380,630.630,531.230,109.900,319.290,1.0000,-1,-1,-1
520,382,751.890,562.320,96.630,260.260,1.0000,-1,-1,-1
521,371,755.720,552.250,133.750,328.050,1.0000,-1,-1,-1
521,372,538.980,551.160,119.720,283.340,1.0000,-1,-1,-1
521,373,1141.930,550.000,100.630,281.410,1.0000,-1,-1,-1
521,374,1037.290,525.140,114.670,351.440,1.0000,-1,-1,-1
521,375,1116.300,560.950,66.970,253.920,1.0000,-1,-1,-1
521,376,1319.710,576.290,71.170,234.320,1.0000,-1,-1,-1
521,377,1243.120,557.600,83.380,262.080,1.0000,-1,-1,-1
521,379,847.890,526.340,176.070,381.790,1.0000,-1,-1,-1
521,380,623.940,528.630,119.850,321.910,1.0000,-1,-1,-1
521,382,753.170,557.960,101.580,264.300,1.0000,-1,-1,-1
522,371,774.580,544.670,115.840,335.580,1.0000,-1,-1,-1
522,372,536.490,552.460,117.610,281.950,1.0000,-1,-1,-1
522,373,1139.970,551.460,105.600,279.940,1.0000,-1,-1,-1
522,374,1035.710,527.010,116.070,349.670,1.0000,-1,-1,-1
522,375,1105.720,560.420,90.700,254.340,1.0000,-1,-1,-1
522,376,1322.790,578.030,68.580,232.610,1.0000,-1,-1,-1
522,377,1245.010,542.100,83.570,277.380,1.0000,-1,-1,-1
522,379,844.320,526.110,184.650,382.330,1.0000,-1,-1,-1
522,380,624.550,508.080,118.220,342.050,1.0000,-1,-1,-1
522,382,754.060,557.170,97.710,264.960,1.0000,-1,-1,-1
523,371,765.750,550.590,124.540,329.710,1.0000,-1,-1,-1
523,372,526.160,551.360,122.050,284.520,1.0000,-1,-1,-1
523,373,1129.980,550.910,112.880,280.410,1.0000,-1,-1,-1
523,374,1034.170,529.020,120.360,347.490,1.0000,-1,-1,-1
523,375,1117.010,560.240,86.020,252.670,1.0000,-1,-1,-1
523,376,1318.270,583.360,74.230,227.170,1.0000,-1,-1,-1
523,377,1241.590,562.220,89.500,257.340,1.0000,-1,-1,-1
523,379,840.950,524.920,198.930,383.740,1.0000,-1,-1,-1
523,380,631.180,515.000,114.170,335.170,1.0000,-1,-1,-1
523,382,761.000,551.740,97.380,270.810,1.0000,-1,-1,-1
524,371,765.640,551.770,124.030,328.430,1.0000,-1,-1,-1
524,372,526.460,554.640,119.920,281.560,1.0000,-1,-1,-1
524,373,1129.650,556.000,123.040,275.240,1.0000,-1,-1,-1
524,374,1033.850,526.840,119.450,349.860,1.0000,-1,-1,-1
524,375,1111.350,563.400,90.290,249.230,1.0000,-1,-1,-1
524,376,1318.160,585.050,74.690,225.610,1.0000,-1,-1,-1
524,377,1240.700,564.540,90.080,254.910,1.0000,-1,-1,-1
524,379,835.750,524.530,207.400,383.830,1.0000,-1,-1,-1
524,380,633.260,528.120,119.160,321.970,1.0000,-1,-1,-1
524,382,765.250,553.180,91.500,270.200,1.0000,-1,-1,-1
524,384,526.760,570.200,110.780,255.240,1.0000,-1,-1,-1
525,371,770.410,555.840,120.130,324.510,1.0000,-1,-1,-1
525,372,551.520,561.440,97.550,284.560,1.0000,-1,-1,-1
525,373,1126.010,553.850,123.610,277.650,1.0000,-1,-1,-1
525,374,1034.040,516.080,118.910,360.570,1.0000,-1,-1,-1
525,375,1108.050,564.220,100.630,248.590,1.0000,-1,-1,-1
525,376,1316.010,583.810,70.240,226.920,1.0000,-1,-1,-1
525,377,1235.330,568.920,98.890,255.310,1.0000,-1,-1,-1
525,379,839.110,522.280,215.810,385.810,1.0000,-1,-1,-1
525,380,637.540,529.260,104.180,320.670,1.0000,-1,-1,-1
525,384,523.450,568.680,92.460,254.580,1.0000,-1,-1,-1
526,371,772.900,548.210,116.930,332.010,1.0000,-1,-1,-1
526,372,548.830,561.740,101.680,284.350,1.0000,-1,-1,-1
526,373,1140.420,552.340,98.730,279.410,1.0000,-1,-1,-1
526,374,1033.890,511.030,119.940,365.770,1.0000,-1,-1,-1
526,375,1118.680,564.840,90.630,248.800,1.0000,-1,-1,-1
526,376,1310.730,582.590,73.310,228.560,1.0000,-1,-1,-1
526,377,1239.150,573.850,96.980,252.300,1.0000,-1,-1,-1
526,379,834.240,520.560,224.160,387.470,1.0000,-1,-1,-1
526,380,645.930,531.200,94.610,322.860,1.0000,-1,-1,-1
526,384,525.620,574.220,89.180,248.640,1.0000,-1,-1,-1
527,371,759.090,546.920,129.330,333.260,1.0000,-1,-1,-1
527,372,549.270,561.270,101.680,282.790,1.0000,-1,-1,-1
527,373,1159.800,555.130,81.390,289.790,1.0000,-1,-1,-1
527,374,1038.270,503.850,114.300,373.410,1.0000,-1,-1,-1
527,375,1119.030,568.050,76.770,249.920,1.0000,-1,-1,-1
527,376,1310.820,583.340,79.530,228.360,1.0000,-1,-1,-1
527,377,1247.260,580.520,93.270,245.760,1.0000,-1,-1,-1
527,379,835.010,512.960,224.110,395.390,1.0000,-1,-1,-1
527,380,651.610,539.550,87.900,321.100,1.0000,-1,-1,-1
527,384,516.010,581.790,89.460,248.500,1.0000,-1,-1,-1
528,371,763.210,543.960,126.100,336.190,1.0000,-1,-1,-1
528,372,549.570,566.180,101.470,278.070,1.0000,-1,-1,-1
528,373,1158.420,559.260,78.070,287.300,1.0000,-1,-1,-1
528,374,1039.660,500.080,112.570,377.150,1.0000,-1,-1,-1
528,375,1117.090,568.970,78.770,251.230,1.0000,-1,-1,-1
528,376,1312.230,585.390,82.460,226.810,1.0000,-1,-1,-1
528,377,1245.720,581.770,95.090,244.550,1.0000,-1,-1,-1
528,379,835.080,511.270,222.360,397.000,1.0000,-1,-1,-1
528,380,651.520,537.400,92.310,322.980,1.0000,-1,-1,-1
528,382,768.010,542.660,105.340,287.940,1.0000,-1,-1,-1
528,384,516.080,584.610,86.910,245.990,1.0000,-1,-1,-1
529,371,764.330,532.790,126.370,347.800,1.0000,-1,-1,-1
529,372,550.010,567.720,102.130,276.670,1.0000,-1,-1,-1
529,373,1149.190,563.410,86.910,282.830,1.0000,-1,-1,-1
529,374,1043.080,494.680,109.840,382.380,1.0000,-1,-1,-1
529,375,1120.770,573.540,77.210,246.170,1.0000,-1,-1,-1
529,376,1315.020,586.990,86.020,224.940,1.0000,-1,-1,-1
529,377,1245.520,582.880,97.560,243.330,1.0000,-1,-1,-1
529,379,835.750,508.320,233.620,400.390,1.0000,-1,-1,-1
529,380,645.340,534.220,106.910,326.340,1.0000,-1,-1,-1
529,382,763.010,585.590,98.220,244.680,1.0000,-1,-1,-1
529,384,515.090,591.880,89.570,238.430,1.0000,-1,-1,-1
530,371,764.040,531.320,126.240,349.150,1.0000,-1,-1,-1
530,372,552.750,568.810,97.450,276.280,1.0000,-1,-1,-1
530,373,1143.610,564.690,95.840,281.550,1.0000,-1,-1,-1
530,374,1044.230,495.790,107.970,381.320,1.0000,-1,-1,-1
530,375,1123.170,576.590,76.390,243.690,1.0000,-1,-1,-1
530,376,1317.010,588.550,88.800,223.920,1.0000,-1,-1,-1
530,377,1246.180,585.050,99.440,240.960,1.0000,-1,-1,-1
530,379,834.000,498.080,238.120,410.400,1.0000,-1,-1,-1
530,380,643.970,535.850,112.570,324.860,1.0000,-1,-1,-1
530,382,762.200,584.860,97.030,246.240,1.0000,-1,-1,-1
530,384,512.220,595.840,89.680,234.340,1.0000,-1,-1,-1
531,371,787.280,529.530,109.390,349.570,1.0000,-1,-1,-1
531,372,552.030,571.460,90.730,274.690,1.0000,-1,-1,-1
531,373,1127.700,568.050,113.120,278.100,1.0000,-1,-1,-1
531,374,1043.000,496.690,109.600,380.130,1.0000,-1,-1,-1
531,375,1125.430,575.570,78.430,244.150,1.0000,-1,-1,-1
531,376,1317.610,592.310,99.410,219.820,1.0000,-1,-1,-1
531,377,1239.710,587.340,106.320,238.080,1.0000,-1,-1,-1
531,379,831.080,493.760,249.640,414.500,1.0000,-1,-1,-1
531,380,642.070,535.240,108.210,325.140,1.0000,-1,-1,-1
531,382,759.920,590.500,97.780,240.610,1.0000,-1,-1,-1
531,384,507.980,578.860,91.030,251.460,1.0000,-1,-1,-1
532,371,767.970,517.130,131.420,359.890,1.0000,-1,-1,-1
532,372,549.960,571.210,93.280,275.290,1.0000,-1,-1,-1
532,373,1139.560,562.070,100.400,284.010,1.0000,-1,-1,-1
532,374,1042.140,495.910,111.440,381.400,1.0000,-1,-1,-1
532,375,1125.940,581.290,76.320,239.310,1.0000,-1,-1,-1
532,376,1319.350,594.890,109.070,217.090,1.0000,-1,-1,-1
532,377,1238.350,586.880,108.190,238.950,1.0000,-1,-1,-1
532,379,830.190,488.750,249.100,419.480,1.0000,-1,-1,-1
532,380,639.260,534.650,108.580,325.590,1.0000,-1,-1,-1
532,382,759.310,581.870,100.140,249.700,1.0000,-1,-1,-1
532,384,506.820,586.340,93.000,243.890,1.0000,-1,-1,-1
533,371,762.940,517.980,111.120,356.940,1.0000,-1,-1,-1
533,372,557.570,549.940,84.760,296.860,1.0000,-1,-1,-1
533,373,1136.410,546.240,105.230,299.450,1.0000,-1,-1,-1
533,374,1043.810,502.850,112.360,374.350,1.0000,-1,-1,-1
533,375,1116.750,578.370,80.080,242.160,1.0000,-1,-1,-1
533,376,1315.370,592.470,115.710,219.270,1.0000,-1,-1,-1
533,377,1231.230,574.030,114.530,251.800,1.0000,-1,-1,-1
533,379,833.890,498.130,232.540,406.790,1.0000,-1,-1,-1
533,380,635.850,540.480,102.440,319.850,1.0000,-1,-1,-1
533,382,757.560,596.180,129.730,236.690,1.0000,-1,-1,-1
533,384,504.570,588.650,95.360,241.490,1.0000,-1,-1,-1
534,371,761.520,527.720,109.690,347.260,1.0000,-1,-1,-1
534,372,560.710,544.640,81.600,302.640,1.0000,-1,-1,-1
534,373,1136.850,541.890,102.360,303.720,1.0000,-1,-1,-1
534,374,1044.570,503.940,113.550,372.910,1.0000,-1,-1,-1
534,375,1113.290,575.710,81.520,245.030,1.0000,-1,-1,-1
534,376,1314.970,578.200,112.550,233.550,1.0000,-1,-1,-1
534,377,1230.370,569.920,116.180,255.770,1.0000,-1,-1,-1
534,379,836.400,494.880,221.790,407.920,1.0000,-1,-1,-1
534,380,634.630,542.680,94.240,317.930,1.0000,-1,-1,-1
534,382,758.080,593.110,120.480,239.660,1.0000,-1,-1,-1
534,384,503.940,592.240,94.820,237.910,1.0000,-1,-1,-1
535,371,764.800,536.390,123.360,338.410,1.0000,-1,-1,-1
535,372,555.600,542.780,87.660,304.310,1.0000,-1,-1,-1
535,373,1127.720,539.890,102.670,305.840,1.0000,-1,-1,-1
535,374,1059.460,507.070,106.130,369.910,1.0000,-1,-1,-1
535,375,1107.660,567.580,90.260,253.430,1.0000,-1,-1,-1
535,376,1316.830,575.060,98.920,236.670,1.0000,-1,-1,-1
535,377,1237.590,569.520,107.720,256.020,1.0000,-1,-1,-1
535,379,839.520,490.850,211.540,406.930,1.0000,-1,-1,-1
535,380,637.040,538.910,85.710,321.450,1.0000,-1,-1,-1
535,382,762.670,570.550,125.850,264.100,1.0000,-1,-1,-1
535,384,504.010,595.700,91.230,234.440,1.0000,-1,-1,-1
536,371,767.810,533.710,107.820,341.150,1.0000,-1,-1,-1
536,372,552.790,544.820,88.580,302.320,1.0000,-1,-1,-1
536,373,1137.940,540.200,87.870,305.390,1.0000,-1,-1,-1
536,374,1062.910,499.770,103.380,377.700,1.0000,-1,-1,-1
536,375,1108.330,563.160,89.980,258.430,1.0000,-1,-1,-1
536,376,1322.910,576.800,82.360,234.980,1.0000,-1,-1,-1
536,377,1242.800,567.010,103.840,258.410,1.0000,-1,-1,-1
536,379,842.480,491.850,201.860,405.640,1.0000,-1,-1,-1
536,380,639.520,533.010,84.140,327.220,1.0000,-1,-1,-1
536,382,766.010,563.340,122.480,268.530,1.0000,-1,-1,-1
536,384,499.410,594.750,90.440,235.280,1.0000,-1,-1,-1
537,371,770.850,523.920,126.160,351.040,1.0000,-1,-1,-1
537,372,547.990,553.270,91.680,293.390,1.0000,-1,-1,-1
537,373,1137.830,556.970,86.370,288.630,1.0000,-1,-1,-1
537,374,1070.900,490.760,110.100,386.640,1.0000,-1,-1,-1
537,375,1124.680,555.180,72.160,267.230,1.0000,-1,-1,-1
537,376,1316.540,589.900,76.340,221.330,1.0000,-1,-1,-1
537,377,1257.060,547.180,81.540,278.680,1.0000,-1,-1,-1
537,379,872.400,494.250,167.540,403.410,1.0000,-1,-1,-1
537,380,647.900,521.800,81.070,338.390,1.0000,-1,-1,-1
537,382,771.290,551.200,98.900,279.740,1.0000,-1,-1,-1
537,384,504.210,586.350,90.750,243.580,1.0000,-1,-1,-1
538,371,771.410,516.060,103.700,358.920,1.0000,-1,-1,-1
538,372,543.950,557.600,94.750,288.680,1.0000,-1,-1,-1
538,373,1136.680,553.130,85.880,292.560,1.0000,-1,-1,-1
538,374,1071.740,487.590,108.870,389.750,1.0000,-1,-1,-1
538,375,1128.930,552.870,76.370,272.220,1.0000,-1,-1,-1
538,376,1317.090,585.240,76.480,226.110,1.0000,-1,-1,-1
538,377,1257.090,545.060,78.230,280.980,1.0000,-1,-1,-1
538,379,869.130,494.180,167.560,403.770,1.0000,-1,-1,-1
538,380,645.340,522.180,85.390,337.420,1.0000,-1,-1,-1
538,382,770.390,545.960,87.940,285.900,1.0000,-1,-1,-1
538,384,501.530,581.300,95.420,248.800,1.0000,-1,-1,-1
539,371,777.560,500.370,98.960,373.170,1.0000,-1,-1,-1
539,372,528.020,547.790,112.080,298.680,1.0000,-1,-1,-1
539,373,1137.970,550.770,83.140,295.240,1.0000,-1,-1,-1
539,374,1061.730,481.710,131.970,395.510,1.0000,-1,-1,-1
539,376,1317.090,577.840,81.600,233.260,1.0000,-1,-1,-1
539,377,1254.370,544.000,85.670,282.130,1.0000,-1,-1,-1
539,379,894.710,481.510,135.510,415.990,1.0000,-1,-1,-1
539,380,636.620,518.870,97.340,340.620,1.0000,-1,-1,-1
539,382,776.520,550.180,73.250,281.970,1.0000,-1,-1,-1
539,384,499.380,574.190,80.740,255.790,1.0000,-1,-1,-1
540,371,762.700,496.880,128.720,374.310,1.0000,-1,-1,-1
540,372,525.290,540.340,123.980,306.040,1.0000,-1,-1,-1
540,373,1134.790,549.730,96.290,296.330,1.0000,-1,-1,-1
540,374,1043.350,480.930,162.650,397.340,1.0000,-1,-1,-1
540,376,1322.640,574.490,84.010,236.840,1.0000,-1,-1,-1
540,377,1244.630,544.580,106.520,281.490,1.0000,-1,-1,-1
540,379,895.910,480.990,128.090,416.650,1.0000,-1,-1,-1
540,380,618.110,518.400,122.520,340.420,1.0000,-1,-1,-1
540,382,763.230,550.970,94.620,277.650,1.0000,-1,-1,-1
540,384,490.050,568.240,99.040,261.380,1.0000,-1,-1,-1
541,371,732.980,496.830,170.580,373.740,1.0000,-1,-1,-1
541,372,505.760,532.690,156.580,312.200,1.0000,-1,-1,-1
541,373,1123.350,543.710,139.200,302.180,1.0000,-1,-1,-1
541,374,1018.980,482.150,202.350,399.980,1.0000,-1,-1,-1
541,375,1110.270,542.360,119.670,283.550,1.0000,-1,-1,-1
541,376,1313.340,571.610,105.470,240.360,1.0000,-1,-1,-1
541,377,1233.630,547.580,131.000,278.200,1.0000,-1,-1,-1
541,379,879.320,488.500,136.990,410.880,1.0000,-1,-1,-1
541,380,598.400,522.760,166.430,336.050,1.0000,-1,-1,-1
541,382,755.980,528.510,106.980,299.620,1.0000,-1,-1,-1
541,384,474.240,560.900,102.310,270.070,1.0000,-1,-1,-1
542,371,725.870,500.520,171.600,381.200,1.0000,-1,-1,-1
542,372,508.910,526.780,152.640,318.360,1.0000,-1,-1,-1
542,373,1116.870,540.290,143.320,305.720,1.0000,-1,-1,-1
542,374,1020.670,485.440,200.820,397.700,1.0000,-1,-1,-1
542,375,1099.480,537.300,129.370,294.360,1.0000,-1,-1,-1
542,376,1309.560,572.060,115.550,239.570,1.0000,-1,-1,-1
542,377,1235.500,544.410,131.770,281.850,1.0000,-1,-1,-1
542,379,847.080,488.550,187.660,419.070,1.0000,-1,-1,-1
542,380,598.440,520.970,150.540,338.050,1.0000,-1,-1,-1
542,382,740.270,537.620,118.730,295.470,1.0000,-1,-1,-1
542,384,473.110,561.820,107.190,269.650,1.0000,-1,-1,-1
543,371,720.830,516.310,197.920,365.090,1.0000,-1,-1,-1
543,372,508.200,524.390,152.400,320.290,1.0000,-1,-1,-1
543,373,1117.360,538.400,144.240,307.300,1.0000,-1,-1,-1
543,374,1023.980,487.550,195.890,395.480,1.0000,-1,-1,-1
543,376,1314.020,574.140,114.360,237.620,1.0000,-1,-1,-1
543,377,1222.750,543.390,146.730,284.370,1.0000,-1,-1,-1
543,379,834.190,489.150,213.820,416.850,1.0000,-1,-1,-1
543,380,599.760,521.360,180.090,337.170,1.0000,-1,-1,-1
543,382,719.870,547.190,161.730,286.650,1.0000,-1,-1,-1
543,384,471.220,560.940,114.990,270.360,1.0000,-1,-1,-1
544,371,718.850,519.870,197.620,361.570,1.0000,-1,-1,-1
544,372,506.780,523.020,156.870,321.520,1.0000,-1,-1,-1
544,373,1121.340,539.050,140.950,306.710,1.0000,-1,-1,-1
544,374,1022.650,484.680,200.100,398.370,1.0000,-1,-1,-1
544,376,1314.080,574.220,113.780,237.450,1.0000,-1,-1,-1
544,377,1224.450,543.730,149.340,284.200,1.0000,-1,-1,-1
544,379,836.460,489.220,210.470,416.890,1.0000,-1,-1,-1
544,380,599.560,522.790,172.840,336.230,1.0000,-1,-1,-1
544,382,717.670,546.330,167.310,287.800,1.0000,-1,-1,-1
544,384,469.970,551.550,118.960,279.750,1.0000,-1,-1,-1
545,371,725.070,517.530,185.610,364.260,1.0000,-1,-1,-1
545,372,505.280,524.070,150.580,320.720,1.0000,-1,-1,-1
545,373,1119.220,539.890,143.910,306.150,1.0000,-1,-1,-1
545,374,1003.140,478.970,219.850,403.970,1.0000,-1,-1,-1
545,376,1312.670,573.990,112.700,237.510,1.0000,-1,-1,-1
545,377,1232.510,544.790,142.890,283.180,1.0000,-1,-1,-1
545,379,842.380,490.160,203.510,415.440,1.0000,-1,-1,-1
545,380,597.480,525.020,148.520,334.040,1.0000,-1,-1,-1
545,382,715.350,550.440,170.430,282.800,1.0000,-1,-1,-1
545,384,467.640,555.310,110.110,276.090,1.0000,-1,-1,-1
546,371,726.960,513.440,181.480,368.670,1.0000,-1,-1,-1
546,372,501.390,533.780,152.780,311.060,1.0000,-1,-1,-1
546,373,1119.610,537.620,142.370,308.250,1.0000,-1,-1,-1
546,374,1026.970,478.420,191.740,404.630,1.0000,-1,-1,-1
546,376,1311.800,574.540,113.500,237.050,1.0000,-1,-1,-1
546,377,1232.260,544.660,143.320,283.350,1.0000,-1,-1,-1
546,379,852.080,490.740,161.640,414.840,1.0000,-1,-1,-1
546,380,596.970,525.630,143.120,333.320,1.0000,-1,-1,-1
546,382,722.930,553.220,164.790,279.500,1.0000,-1,-1,-1
546,384,466.730,559.730,111.110,271.600,1.0000,-1,-1,-1
547,371,728.260,503.110,176.040,379.240,1.0000,-1,-1,-1
547,372,501.280,544.270,146.540,300.050,1.0000,-1,-1,-1
547,373,1114.010,534.230,149.190,312.100,1.0000,-1,-1,-1
547,374,1027.980,480.170,185.260,403.140,1.0000,-1,-1,-1
547,376,1312.810,574.130,113.020,237.360,1.0000,-1,-1,-1
547,377,1232.360,544.830,145.220,283.210,1.0000,-1,-1,-1
547,379,856.990,468.330,182.870,437.690,1.0000,-1,-1,-1
547,380,594.320,526.150,149.860,332.630,1.0000,-1,-1,-1
547,382,710.650,547.500,180.770,285.590,1.0000,-1,-1,-1
547,384,465.080,565.080,120.840,266.140,1.0000,-1,-1,-1
548,371,730.390,511.150,158.910,371.210,1.0000,-1,-1,-1
548,372,505.300,544.910,141.900,299.860,1.0000,-1,-1,-1
548,373,1112.910,542.050,150.680,304.180,1.0000,-1,-1,-1
548,374,1025.710,480.410,177.210,403.230,1.0000,-1,-1,-1
548,376,1312.750,573.730,113.700,237.820,1.0000,-1,-1,-1
548,377,1230.970,544.840,146.990,283.250,1.0000,-1,-1,-1
548,379,861.120,461.760,174.110,444.080,1.0000,-1,-1,-1
548,380,593.080,526.220,154.020,332.540,1.0000,-1,-1,-1
548,382,726.610,549.270,159.100,284.070,1.0000,-1,-1,-1
548,384,464.900,566.540,114.310,264.840,1.0000,-1,-1,-1
549,371,736.640,519.020,155.190,363.620,1.0000,-1,-1,-1
549,372,508.330,545.770,136.520,298.740,1.0000,-1,-1,-1
549,373,1115.970,541.530,139.900,304.320,1.0000,-1,-1,-1
549,374,1024.690,488.000,176.620,395.930,1.0000,-1,-1,-1
549,376,1313.430,572.510,115.330,239.130,1.0000,-1,-1,-1
549,377,1232.520,545.240,148.420,282.720,1.0000,-1,-1,-1
549,379,867.820,483.020,153.700,422.630,1.0000,-1,-1,-1
549,380,591.620,526.710,155.940,332.190,1.0000,-1,-1,-1
549,382,725.260,543.550,161.500,289.350,1.0000,-1,-1,-1
549,384,464.400,567.360,113.300,263.980,1.0000,-1,-1,-1
550,371,740.450,517.330,166.300,365.430,1.0000,-1,-1,-1
550,372,509.280,546.330,134.670,298.320,1.0000,-1,-1,-1
550,373,1096.970,539.820,156.060,305.760,1.0000,-1,-1,-1
550,374,1027.380,490.660,175.600,393.010,1.0000,-1,-1,-1
550,376,1314.180,573.720,115.090,238.030,1.0000,-1,-1,-1
550,377,1232.850,545.160,147.650,282.900,1.0000,-1,-1,-1
550,379,869.930,498.690,167.290,406.940,1.0000,-1,-1,-1
550,380,591.390,527.310,160.780,331.640,1.0000,-1,-1,-1
550,382,708.820,541.690,178.340,291.920,1.0000,-1,-1,-1
550,384,463.490,568.410,117.570,262.990,1.0000,-1,-1,-1
551,371,750.960,512.330,164.290,369.570,1.0000,-1,-1,-1
551,372,508.480,547.260,135.140,297.390,1.0000,-1,-1,-1
551,373,1124.360,541.400,125.910,304.790,1.0000,-1,-1,-1
551,374,1032.850,482.910,142.290,400.720,1.0000,-1,-1,-1
551,376,1314.280,573.710,117.240,238.070,1.0000,-1,-1,-1
551,377,1229.130,545.710,150.190,282.470,1.0000,-1,-1,-1
551,379,854.960,495.780,175.510,410.160,1.0000,-1,-1,-1
551,380,591.460,528.970,163.050,329.950,1.0000,-1,-1,-1
551,382,717.030,531.460,161.330,302.970,1.0000,-1,-1,-1
551,384,462.700,567.960,116.540,263.400,1.0000,-1,-1,-1
552,371,753.110,510.000,152.010,372.710,1.0000,-1,-1,-1
552,372,510.450,547.760,135.280,296.920,1.0000,-1,-1,-1
552,373,1104.730,541.420,159.260,304.680,1.0000,-1,-1,-1
552,374,1025.170,478.560,151.060,404.690,1.0000,-1,-1,-1
552,376,1313.930,574.090,118.680,237.880,1.0000,-1,-1,-1
552,377,1228.190,545.960,149.770,282.140,1.0000,-1,-1,-1
552,379,849.890,480.020,175.680,425.770,1.0000,-1,-1,-1
552,380,591.760,529.580,166.930,329.680,1.0000,-1,-1,-1
552,382,712.880,536.140,163.130,297.840,1.0000,-1,-1,-1
552,384,462.300,567.920,120.930,263.410,1.0000,-1,-1,-1
553,371,741.090,521.430,157.900,378.140,1.0000,-1,-1,-1
553,372,511.660,549.290,142.370,295.410,1.0000,-1,-1,-1
553,373,1073.190,540.050,185.480,306.050,1.0000,-1,-1,-1
553,374,1016.230,482.140,158.190,417.070,1.0000,-1,-1,-1
553,376,1316.330,573.410,118.140,238.290,1.0000,-1,-1,-1
553,377,1236.760,546.480,137.560,281.260,1.0000,-1,-1,-1
553,379,826.810,499.610,217.050,424.070,1.0000,-1,-1,-1
553,380,592.280,530.730,172.970,329.180,1.0000,-1,-1,-1
553,382,702.940,541.680,182.600,291.790,1.0000,-1,-1,-1
553,384,460.870,568.060,129.320,263.280,1.0000,-1,-1,-1
554,371,732.040,526.230,189.090,373.140,1.0000,-1,-1,-1
554,372,513.060,549.960,143.980,294.600,1.0000,-1,-1,-1
554,373,1075.670,542.460,184.150,303.830,1.0000,-1,-1,-1
554,374,1016.070,478.460,162.630,421.560,1.0000,-1,-1,-1
554,376,1315.890,570.320,118.740,241.440,1.0000,-1,-1,-1
554,377,1243.450,546.660,126.480,281.110,1.0000,-1,-1,-1
554,379,843.510,502.750,209.240,420.460,1.0000,-1,-1,-1
554,380,593.090,531.570,163.880,327.690,1.0000,-1,-1,-1
554,382,742.280,526.320,181.040,307.120,1.0000,-1,-1,-1
554,384,460.280,569.230,127.430,262.070,1.0000,-1,-1,-1
555,371,742.740,533.710,175.300,365.680,1.0000,-1,-1,-1
555,372,515.220,550.350,142.480,294.680,1.0000,-1,-1,-1
555,373,1094.730,546.280,166.000,300.500,1.0000,-1,-1,-1
555,374,1029.070,469.310,157.260,430.520,1.0000,-1,-1,-1
555,376,1319.890,573.560,112.140,238.150,1.0000,-1,-1,-1
555,377,1248.350,546.510,107.160,281.700,1.0000,-1,-1,-1
555,379,880.040,503.640,171.060,420.150,1.0000,-1,-1,-1
555,380,595.800,531.710,168.720,327.080,1.0000,-1,-1,-1
555,384,460.730,569.350,118.700,261.640,1.0000,-1,-1,-1
556,371,741.190,536.720,169.590,362.910,1.0000,-1,-1,-1
556,372,514.920,550.620,143.160,294.510,1.0000,-1,-1,-1
556,373,1098.720,543.740,161.240,302.870,1.0000,-1,-1,-1
556,374,1033.350,467.290,155.610,432.400,1.0000,-1,-1,-1
556,376,1322.580,573.610,106.920,238.370,1.0000,-1,-1,-1
556,377,1249.740,546.460,102.600,281.970,1.0000,-1,-1,-1
556,379,841.720,499.870,209.720,424.030,1.0000,-1,-1,-1
556,380,597.700,531.390,169.740,328.200,1.0000,-1,-1,-1
556,384,460.290,570.070,114.830,260.960,1.0000,-1,-1,-1
557,371,744.410,543.200,134.540,356.460,1.0000,-1,-1,-1
557,372,521.340,550.860,130.860,294.140,1.0000,-1,-1,-1
557,373,1099.090,538.350,157.190,307.860,1.0000,-1,-1,-1
557,374,1035.760,467.840,152.340,431.950,1.0000,-1,-1,-1
557,376,1313.690,573.780,110.200,238.680,1.0000,-1,-1,-1
557,377,1254.440,545.810,103.130,283.070,1.0000,-1,-1,-1
557,379,852.080,498.730,200.490,424.980,1.0000,-1,-1,-1
557,380,600.770,529.420,156.680,331.320,1.0000,-1,-1,-1
557,384,456.950,570.190,109.260,261.380,1.0000,-1,-1,-1
558,371,739.570,544.530,139.020,355.110,1.0000,-1,-1,-1
558,372,522.750,550.510,130.750,294.090,1.0000,-1,-1,-1
558,373,1100.230,534.180,154.640,311.820,1.0000,-1,-1,-1
558,374,1028.530,474.000,159.810,425.890,1.0000,-1,-1,-1
558,376,1311.860,573.650,110.670,238.440,1.0000,-1,-1,-1
558,377,1256.300,545.160,102.840,283.620,1.0000,-1,-1,-1
558,379,854.170,504.160,195.930,419.600,1.0000,-1,-1,-1
558,380,601.280,527.620,148.950,332.440,1.0000,-1,-1,-1
558,384,453.670,571.210,110.430,260.450,1.0000,-1,-1,-1
559,371,729.130,546.170,150.530,353.490,1.0000,-1,-1,-1
559,372,519.390,547.850,124.250,297.270,1.0000,-1,-1,-1
559,373,1107.030,526.680,138.940,317.040,1.0000,-1,-1,-1
559,374,1032.600,496.380,148.880,402.730,1.0000,-1,-1,-1
559,376,1327.430,573.540,93.090,239.220,1.0000,-1,-1,-1
559,377,1257.540,543.580,94.150,285.210,1.0000,-1,-1,-1
559,379,868.730,509.000,180.720,414.480,1.0000,-1,-1,-1
559,380,603.200,522.980,145.740,337.530,1.0000,-1,-1,-1
559,382,751.880,539.580,144.500,289.880,1.0000,-1,-1,-1
559,384,445.230,570.810,119.300,260.560,1.0000,-1,-1,-1
560,371,727.050,547.600,152.180,352.040,1.0000,-1,-1,-1
560,372,519.260,546.930,117.580,298.100,1.0000,-1,-1,-1
560,373,1110.820,514.910,132.970,326.200,1.0000,-1,-1,-1
560,374,1038.820,499.740,142.220,399.310,1.0000,-1,-1,-1
560,376,1323.630,574.180,93.590,238.980,1.0000,-1,-1,-1
560,377,1253.450,544.450,103.220,284.270,1.0000,-1,-1,-1
560,379,874.150,508.580,174.520,415.120,1.0000,-1,-1,-1
560,380,597.900,521.380,143.910,336.990,1.0000,-1,-1,-1
560,382,751.090,535.820,140.250,292.810,1.0000,-1,-1,-1
560,384,439.220,571.040,120.590,259.930,1.0000,-1,-1,-1
561,371,731.000,551.780,147.920,347.890,1.0000,-1,-1,-1
561,372,514.040,544.050,113.720,299.020,1.0000,-1,-1,-1
561,374,1047.040,503.550,170.640,395.260,1.0000,-1,-1,-1
561,375,1106.380,537.320,133.980,301.760,1.0000,-1,-1,-1
561,376,1331.350,575.630,82.760,237.050,1.0000,-1,-1,-1
561,377,1242.570,547.350,116.890,281.880,1.0000,-1,-1,-1
561,379,860.790,507.550,188.270,415.960,1.0000,-1,-1,-1
561,380,565.070,519.750,161.430,339.790,1.0000,-1,-1,-1
561,382,748.970,551.300,118.770,277.790,1.0000,-1,-1,-1
561,384,444.520,566.120,115.200,264.780,1.0000,-1,-1,-1
562,371,733.120,550.490,146.510,349.180,1.0000,-1,-1,-1
562,372,523.360,537.770,102.280,304.650,1.0000,-1,-1,-1
562,374,1050.530,505.120,168.070,393.620,1.0000,-1,-1,-1
562,376,1322.480,577.080,91.910,235.600,1.0000,-1,-1,-1
562,377,1237.220,547.730,119.990,281.880,1.0000,-1,-1,-1
562,379,863.570,506.910,185.350,416.630,1.0000,-1,-1,-1
562,380,562.700,496.380,158.590,363.620,1.0000,-1,-1,-1
562,384,464.350,567.260,98.090,263.710,1.0000,-1,-1,-1
563,371,739.470,544.400,141.480,355.220,1.0000,-1,-1,-1
563,372,530.270,538.550,93.750,303.400,1.0000,-1,-1,-1
563,374,1050.200,508.690,174.480,389.970,1.0000,-1,-1,-1
563,376,1327.790,582.010,86.110,230.850,1.0000,-1,-1,-1
563,377,1241.310,541.960,121.910,288.120,1.0000,-1,-1,-1
563,379,859.260,505.730,190.420,418.340,1.0000,-1,-1,-1
563,380,599.320,463.370,125.130,396.260,1.0000,-1,-1,-1
563,384,471.660,543.140,83.680,287.990,1.0000,-1,-1,-1
564,371,741.640,541.770,138.540,358.020,1.0000,-1,-1,-1
564,372,530.450,538.740,96.220,303.130,1.0000,-1,-1,-1
564,374,1049.330,508.860,179.460,389.880,1.0000,-1,-1,-1
564,376,1314.650,582.390,96.230,230.570,1.0000,-1,-1,-1
564,377,1236.100,550.720,147.390,279.460,1.0000,-1,-1,-1
564,379,857.430,504.380,196.360,419.030,1.0000,-1,-1,-1
564,380,609.190,463.870,117.200,395.240,1.0000,-1,-1,-1
564,382,762.050,541.670,110.150,286.080,1.0000,-1,-1,-1
564,384,472.210,552.630,83.260,278.390,1.0000,-1,-1,-1
565,371,747.460,537.290,130.450,362.520,1.0000,-1,-1,-1
565,372,524.870,546.320,101.720,295.430,1.0000,-1,-1,-1
565,374,1051.700,497.330,177.170,401.570,1.0000,-1,-1,-1
565,376,1321.340,584.950,93.980,227.980,1.0000,-1,-1,-1
565,377,1245.410,556.170,118.220,274.000,1.0000,-1,-1,-1
565,379,857.570,498.540,202.480,425.010,1.0000,-1,-1,-1
565,380,610.300,507.560,118.400,350.840,1.0000,-1,-1,-1
565,384,476.910,559.120,79.730,273.010,1.0000,-1,-1,-1
566,371,752.650,532.870,124.880,367.120,1.0000,-1,-1,-1
566,372,523.770,545.760,98.010,296.480,1.0000,-1,-1,-1
566,374,1052.310,494.020,176.260,404.810,1.0000,-1,-1,-1
566,376,1330.570,585.400,88.260,227.300,1.0000,-1,-1,-1
566,377,1253.210,554.560,107.490,276.050,1.0000,-1,-1,-1
566,379,855.110,494.790,211.340,427.960,1.0000,-1,-1,-1
566,380,609.690,524.780,122.440,334.180,1.0000,-1,-1,-1
566,384,466.150,567.200,89.140,264.570,1.0000,-1,-1,-1
567,371,759.270,523.000,118.040,376.580,1.0000,-1,-1,-1
567,372,530.550,556.480,98.620,298.600,1.0000,-1,-1,-1
567,373,1118.220,540.720,106.250,308.680,1.0000,-1,-1,-1
567,374,1056.850,483.540,126.160,415.280,1.0000,-1,-1,-1
567,376,1335.440,583.910,89.080,228.790,1.0000,-1,-1,-1
567,377,1253.090,559.500,113.550,277.680,1.0000,-1,-1,-1
567,379,851.760,485.510,224.120,436.140,1.0000,-1,-1,-1
567,380,619.840,519.190,99.780,340.100,1.0000,-1,-1,-1
567,384,469.930,572.660,85.610,263.720,1.0000,-1,-1,-1
568,371,760.720,518.860,117.400,380.750,1.0000,-1,-1,-1
568,372,531.360,559.970,99.400,294.500,1.0000,-1,-1,-1
568,373,1120.150,542.950,106.410,312.520,1.0000,-1,-1,-1
568,374,1059.320,480.150,123.580,418.790,1.0000,-1,-1,-1
568,376,1343.100,584.320,83.680,230.300,1.0000,-1,-1,-1
568,377,1262.850,564.210,106.800,272.650,1.0000,-1,-1,-1
568,379,854.600,483.850,223.610,437.050,1.0000,-1,-1,-1
568,380,617.130,520.610,99.420,338.630,1.0000,-1,-1,-1
568,384,473.860,578.360,83.720,257.950,1.0000,-1,-1,-1
569,371,758.900,510.180,118.250,389.320,1.0000,-1,-1,-1
569,372,527.990,559.320,108.860,294.460,1.0000,-1,-1,-1
569,373,1119.960,540.700,117.000,315.280,1.0000,-1,-1,-1
569,374,1063.520,479.640,119.340,419.250,1.0000,-1,-1,-1
569,376,1335.360,586.930,95.410,231.970,1.0000,-1,-1,-1
569,377,1258.700,567.380,110.370,269.190,1.0000,-1,-1,-1
569,379,855.390,475.210,225.900,445.050,1.0000,-1,-1,-1
569,380,615.280,532.910,112.150,338.860,1.0000,-1,-1,-1
569,384,474.310,585.580,83.220,250.650,1.0000,-1,-1,-1
570,371,757.220,508.770,119.090,390.850,1.0000,-1,-1,-1
570,372,528.270,561.550,109.810,292.120,1.0000,-1,-1,-1
570,373,1106.350,543.870,132.610,311.770,1.0000,-1,-1,-1
570,374,1065.910,479.640,117.200,419.280,1.0000,-1,-1,-1
570,376,1335.500,587.140,96.000,232.040,1.0000,-1,-1,-1
570,377,1258.560,567.970,112.640,268.620,1.0000,-1,-1,-1
570,379,856.650,469.630,227.940,450.460,1.0000,-1,-1,-1
570,380,622.920,535.170,109.430,336.210,1.0000,-1,-1,-1
570,384,473.230,582.220,92.690,253.920,1.0000,-1,-1,-1
571,371,757.340,510.370,118.140,389.370,1.0000,-1,-1,-1
571,372,528.920,562.830,107.710,290.900,1.0000,-1,-1,-1
571,373,1121.870,550.700,118.640,304.770,1.0000,-1,-1,-1
571,374,1067.520,478.880,115.320,419.960,1.0000,-1,-1,-1
571,376,1337.300,587.780,93.730,231.970,1.0000,-1,-1,-1
571,377,1259.640,569.090,112.560,267.580,1.0000,-1,-1,-1
571,379,855.960,465.230,234.600,454.970,1.0000,-1,-1,-1
571,380,625.730,536.010,110.410,335.170,1.0000,-1,-1,-1
571,384,471.650,580.420,90.710,255.620,1.0000,-1,-1,-1
572,371,759.670,507.270,117.260,392.770,1.0000,-1,-1,-1
572,372,530.970,570.240,96.190,283.600,1.0000,-1,-1,-1
572,373,1120.210,557.970,120.720,297.410,1.0000,-1,-1,-1
572,374,1070.650,484.760,114.290,413.750,1.0000,-1,-1,-1
572,376,1343.520,587.800,93.010,231.690,1.0000,-1,-1,-1
572,377,1258.680,571.800,113.840,264.860,1.0000,-1,-1,-1
572,379,853.040,455.450,247.730,464.820,1.0000,-1,-1,-1
572,380,624.940,523.630,118.830,347.130,1.0000,-1,-1,-1
572,384,469.100,578.000,88.330,258.100,1.0000,-1,-1,-1
573,371,760.370,505.690,119.610,394.160,1.0000,-1,-1,-1
573,372,531.750,569.360,93.320,284.650,1.0000,-1,-1,-1
573,373,1119.540,556.960,121.200,298.230,1.0000,-1,-1,-1
573,374,1068.630,492.290,116.530,405.340,1.0000,-1,-1,-1
573,375,1074.210,489.940,117.890,352.230,1.0000,-1,-1,-1
573,376,1346.710,587.440,95.520,231.890,1.0000,-1,-1,-1
573,377,1255.870,573.240,116.940,263.490,1.0000,-1,-1,-1
573,379,851.450,456.300,252.170,464.220,1.0000,-1,-1,-1
573,380,622.470,524.560,118.010,346.040,1.0000,-1,-1,-1
573,384,468.450,577.850,84.070,258.270,1.0000,-1,-1,-1
574,371,759.490,507.050,126.550,392.530,1.0000,-1,-1,-1
574,372,533.600,568.500,90.960,285.550,1.0000,-1,-1,-1
574,373,1117.680,554.120,118.640,301.850,1.0000,-1,-1,-1
574,374,1061.290,491.950,124.160,406.680,1.0000,-1,-1,-1
574,376,1344.940,586.940,111.460,232.270,1.0000,-1,-1,-1
574,377,1252.650,574.720,125.040,261.560,1.0000,-1,-1,-1
574,379,854.090,471.030,244.640,449.580,1.0000,-1,-1,-1
574,380,620.180,523.180,108.170,347.440,1.0000,-1,-1,-1
574,382,755.810,570.360,102.630,267.450,1.0000,-1,-1,-1
574,384,468.330,578.650,75.650,257.640,1.0000,-1,-1,-1
575,371,763.670,508.590,129.350,390.930,1.0000,-1,-1,-1
575,372,534.240,555.090,85.930,298.830,1.0000,-1,-1,-1
575,373,1122.600,552.940,112.270,302.450,1.0000,-1,-1,-1
575,374,1059.310,490.180,131.300,408.520,1.0000,-1,-1,-1
575,376,1345.410,586.920,117.280,232.320,1.0000,-1,-1,-1
575,377,1250.080,569.220,125.580,267.030,1.0000,-1,-1,-1
575,379,849.740,464.140,238.570,457.130,1.0000,-1,-1,-1
575,380,619.510,528.180,99.580,342.480,1.0000,-1,-1,-1
575,382,754.480,572.040,103.880,265.960,1.0000,-1,-1,-1
575,384,469.080,578.900,76.870,257.290,1.0000,-1,-1,-1
576,371,759.750,512.470,138.210,381.430,1.0000,-1,-1,-1
576,372,526.380,536.130,91.860,318.520,1.0000,-1,-1,-1
576,373,1129.400,547.270,103.800,306.670,1.0000,-1,-1,-1
576,374,1061.950,479.230,140.340,419.170,1.0000,-1,-1,-1
576,376,1345.560,577.420,125.850,241.310,1.0000,-1,-1,-1
576,377,1252.600,558.920,122.750,277.450,1.0000,-1,-1,-1
576,379,851.590,477.700,214.530,443.620,1.0000,-1,-1,-1
576,380,617.400,530.650,95.550,340.330,1.0000,-1,-1,-1
576,382,758.350,566.160,116.110,271.790,1.0000,-1,-1,-1
576,384,467.250,578.160,84.950,258.060,1.0000,-1,-1,-1
577,371,767.140,519.500,128.020,372.760,1.0000,-1,-1,-1
577,372,527.480,535.400,90.570,319.210,1.0000,-1,-1,-1
577,373,1128.140,545.320,111.690,308.780,1.0000,-1,-1,-1
577,374,1067.430,468.830,133.790,429.630,1.0000,-1,-1,-1
577,376,1345.880,569.770,125.350,248.820,1.0000,-1,-1,-1
577,377,1255.920,552.850,121.320,284.040,1.0000,-1,-1,-1
577,379,855.900,488.990,202.040,431.730,1.0000,-1,-1,-1
577,380,617.350,530.000,99.500,341.050,1.0000,-1,-1,-1
577,382,761.150,571.730,131.080,267.100,1.0000,-1,-1,-1
577,384,466.370,577.140,85.120,259.000,1.0000,-1,-1,-1
578,371,761.440,522.040,149.310,363.910,1.0000,-1,-1,-1
578,372,500.970,532.770,121.960,321.140,1.0000,-1,-1,-1
578,373,1102.690,546.320,146.900,307.350,1.0000,-1,-1,-1
578,374,1080.400,480.300,108.380,418.850,1.0000,-1,-1,-1
578,376,1350.960,564.960,113.950,253.180,1.0000,-1,-1,-1
578,377,1267.470,549.440,109.820,287.720,1.0000,-1,-1,-1
578,379,878.850,491.250,166.470,425.630,1.0000,-1,-1,-1
578,380,620.880,528.670,104.060,342.240,1.0000,-1,-1,-1
578,382,761.140,543.300,123.440,296.100,1.0000,-1,-1,-1
578,384,464.420,564.650,86.990,271.620,1.0000,-1,-1,-1
579,371,763.500,522.790,145.380,363.230,1.0000,-1,-1,-1
579,372,510.590,531.440,113.280,322.570,1.0000,-1,-1,-1
579,373,1126.060,544.580,120.040,309.680,1.0000,-1,-1,-1
579,374,1078.750,481.720,102.990,417.710,1.0000,-1,-1,-1
579,376,1354.350,562.830,108.260,255.260,1.0000,-1,-1,-1
579,377,1272.630,545.870,104.250,291.130,1.0000,-1,-1,-1
579,379,881.690,492.480,153.580,416.560,1.0000,-1,-1,-1
579,380,623.410,523.330,103.990,347.520,1.0000,-1,-1,-1
579,382,762.540,554.070,125.110,285.290,1.0000,-1,-1,-1
579,384,464.330,562.980,87.110,273.320,1.0000,-1,-1,-1
580,371,774.760,519.530,120.030,366.710,1.0000,-1,-1,-1
580,372,532.120,531.940,92.890,320.970,1.0000,-1,-1,-1
580,373,1144.150,540.470,94.630,313.350,1.0000,-1,-1,-1
580,374,1075.350,472.480,115.180,412.370,1.0000,-1,-1,-1
580,376,1362.840,563.020,90.960,255.410,1.0000,-1,-1,-1
580,377,1286.840,536.100,91.040,300.680,1.0000,-1,-1,-1
580,379,885.340,494.120,125.970,410.180,1.0000,-1,-1,-1
580,380,626.010,519.050,103.920,351.910,1.0000,-1,-1,-1
580,382,752.930,543.000,105.310,296.200,1.0000,-1,-1,-1
580,384,466.670,565.420,90.930,270.400,1.0000,-1,-1,-1
581,371,770.560,516.080,117.070,370.190,1.0000,-1,-1,-1
581,372,528.610,534.170,94.840,318.610,1.0000,-1,-1,-1
581,373,1146.640,536.720,91.930,316.840,1.0000,-1,-1,-1
581,374,1070.090,469.540,112.910,414.030,1.0000,-1,-1,-1
581,376,1362.230,564.100,93.170,255.150,1.0000,-1,-1,-1
581,377,1286.070,536.640,92.050,300.090,1.0000,-1,-1,-1
581,379,883.090,493.830,118.200,410.430,1.0000,-1,-1,-1
581,380,628.040,526.220,101.040,344.700,1.0000,-1,-1,-1
581,382,749.250,535.860,107.260,302.510,1.0000,-1,-1,-1
581,384,467.390,568.210,97.560,267.140,1.0000,-1,-1,-1
582,371,776.710,508.900,101.030,377.100,1.0000,-1,-1,-1
582,372,515.930,534.850,105.210,318.800,1.0000,-1,-1,-1
582,373,1158.160,527.950,80.300,327.020,1.0000,-1,-1,-1
582,374,1063.120,467.310,112.730,415.970,1.0000,-1,-1,-1
582,376,1363.200,565.840,94.560,254.650,1.0000,-1,-1,-1
582,377,1285.270,541.640,91.340,295.140,1.0000,-1,-1,-1
582,379,879.520,492.420,131.180,412.020,1.0000,-1,-1,-1
582,380,628.590,515.520,97.160,355.820,1.0000,-1,-1,-1
582,382,749.380,546.390,97.750,293.280,1.0000,-1,-1,-1
582,384,468.980,559.790,78.490,275.150,1.0000,-1,-1,-1
583,371,772.980,505.210,101.440,380.680,1.0000,-1,-1,-1
583,372,528.800,529.040,89.720,324.770,1.0000,-1,-1,-1
583,373,1158.760,525.490,79.520,330.760,1.0000,-1,-1,-1
583,374,1061.640,468.700,110.820,414.630,1.0000,-1,-1,-1
583,376,1363.150,564.430,93.900,258.100,1.0000,-1,-1,-1
583,377,1286.790,535.070,87.720,300.540,1.0000,-1,-1,-1
583,379,881.560,492.270,116.980,412.040,1.0000,-1,-1,-1
583,380,629.610,511.680,93.590,359.350,1.0000,-1,-1,-1
583,382,747.270,542.420,99.000,296.980,1.0000,-1,-1,-1
583,384,469.200,558.700,79.850,276.700,1.0000,-1,-1,-1
584,371,761.210,504.370,115.620,381.030,1.0000,-1,-1,-1
584,372,524.050,527.570,89.250,329.360,1.0000,-1,-1,-1
584,373,1161.310,526.450,78.090,330.350,1.0000,-1,-1,-1
584,374,1060.230,475.810,110.880,406.940,1.0000,-1,-1,-1
584,376,1366.900,564.110,87.510,259.110,1.0000,-1,-1,-1
584,377,1287.320,531.030,87.380,306.250,1.0000,-1,-1,-1
584,379,887.040,492.630,112.010,411.460,1.0000,-1,-1,-1
584,380,629.990,510.010,91.990,361.420,1.0000,-1,-1,-1
584,382,747.090,540.670,97.710,299.810,1.0000,-1,-1,-1
584,384,465.850,561.040,85.700,280.360,1.0000,-1,-1,-1
585,371,753.410,504.990,121.320,380.050,1.0000,-1,-1,-1
585,372,523.440,528.000,88.770,329.080,1.0000,-1,-1,-1
585,373,1161.100,527.880,78.320,329.130,1.0000,-1,-1,-1
585,374,1063.330,476.490,104.050,405.380,1.0000,-1,-1,-1
585,376,1366.310,564.100,85.720,259.170,1.0000,-1,-1,-1
585,377,1287.390,531.790,88.580,305.380,1.0000,-1,-1,-1
585,379,890.300,492.790,104.860,411.400,1.0000,-1,-1,-1
585,380,628.830,510.630,87.200,360.840,1.0000,-1,-1,-1
585,382,745.540,542.620,95.110,298.430,1.0000,-1,-1,-1
585,384,466.010,562.780,87.300,278.770,1.0000,-1,-1,-1
586,371,765.220,504.780,105.660,380.070,1.0000,-1,-1,-1
586,372,512.450,528.420,104.680,328.470,1.0000,-1,-1,-1
586,373,1164.020,528.130,75.100,328.900,1.0000,-1,-1,-1
586,374,1058.650,478.050,108.970,402.570,1.0000,-1,-1,-1
586,376,1370.360,562.940,79.520,260.380,1.0000,-1,-1,-1
586,377,1289.290,533.770,88.360,303.520,1.0000,-1,-1,-1
586,379,896.990,493.270,97.830,411.010,1.0000,-1,-1,-1
586,380,627.630,511.780,87.160,359.670,1.0000,-1,-1,-1
586,382,747.900,547.330,93.650,293.490,1.0000,-1,-1,-1
586,384,466.470,562.990,86.150,278.350,1.0000,-1,-1,-1
587,371,756.960,504.920,113.670,379.990,1.0000,-1,-1,-1
587,372,517.830,527.950,99.170,328.780,1.0000,-1,-1,-1
587,373,1162.240,527.860,77.130,329.360,1.0000,-1,-1,-1
587,374,1056.650,478.360,110.080,401.710,1.0000,-1,-1,-1
587,376,1374.760,562.080,74.520,261.250,1.0000,-1,-1,-1
587,377,1285.860,534.100,93.320,303.040,1.0000,-1,-1,-1
587,379,897.420,493.660,100.960,410.570,1.0000,-1,-1,-1
587,380,627.290,512.780,86.880,358.780,1.0000,-1,-1,-1
587,382,750.150,547.220,90.680,293.390,1.0000,-1,-1,-1
587,384,466.450,562.190,84.640,279.100,1.0000,-1,-1,-1
588,371,758.060,505.370,112.980,379.420,1.0000,-1,-1,-1
588,372,514.310,528.130,95.260,328.560,1.0000,-1,-1,-1
588,373,1161.450,528.020,77.110,329.700,1.0000,-1,-1,-1
588,374,1050.520,481.850,118.440,397.860,1.0000,-1,-1,-1
588,376,1379.320,562.060,69.030,261.300,1.0000,-1,-1,-1
588,377,1279.050,534.070,101.000,302.940,1.0000,-1,-1,-1
588,379,897.570,495.440,116.660,408.820,1.0000,-1,-1,-1
588,380,621.660,512.760,89.970,358.950,1.0000,-1,-1,-1
588,382,753.330,545.970,90.660,294.710,1.0000,-1,-1,-1
588,384,465.830,561.260,84.590,279.860,1.0000,-1,-1,-1
589,371,761.770,505.420,109.660,379.490,1.0000,-1,-1,-1
589,372,511.960,528.480,94.650,328.390,1.0000,-1,-1,-1
589,373,1160.870,528.550,77.250,329.490,1.0000,-1,-1,-1
589,374,1047.610,484.300,118.790,395.120,1.0000,-1,-1,-1
589,376,1379.460,562.000,70.170,261.410,1.0000,-1,-1,-1
589,377,1281.310,533.890,98.800,302.950,1.0000,-1,-1,-1
589,379,898.190,496.250,117.290,407.980,1.0000,-1,-1,-1
589,380,619.910,512.890,91.960,358.730,1.0000,-1,-1,-1
589,382,753.820,545.580,87.510,295.050,1.0000,-1,-1,-1
589,384,465.430,560.800,83.910,280.270,1.0000,-1,-1,-1
590,371,758.760,505.990,113.450,379.230,1.0000,-1,-1,-1
590,372,507.590,529.060,95.570,327.780,1.0000,-1,-1,-1
590,373,1159.650,528.700,78.060,329.110,1.0000,-1,-1,-1
590,374,1047.300,487.130,118.270,392.460,1.0000,-1,-1,-1
590,376,1377.910,561.780,74.410,261.700,1.0000,-1,-1,-1
590,377,1282.280,533.910,95.640,302.780,1.0000,-1,-1,-1
590,379,898.970,497.420,115.910,406.870,1.0000,-1,-1,-1
590,380,621.860,512.660,87.880,358.310,1.0000,-1,-1,-1
590,382,754.300,544.870,87.510,295.980,1.0000,-1,-1,-1
590,384,464.670,560.080,82.730,281.140,1.0000,-1,-1,-1
591,371,760.920,505.800,112.820,379.630,1.0000,-1,-1,-1
591,372,508.460,529.400,93.210,327.670,1.0000,-1,-1,-1
591,373,1159.190,527.930,78.790,329.810,1.0000,-1,-1,-1
591,374,1050.610,486.740,116.150,393.030,1.0000,-1,-1,-1
591,375,1098.320,541.750,77.430,290.080,1.0000,-1,-1,-1
591,376,1376.680,561.630,76.900,261.880,1.0000,-1,-1,-1
591,377,1280.420,534.360,94.970,302.550,1.0000,-1,-1,-1
591,379,899.510,497.970,115.020,405.970,1.0000,-1,-1,-1
591,380,623.070,513.220,85.010,357.790,1.0000,-1,-1,-1
591,382,752.910,544.660,87.850,295.910,1.0000,-1,-1,-1
591,384,464.270,560.230,81.740,280.860,1.0000,-1,-1,-1
592,371,784.800,505.950,96.460,379.600,1.0000,-1,-1,-1
592,372,501.880,529.870,98.790,327.290,1.0000,-1,-1,-1
592,373,1160.520,526.870,77.370,328.770,1.0000,-1,-1,-1
592,374,1051.040,484.290,110.200,395.380,1.0000,-1,-1,-1
592,375,1101.360,548.250,71.330,285.390,1.0000,-1,-1,-1
592,376,1374.880,561.770,80.720,261.900,1.0000,-1,-1,-1
592,377,1279.540,538.820,93.990,298.620,1.0000,-1,-1,-1
592,379,899.980,496.960,112.380,406.400,1.0000,-1,-1,-1
592,380,624.450,513.580,84.670,357.820,1.0000,-1,-1,-1
592,382,750.870,546.550,89.690,294.510,1.0000,-1,-1,-1
592,384,460.640,564.780,81.790,276.790,1.0000,-1,-1,-1
593,371,790.480,508.450,93.110,377.100,1.0000,-1,-1,-1
593,372,504.560,530.670,96.020,326.360,1.0000,-1,-1,-1
593,373,1160.770,529.430,78.370,325.760,1.0000,-1,-1,-1
593,374,1050.230,484.440,97.490,395.230,1.0000,-1,-1,-1
593,375,1103.870,549.330,70.790,283.430,1.0000,-1,-1,-1
593,376,1374.900,563.050,82.030,260.360,1.0000,-1,-1,-1
593,377,1280.140,543.240,92.650,294.390,1.0000,-1,-1,-1
593,379,899.630,496.740,114.150,405.460,1.0000,-1,-1,-1
593,380,624.520,514.350,84.710,356.980,1.0000,-1,-1,-1
593,382,751.290,549.660,88.710,291.990,1.0000,-1,-1,-1
593,384,456.890,568.030,84.820,273.470,1.0000,-1,-1,-1
594,371,786.150,514.900,101.970,369.770,1.0000,-1,-1,-1
594,372,503.190,532.570,97.030,324.260,1.0000,-1,-1,-1
594,373,1161.070,539.250,81.760,317.060,1.0000,-1,-1,-1
594,374,1044.920,490.480,98.800,388.960,1.0000,-1,-1,-1
594,375,1107.470,553.680,69.880,279.320,1.0000,-1,-1,-1
594,376,1375.830,568.740,83.880,254.680,1.0000,-1,-1,-1
594,377,1279.590,550.860,92.920,286.820,1.0000,-1,-1,-1
594,379,900.400,501.980,120.150,395.230,1.0000,-1,-1,-1
594,380,621.000,518.570,96.510,352.360,1.0000,-1,-1,-1
594,382,747.470,559.050,92.540,282.560,1.0000,-1,-1,-1
594,384,453.230,574.680,86.770,266.780,1.0000,-1,-1,-1
595,371,786.770,519.530,103.570,365.120,1.0000,-1,-1,-1
595,372,499.560,534.460,100.410,322.370,1.0000,-1,-1,-1
595,373,1161.130,545.160,82.830,311.480,1.0000,-1,-1,-1
595,374,1045.430,495.400,96.420,384.190,1.0000,-1,-1,-1
595,375,1106.590,556.390,71.420,277.830,1.0000,-1,-1,-1
595,376,1375.140,571.930,85.010,251.540,1.0000,-1,-1,-1
595,377,1284.240,553.730,87.690,283.860,1.0000,-1,-1,-1
595,379,901.600,505.980,121.570,391.120,1.0000,-1,-1,-1
595,380,619.340,520.890,100.190,349.970,1.0000,-1,-1,-1
595,382,746.780,563.350,102.780,278.440,1.0000,-1,-1,-1
595,384,451.710,578.120,86.490,263.200,1.0000,-1,-1,-1
596,371,758.560,527.800,135.540,356.410,1.0000,-1,-1,-1
596,372,503.170,538.700,98.430,317.980,1.0000,-1,-1,-1
596,373,1161.050,555.940,84.730,300.990,1.0000,-1,-1,-1
596,374,1048.450,502.450,89.050,377.230,1.0000,-1,-1,-1
596,375,1105.120,561.910,73.860,272.660,1.0000,-1,-1,-1
596,376,1374.540,579.730,87.010,243.730,1.0000,-1,-1,-1
596,377,1283.870,559.320,89.030,278.200,1.0000,-1,-1,-1
596,379,897.610,510.920,111.110,386.730,1.0000,-1,-1,-1
596,380,619.650,527.150,99.820,343.420,1.0000,-1,-1,-1
596,382,749.770,568.830,91.440,273.120,1.0000,-1,-1,-1
596,384,449.810,582.970,87.270,258.350,1.0000,-1,-1,-1
597,371,783.040,531.500,109.990,352.620,1.0000,-1,-1,-1
597,372,504.440,540.460,97.410,316.050,1.0000,-1,-1,-1
597,373,1160.970,559.930,84.700,296.960,1.0000,-1,-1,-1
597,374,1049.070,506.110,87.920,373.620,1.0000,-1,-1,-1
597,375,1105.890,564.920,74.110,269.780,1.0000,-1,-1,-1
597,376,1374.660,582.920,86.550,240.310,1.0000,-1,-1,-1
597,377,1283.610,561.540,89.530,275.950,1.0000,-1,-1,-1
597,379,893.760,512.680,112.320,385.130,1.0000,-1,-1,-1
597,380,620.000,530.280,99.050,340.330,1.0000,-1,-1,-1
597,382,753.300,572.020,83.720,269.940,1.0000,-1,-1,-1
597,384,448.070,585.200,88.350,256.090,1.0000,-1,-1,-1
598,371,759.170,539.950,129.480,344.340,1.0000,-1,-1,-1
598,372,500.220,545.620,102.760,310.980,1.0000,-1,-1,-1
598,373,1161.380,568.150,85.880,288.660,1.0000,-1,-1,-1
598,374,1048.940,512.750,86.770,366.770,1.0000,-1,-1,-1
598,375,1100.700,571.580,81.870,261.760,1.0000,-1,-1,-1
598,376,1374.110,589.260,86.980,234.160,1.0000,-1,-1,-1
598,377,1282.500,565.990,90.360,271.410,1.0000,-1,-1,-1
598,379,888.560,514.040,119.300,383.660,1.0000,-1,-1,-1
598,380,621.510,535.970,97.010,334.120,1.0000,-1,-1,-1
598,382,752.120,577.370,79.520,264.010,1.0000,-1,-1,-1
598,384,445.120,589.910,90.580,251.540,1.0000,-1,-1,-1
599,371,765.000,544.840,119.190,339.400,1.0000,-1,-1,-1
599,372,494.660,548.390,109.300,308.470,1.0000,-1,-1,-1
599,373,1161.370,571.890,86.840,284.330,1.0000,-1,-1,-1
599,374,1047.490,515.950,89.630,363.480,1.0000,-1,-1,-1
599,375,1098.260,575.010,84.100,258.360,1.0000,-1,-1,-1
599,376,1373.790,592.580,85.380,230.620,1.0000,-1,-1,-1
599,377,1281.930,568.530,90.010,268.670,1.0000,-1,-1,-1
599,379,886.920,513.600,121.390,384.070,1.0000,-1,-1,-1
599,380,621.490,539.550,96.800,330.470,1.0000,-1,-1,-1
599,382,754.630,580.140,76.090,261.080,1.0000,-1,-1,-1
599,384,444.100,592.510,91.480,249.080,1.0000,-1,-1,-1
600,371,773.770,553.090,105.780,331.090,1.0000,-1,-1,-1
600,372,496.080,554.320,108.850,302.790,1.0000,-1,-1,-1
600,373,1161.990,580.130,87.550,275.860,1.0000,-1,-1,-1
600,374,1039.010,521.910,95.680,357.570,1.0000,-1,-1,-1
600,375,1100.330,582.760,83.260,250.470,1.0000,-1,-1,-1
600,376,1372.550,598.730,82.880,224.670,1.0000,-1,-1,-1
600,377,1281.050,573.500,87.410,263.690,1.0000,-1,-1,-1
600,379,885.190,513.030,124.020,384.740,1.0000,-1,-1,-1
600,380,620.560,546.440,96.970,324.040,1.0000,-1,-1,-1
600,382,755.130,586.090,76.280,255.030,1.0000,-1,-1,-1
600,384,442.520,597.530,92.040,244.220,1.0000,-1,-1,-1
601,371,772.010,557.220,105.500,327.090,1.0000,-1,-1,-1
601,372,497.290,557.740,108.330,299.440,1.0000,-1,-1,-1
601,373,1162.320,584.350,88.820,271.340,1.0000,-1,-1,-1
601,374,1038.170,525.310,98.590,354.160,1.0000,-1,-1,-1
601,375,1096.850,586.570,85.640,246.770,1.0000,-1,-1,-1
601,376,1371.430,601.340,83.110,222.020,1.0000,-1,-1,-1
601,377,1280.690,576.000,86.470,261.190,1.0000,-1,-1,-1
601,379,883.920,512.570,125.230,385.240,1.0000,-1,-1,-1
601,380,620.410,549.090,97.170,321.350,1.0000,-1,-1,-1
601,382,755.620,588.650,78.040,252.390,1.0000,-1,-1,-1
601,384,441.720,599.770,92.160,242.000,1.0000,-1,-1,-1
602,371,771.890,566.120,103.230,318.290,1.0000,-1,-1,-1
602,372,498.960,563.120,108.360,294.240,1.0000,-1,-1,-1
602,373,1163.750,593.110,88.700,262.920,1.0000,-1,-1,-1
602,374,1037.130,531.670,99.050,347.800,1.0000,-1,-1,-1
602,375,1101.080,594.760,81.610,238.670,1.0000,-1,-1,-1
602,376,1369.740,607.490,81.770,215.840,1.0000,-1,-1,-1
602,377,1280.600,580.850,85.310,256.290,1.0000,-1,-1,-1
602,379,882.120,511.240,127.010,386.700,1.0000,-1,-1,-1
602,380,619.790,555.530,96.420,314.720,1.0000,-1,-1,-1
602,382,755.420,593.710,76.270,247.360,1.0000,-1,-1,-1
602,384,440.500,605.070,93.150,236.630,1.0000,-1,-1,-1
603,371,770.400,571.060,106.550,313.350,1.0000,-1,-1,-1
603,372,501.410,566.840,106.500,290.350,1.0000,-1,-1,-1
603,373,1163.740,597.230,88.290,258.850,1.0000,-1,-1,-1
603,374,1036.230,534.860,100.630,344.550,1.0000,-1,-1,-1
603,375,1103.050,598.660,79.230,235.020,1.0000,-1,-1,-1
603,376,1369.070,610.150,82.250,213.300,1.0000,-1,-1,-1
603,377,1280.170,583.630,86.510,253.510,1.0000,-1,-1,-1
603,379,882.690,510.740,126.630,387.190,1.0000,-1,-1,-1
603,380,619.700,559.240,96.400,311.110,1.0000,-1,-1,-1
603,382,755.430,597.380,78.420,243.650,1.0000,-1,-1,-1
603,384,440.220,607.900,92.520,233.680,1.0000,-1,-1,-1
604,371,776.300,579.360,107.900,305.120,1.0000,-1,-1,-1
604,372,505.880,572.550,102.620,284.770,1.0000,-1,-1,-1
604,373,1164.510,606.270,88.770,249.630,1.0000,-1,-1,-1
604,374,1037.450,541.860,100.690,337.550,1.0000,-1,-1,-1
604,375,1097.630,607.070,85.310,226.690,1.0000,-1,-1,-1
604,376,1368.310,616.070,81.130,207.280,1.0000,-1,-1,-1
604,377,1279.960,588.810,87.210,248.140,1.0000,-1,-1,-1
604,379,882.390,509.130,126.330,388.810,1.0000,-1,-1,-1
604,380,619.330,565.260,97.120,305.160,1.0000,-1,-1,-1
604,382,754.990,601.050,81.200,239.870,1.0000,-1,-1,-1
604,384,440.140,613.550,92.960,228.130,1.0000,-1,-1,-1
605,371,772.480,583.980,113.830,300.540,1.0000,-1,-1,-1
605,372,507.760,576.370,101.890,280.920,1.0000,-1,-1,-1
605,373,1165.460,610.550,89.110,245.780,1.0000,-1,-1,-1
605,374,1036.800,545.600,103.490,333.760,1.0000,-1,-1,-1
605,375,1095.860,610.670,87.290,223.440,1.0000,-1,-1,-1
605,376,1368.020,618.780,80.300,204.750,1.0000,-1,-1,-1
605,377,1280.130,591.590,87.730,245.490,1.0000,-1,-1,-1
605,379,882.280,508.620,125.860,389.260,1.0000,-1,-1,-1
605,380,619.300,568.620,97.120,301.840,1.0000,-1,-1,-1
605,382,753.280,604.140,79.760,236.900,1.0000,-1,-1,-1
605,384,440.290,616.200,92.700,225.250,1.0000,-1,-1,-1
606,371,769.440,593.320,117.780,291.010,1.0000,-1,-1,-1
606,372,507.920,582.880,102.710,274.510,1.0000,-1,-1,-1
606,373,1165.550,619.330,89.970,236.510,1.0000,-1,-1,-1
606,374,1037.420,553.910,105.090,325.400,1.0000,-1,-1,-1
606,375,1089.250,619.050,93.850,215.350,1.0000,-1,-1,-1
606,376,1368.240,624.410,79.940,199.160,1.0000,-1,-1,-1
606,377,1279.630,597.030,91.180,240.150,1.0000,-1,-1,-1
606,379,883.070,507.210,123.010,390.590,1.0000,-1,-1,-1
606,380,619.240,575.200,97.360,295.440,1.0000,-1,-1,-1
606,382,750.450,610.380,87.790,231.010,1.0000,-1,-1,-1
606,384,440.090,622.310,93.620,218.840,1.0000,-1,-1,-1
607,371,770.870,597.660,115.120,286.780,1.0000,-1,-1,-1
607,372,508.200,587.010,103.220,270.370,1.0000,-1,-1,-1
607,373,1164.540,623.420,91.100,232.420,1.0000,-1,-1,-1
607,374,1037.350,557.420,106.230,321.770,1.0000,-1,-1,-1
607,375,1089.280,622.560,92.820,211.800,1.0000,-1,-1,-1
607,376,1368.090,626.790,79.720,196.790,1.0000,-1,-1,-1
607,377,1279.720,600.400,91.890,236.920,1.0000,-1,-1,-1
607,379,883.500,506.730,121.600,391.080,1.0000,-1,-1,-1
607,380,619.400,578.670,97.550,291.980,1.0000,-1,-1,-1
607,382,748.810,613.430,90.740,228.840,1.0000,-1,-1,-1
607,384,440.010,625.600,91.760,215.530,1.0000,-1,-1,-1
608,371,772.230,605.880,112.330,278.750,1.0000,-1,-1,-1
608,372,509.330,593.850,102.840,263.740,1.0000,-1,-1,-1
608,373,1165.970,631.670,90.790,224.750,1.0000,-1,-1,-1
608,374,1040.860,566.090,108.290,313.120,1.0000,-1,-1,-1
608,375,1093.270,630.690,91.340,204.150,1.0000,-1,-1,-1
608,376,1369.180,632.090,79.870,191.800,1.0000,-1,-1,-1
608,377,1279.110,605.680,92.860,231.690,1.0000,-1,-1,-1
608,379,885.550,504.560,116.990,393.060,1.0000,-1,-1,-1
608,380,619.680,585.880,97.580,285.220,1.0000,-1,-1,-1
608,382,747.200,619.430,94.560,226.000,1.0000,-1,-1,-1
608,384,440.270,631.170,92.470,210.440,1.0000,-1,-1,-1
609,371,771.260,609.490,112.770,274.970,1.0000,-1,-1,-1
609,372,510.550,597.630,101.960,259.860,1.0000,-1,-1,-1
609,373,1166.070,634.630,90.610,222.010,1.0000,-1,-1,-1
609,374,1042.110,569.830,107.230,309.430,1.0000,-1,-1,-1
609,375,1093.390,633.130,91.140,201.290,1.0000,-1,-1,-1
609,376,1369.960,634.980,79.850,189.090,1.0000,-1,-1,-1
609,377,1279.150,608.580,95.160,228.560,1.0000,-1,-1,-1
609,379,886.410,503.960,115.980,393.600,1.0000,-1,-1,-1
609,380,620.020,590.450,97.750,280.740,1.0000,-1,-1,-1
609,382,746.900,622.580,98.160,222.820,1.0000,-1,-1,-1
609,384,440.300,633.600,95.510,208.430,1.0000,-1,-1,-1
610,371,764.510,616.560,117.310,268.180,1.0000,-1,-1,-1
610,372,511.110,604.840,101.770,253.130,1.0000,-1,-1,-1
610,373,1165.690,639.990,94.340,216.360,1.0000,-1,-1,-1
610,374,1043.990,578.500,107.870,300.870,1.0000,-1,-1,-1
610,375,1094.140,639.430,91.010,194.940,1.0000,-1,-1,-1
610,376,1370.830,638.610,80.830,185.540,1.0000,-1,-1,-1
610,377,1279.420,613.070,99.080,223.960,1.0000,-1,-1,-1
610,379,888.020,502.220,115.730,395.070,1.0000,-1,-1,-1
610,380,619.380,597.370,99.190,273.640,1.0000,-1,-1,-1
610,382,754.340,627.640,91.150,217.520,1.0000,-1,-1,-1
610,384,440.170,639.230,91.740,203.360,1.0000,-1,-1,-1
611,371,766.450,620.020,114.640,264.720,1.0000,-1,-1,-1
611,372,509.910,608.290,103.630,249.690,1.0000,-1,-1,-1
611,373,1165.790,642.110,96.150,214.250,1.0000,-1,-1,-1
611,374,1046.150,582.530,107.180,296.890,1.0000,-1,-1,-1
611,375,1095.220,640.690,90.300,193.500,1.0000,-1,-1,-1
611,376,1370.070,640.260,82.860,183.490,1.0000,-1,-1,-1
611,377,1279.610,615.220,99.200,221.760,1.0000,-1,-1,-1
611,379,890.730,501.590,113.720,395.610,1.0000,-1,-1,-1
611,380,619.230,601.830,100.150,269.100,1.0000,-1,-1,-1
611,382,752.110,630.080,94.210,217.470,1.0000,-1,-1,-1
611,384,440.500,641.750,93.890,202.110,1.0000,-1,-1,-1
612,371,764.790,625.680,119.420,259.370,1.0000,-1,-1,-1
612,372,511.570,615.070,103.600,243.190,1.0000,-1,-1,-1
612,373,1166.500,643.820,98.790,212.640,1.0000,-1,-1,-1
612,374,1048.830,591.720,110.920,287.830,1.0000,-1,-1,-1
612,375,1081.310,641.350,109.950,193.230,1.0000,-1,-1,-1
612,376,1371.510,643.370,82.750,179.730,1.0000,-1,-1,-1
612,377,1280.850,618.970,99.380,218.260,1.0000,-1,-1,-1
612,379,892.520,500.180,104.920,397.020,1.0000,-1,-1,-1
612,380,618.760,610.880,101.740,259.870,1.0000,-1,-1,-1
612,382,752.960,634.470,94.340,212.320,1.0000,-1,-1,-1
612,384,440.270,646.200,93.670,198.290,1.0000,-1,-1,-1
613,371,747.590,628.190,136.470,256.740,1.0000,-1,-1,-1
613,372,510.190,619.020,105.250,240.190,1.0000,-1,-1,-1
613,373,1166.440,644.660,100.170,212.170,1.0000,-1,-1,-1
613,374,1048.550,595.250,111.450,284.290,1.0000,-1,-1,-1
613,375,1083.120,642.100,109.180,192.610,1.0000,-1,-1,-1
613,376,1370.760,645.320,84.060,177.510,1.0000,-1,-1,-1
613,377,1281.750,621.080,98.190,215.660,1.0000,-1,-1,-1
613,379,893.120,499.700,105.120,398.220,1.0000,-1,-1,-1
613,380,617.810,615.110,104.590,255.260,1.0000,-1,-1,-1
613,382,755.610,637.140,93.970,209.560,1.0000,-1,-1,-1
613,384,440.100,648.150,95.420,196.410,1.0000,-1,-1,-1
614,371,747.650,633.110,137.960,252.640,1.0000,-1,-1,-1
614,372,510.640,623.970,106.470,235.080,1.0000,-1,-1,-1
614,373,1167.930,644.830,99.890,212.840,1.0000,-1,-1,-1
614,374,1053.220,603.690,141.520,275.780,1.0000,-1,-1,-1
614,375,1093.750,643.550,91.940,190.800,1.0000,-1,-1,-1
614,376,1370.740,647.670,85.230,175.460,1.0000,-1,-1,-1
614,377,1283.940,624.440,96.200,212.080,1.0000,-1,-1,-1
614,379,889.900,499.410,108.700,398.740,1.0000,-1,-1,-1
614,380,616.150,623.270,108.660,247.840,1.0000,-1,-1,-1
614,382,754.410,642.710,96.930,215.280,1.0000,-1,-1,-1
614,384,439.970,651.220,99.690,193.960,1.0000,-1,-1,-1
615,371,744.670,634.860,142.000,251.220,1.0000,-1,-1,-1
615,372,509.100,625.960,108.690,233.000,1.0000,-1,-1,-1
615,373,1167.900,645.030,99.990,213.160,1.0000,-1,-1,-1
615,374,1057.360,607.290,138.710,271.970,1.0000,-1,-1,-1
615,375,1095.980,643.890,87.990,189.860,1.0000,-1,-1,-1
615,376,1370.280,648.450,86.200,174.820,1.0000,-1,-1,-1
615,377,1284.620,626.090,95.810,210.520,1.0000,-1,-1,-1
615,379,889.720,499.290,113.940,398.760,1.0000,-1,-1,-1
615,380,616.360,626.500,109.640,244.580,1.0000,-1,-1,-1
615,382,754.680,643.700,100.460,215.210,1.0000,-1,-1,-1
615,384,440.050,652.370,98.810,192.710,1.0000,-1,-1,-1
616,371,741.140,639.930,146.340,246.680,1.0000,-1,-1,-1
616,372,513.710,627.900,105.090,231.110,1.0000,-1,-1,-1
616,373,1168.480,646.380,99.470,212.580,1.0000,-1,-1,-1
616,374,1058.200,614.460,137.900,264.780,1.0000,-1,-1,-1
616,375,1093.340,644.940,90.920,189.180,1.0000,-1,-1,-1
616,376,1372.790,650.410,86.360,173.920,1.0000,-1,-1,-1
616,377,1287.400,629.190,93.910,208.350,1.0000,-1,-1,-1
616,379,893.090,499.480,121.030,398.580,1.0000,-1,-1,-1
616,380,615.880,630.960,111.040,240.690,1.0000,-1,-1,-1
616,382,755.030,648.590,99.920,215.030,1.0000,-1,-1,-1
616,384,441.150,655.150,97.200,189.910,1.0000,-1,-1,-1
617,371,739.960,642.100,147.600,244.730,1.0000,-1,-1,-1
617,372,513.350,629.140,105.640,229.910,1.0000,-1,-1,-1
617,373,1168.810,647.260,99.060,211.830,1.0000,-1,-1,-1
617,374,1059.130,616.350,136.420,263.000,1.0000,-1,-1,-1
617,375,1091.510,645.170,93.010,188.910,1.0000,-1,-1,-1
617,376,1375.320,651.880,84.550,172.560,1.0000,-1,-1,-1
617,377,1288.830,631.270,93.720,206.510,1.0000,-1,-1,-1
617,379,891.650,499.730,112.860,398.330,1.0000,-1,-1,-1
617,380,617.270,632.180,109.010,240.460,1.0000,-1,-1,-1
617,382,759.600,649.730,93.870,213.350,1.0000,-1,-1,-1
617,384,441.900,656.580,96.340,188.510,1.0000,-1,-1,-1
618,371,741.390,645.340,145.750,241.520,1.0000,-1,-1,-1
618,372,513.930,633.220,106.070,225.670,1.0000,-1,-1,-1
618,373,1169.800,647.970,98.570,211.210,1.0000,-1,-1,-1
618,374,1061.060,620.600,134.780,258.750,1.0000,-1,-1,-1
618,375,1091.460,645.730,89.720,188.310,1.0000,-1,-1,-1
618,376,1375.290,654.150,85.610,170.340,1.0000,-1,-1,-1
618,377,1291.170,635.780,92.080,202.280,1.0000,-1,-1,-1
618,379,891.580,499.650,108.450,398.350,1.0000,-1,-1,-1
618,380,620.960,634.420,98.480,239.980,1.0000,-1,-1,-1
618,382,756.760,657.480,90.150,202.770,1.0000,-1,-1,-1
618,384,447.740,659.760,89.520,185.440,1.0000,-1,-1,-1
619,371,743.510,645.940,144.520,240.620,1.0000,-1,-1,-1
619,372,513.060,634.900,108.070,224.030,1.0000,-1,-1,-1
619,373,1170.010,647.940,98.260,211.200,1.0000,-1,-1,-1
619,374,1053.080,622.000,141.650,257.420,1.0000,-1,-1,-1
619,375,1091.350,645.590,88.390,188.400,1.0000,-1,-1,-1
619,376,1374.840,654.540,85.610,169.860,1.0000,-1,-1,-1
619,377,1291.760,638.030,91.180,200.100,1.0000,-1,-1,-1
619,379,891.640,499.560,131.180,398.540,1.0000,-1,-1,-1
619,380,621.460,635.230,96.940,239.930,1.0000,-1,-1,-1
619,384,450.890,662.710,84.140,182.520,1.0000,-1,-1,-1
620,371,753.030,645.400,153.190,241.130,1.0000,-1,-1,-1
620,372,509.090,638.260,118.340,220.790,1.0000,-1,-1,-1
620,373,1169.680,647.560,102.510,211.280,1.0000,-1,-1,-1
620,374,1028.400,623.550,165.330,255.730,1.0000,-1,-1,-1
620,375,1089.320,645.270,100.410,188.980,1.0000,-1,-1,-1
620,376,1361.480,653.160,99.220,171.210,1.0000,-1,-1,-1
620,377,1292.620,639.880,90.450,198.160,1.0000,-1,-1,-1
620,379,893.160,499.890,140.830,398.070,1.0000,-1,-1,-1
620,380,611.830,636.010,116.370,239.440,1.0000,-1,-1,-1
620,382,731.380,666.920,121.050,196.190,1.0000,-1,-1,-1
620,384,453.970,667.120,80.920,178.020,1.0000,-1,-1,-1
621,371,754.120,644.670,164.370,241.730,1.0000,-1,-1,-1
621,372,506.460,638.220,126.230,220.650,1.0000,-1,-1,-1
621,373,1159.940,646.390,124.730,212.490,1.0000,-1,-1,-1
621,374,1017.010,623.920,182.210,255.170,1.0000,-1,-1,-1
621,375,1081.370,645.330,116.300,189.160,1.0000,-1,-1,-1
621,376,1363.460,652.260,106.700,172.090,1.0000,-1,-1,-1
621,377,1289.940,639.090,93.300,199.030,1.0000,-1,-1,-1
621,379,884.810,499.830,152.410,398.150,1.0000,-1,-1,-1
621,380,602.390,636.090,137.010,239.570,1.0000,-1,-1,-1
621,382,723.120,665.850,135.820,192.650,1.0000,-1,-1,-1
621,384,452.900,667.570,82.140,177.410,1.0000,-1,-1,-1
622,371,719.390,640.620,203.300,245.920,1.0000,-1,-1,-1
622,372,510.000,636.250,131.310,222.570,1.0000,-1,-1,-1
622,373,1148.340,645.310,149.530,213.430,1.0000,-1,-1,-1
622,374,1015.350,623.430,175.550,255.680,1.0000,-1,-1,-1
622,375,1071.470,644.110,133.220,190.400,1.0000,-1,-1,-1
622,376,1375.120,649.040,110.600,175.290,1.0000,-1,-1,-1
622,377,1280.750,634.310,120.280,203.930,1.0000,-1,-1,-1
622,379,853.140,498.890,190.030,398.750,1.0000,-1,-1,-1
622,380,586.540,633.110,165.990,242.720,1.0000,-1,-1,-1
622,382,719.550,662.550,142.570,187.680,1.0000,-1,-1,-1
622,384,439.760,663.600,116.250,181.130,1.0000,-1,-1,-1
623,371,720.940,639.180,200.210,247.300,1.0000,-1,-1,-1
623,372,490.540,634.140,160.270,225.210,1.0000,-1,-1,-1
623,373,1159.725,644.690,169.210,213.800,0.8500,-1,-1,-1
623,374,1020.030,623.380,175.880,255.220,1.0000,-1,-1,-1
623,375,1069.630,643.260,140.890,191.940,1.0000,-1,-1,-1
623,376,1352.760,648.280,142.590,176.000,1.0000,-1,-1,-1
623,377,1268.160,631.090,136.430,206.850,1.0000,-1,-1,-1
623,379,841.510,498.420,202.200,399.260,1.0000,-1,-1,-1
623,380,562.710,629.860,216.700,245.930,1.0000,-1,-1,-1
623,382,734.590,659.250,125.470,186.590,1.0000,-1,-1,-1
623,384,432.510,660.450,125.100,184.150,1.0000,-1,-1,-1
624,371,687.570,636.140,244.480,250.630,1.0000,-1,-1,-1
624,372,417.950,629.260,245.310,228.920,1.0000,-1,-1,-1
624,373,1171.110,644.070,188.890,214.170,1.0000,-1,-1,-1
624,374,1012.750,623.490,180.680,255.090,1.0000,-1,-1,-1
624,375,1044.280,642.360,210.740,193.440,1.0000,-1,-1,-1
624,376,1352.560,649.630,178.690,174.680,1.0000,-1,-1,-1
624,377,1231.400,627.760,236.870,210.400,1.0000,-1,-1,-1
624,379,803.720,497.640,281.120,399.970,1.0000,-1,-1,-1
624,380,500.930,628.370,302.970,247.430,1.0000,-1,-1,-1
624,382,694.240,648.250,199.420,197.720,1.0000,-1,-1,-1
624,384,370.740,658.390,184.700,185.980,1.0000,-1,-1,-1
625,371,652.460,634.840,280.550,251.910,1.0000,-1,-1,-1
625,372,411.710,628.810,250.130,229.440,1.0000,-1,-1,-1
625,373,1141.940,644.090,225.030,214.060,1.0000,-1,-1,-1
625,374,1003.650,623.680,238.580,254.990,1.0000,-1,-1,-1
625,375,1056.520,642.120,178.560,193.950,1.0000,-1,-1,-1
625,376,1347.610,650.280,183.920,173.570,1.0000,-1,-1,-1
625,377,1223.200,626.600,249.490,211.610,1.0000,-1,-1,-1
625,379,769.080,497.560,353.260,399.640,1.0000,-1,-1,-1
625,380,497.400,627.850,303.580,248.030,1.0000,-1,-1,-1
625,382,697.780,642.650,200.070,203.580,1.0000,-1,-1,-1
625,384,356.800,657.620,195.150,186.510,1.0000,-1,-1,-1
626,371,640.620,633.790,291.380,252.730,1.0000,-1,-1,-1
626,372,414.200,630.080,245.100,227.690,1.0000,-1,-1,-1
626,373,1143.410,644.060,144.680,214.450,1.0000,-1,-1,-1
626,374,998.760,623.920,232.460,254.790,1.0000,-1,-1,-1
626,375,1064.900,639.540,148.270,196.340,1.0000,-1,-1,-1
626,376,1335.330,650.750,192.870,172.880,1.0000,-1,-1,-1
626,377,1225.070,625.460,249.520,212.540,1.0000,-1,-1,-1
626,379,774.610,497.330,351.470,399.830,1.0000,-1,-1,-1
626,380,494.650,626.970,298.100,249.300,1.0000,-1,-1,-1
626,382,718.990,644.680,156.890,206.600,1.0000,-1,-1,-1
626,384,353.670,657.840,204.620,186.010,1.0000,-1,-1,-1
627,371,641.730,632.830,294.150,253.820,1.0000,-1,-1,-1
627,372,415.310,632.200,245.910,226.250,1.0000,-1,-1,-1
627,373,1142.810,644.310,146.180,214.150,1.0000,-1,-1,-1
627,374,1005.730,624.710,223.920,253.940,1.0000,-1,-1,-1
627,375,1065.250,641.080,156.120,194.710,1.0000,-1,-1,-1
627,376,1337.330,651.150,190.780,172.520,1.0000,-1,-1,-1
627,377,1247.750,625.470,226.290,212.690,1.0000,-1,-1,-1
627,379,781.720,497.490,344.030,399.570,1.0000,-1,-1,-1
627,380,493.200,626.920,298.070,249.220,1.0000,-1,-1,-1
627,382,726.910,643.530,146.420,210.240,1.0000,-1,-1,-1
627,384,353.360,658.010,207.540,184.810,1.0000,-1,-1,-1
628,371,643.430,631.420,291.590,255.280,1.0000,-1,-1,-1
628,372,415.930,633.990,247.450,224.140,1.0000,-1,-1,-1
628,373,1145.500,644.460,157.770,213.770,1.0000,-1,-1,-1
628,374,1008.760,625.780,188.250,253.210,1.0000,-1,-1,-1
628,375,1064.150,641.820,194.130,193.150,1.0000,-1,-1,-1
628,376,1338.280,650.790,189.750,173.140,1.0000,-1,-1,-1
628,377,1254.620,625.520,219.390,212.520,1.0000,-1,-1,-1
628,379,792.960,496.650,294.340,400.580,1.0000,-1,-1,-1
628,380,492.000,628.610,295.590,247.480,1.0000,-1,-1,-1
628,382,697.610,632.220,177.010,219.480,1.0000,-1,-1,-1
628,384,353.450,658.930,200.680,183.680,1.0000,-1,-1,-1
629,371,643.790,635.590,291.130,251.390,1.0000,-1,-1,-1
629,372,416.580,634.910,249.370,223.170,1.0000,-1,-1,-1
629,373,1145.590,644.650,207.810,213.460,1.0000,-1,-1,-1
629,374,1004.130,625.520,194.420,254.050,1.0000,-1,-1,-1
629,375,1059.920,641.650,204.760,193.550,1.0000,-1,-1,-1
629,376,1338.090,650.480,189.420,173.460,1.0000,-1,-1,-1
629,377,1253.250,625.820,221.890,212.070,1.0000,-1,-1,-1
629,379,801.900,477.420,268.430,420.090,1.0000,-1,-1,-1
629,380,492.630,628.780,311.110,247.240,1.0000,-1,-1,-1
629,382,706.390,638.750,170.130,214.460,1.0000,-1,-1,-1
629,384,353.390,659.110,196.150,184.060,1.0000,-1,-1,-1
630,371,650.890,637.480,287.130,249.350,1.0000,-1,-1,-1
630,372,415.530,636.300,253.080,222.140,1.0000,-1,-1,-1
630,373,1145.460,644.630,217.460,213.650,1.0000,-1,-1,-1
630,374,981.140,625.430,225.140,254.250,1.0000,-1,-1,-1
630,375,1059.040,641.280,197.420,194.320,1.0000,-1,-1,-1
630,376,1347.730,650.460,180.900,173.370,1.0000,-1,-1,-1
630,377,1266.280,626.640,210.360,211.360,1.0000,-1,-1,-1
630,379,825.700,450.450,185.460,446.970,1.0000,-1,-1,-1
630,380,493.860,629.340,320.070,246.770,1.0000,-1,-1,-1
630,382,716.170,647.920,161.460,207.580,1.0000,-1,-1,-1
630,384,353.420,659.350,193.200,183.930,1.0000,-1,-1,-1
631,371,650.650,638.770,299.050,248.040,1.0000,-1,-1,-1
631,372,416.190,636.870,250.010,221.700,1.0000,-1,-1,-1
631,373,1148.890,644.670,171.730,213.540,1.0000,-1,-1,-1
631,374,980.870,625.380,238.420,254.330,1.0000,-1,-1,-1
631,375,1050.630,641.410,197.230,194.510,1.0000,-1,-1,-1
631,376,1345.160,650.570,183.350,173.280,1.0000,-1,-1,-1
631,377,1237.930,627.580,237.220,210.540,1.0000,-1,-1,-1
631,379,835.540,442.160,165.940,455.090,1.0000,-1,-1,-1
631,380,494.380,629.690,314.170,246.600,1.0000,-1,-1,-1
631,382,712.420,650.380,158.880,204.100,1.0000,-1,-1,-1
631,384,353.540,659.480,191.200,184.150,1.0000,-1,-1,-1
632,371,641.510,639.700,293.970,246.730,1.0000,-1,-1,-1
632,372,421.230,638.750,218.420,219.990,1.0000,-1,-1,-1
632,373,1152.120,644.390,204.980,213.790,1.0000,-1,-1,-1
632,374,987.750,625.380,208.570,254.290,1.0000,-1,-1,-1
632,375,1055.820,641.740,220.880,193.880,1.0000,-1,-1,-1
632,376,1341.580,649.950,190.610,173.880,1.0000,-1,-1,-1
632,377,1269.470,628.350,202.240,210.040,1.0000,-1,-1,-1
632,379,854.580,432.340,144.260,464.660,1.0000,-1,-1,-1
632,380,504.250,631.230,290.510,245.090,1.0000,-1,-1,-1
632,382,710.560,651.100,153.310,203.970,1.0000,-1,-1,-1
632,384,361.700,659.200,182.640,184.660,1.0000,-1,-1,-1
632,385,902.810,621.730,107.850,231.800,1.0000,-1,-1,-1
633,371,643.380,639.100,275.100,247.470,1.0000,-1,-1,-1
633,372,425.650,639.330,203.690,219.490,1.0000,-1,-1,-1
633,373,1170.990,644.720,182.870,213.610,1.0000,-1,-1,-1
633,374,985.930,625.480,204.940,254.130,1.0000,-1,-1,-1
633,375,1047.770,643.270,224.900,192.490,1.0000,-1,-1,-1
633,376,1337.800,650.300,192.350,173.790,1.0000,-1,-1,-1
633,377,1274.370,628.020,190.290,210.100,1.0000,-1,-1,-1
633,379,859.160,431.440,141.940,465.650,1.0000,-1,-1,-1
633,380,509.650,631.450,271.840,244.970,1.0000,-1,-1,-1
633,382,698.820,650.950,161.040,197.250,1.0000,-1,-1,-1
633,384,371.590,660.210,166.990,183.030,1.0000,-1,-1,-1
634,371,680.350,637.310,257.890,249.480,1.0000,-1,-1,-1
634,372,429.660,639.680,203.220,219.080,1.0000,-1,-1,-1
634,373,1160.840,644.910,192.920,213.270,1.0000,-1,-1,-1
634,374,984.720,625.680,255.710,253.820,1.0000,-1,-1,-1
634,375,1042.180,645.770,201.710,190.360,1.0000,-1,-1,-1
634,376,1344.180,649.680,172.140,174.750,1.0000,-1,-1,-1
634,377,1235.150,627.380,208.600,210.700,1.0000,-1,-1,-1
634,379,869.420,436.620,132.470,460.800,1.0000,-1,-1,-1
634,380,513.240,631.900,270.460,244.170,1.0000,-1,-1,-1
634,382,673.960,651.320,220.800,194.630,1.0000,-1,-1,-1
634,384,373.560,661.310,165.400,182.910,1.0000,-1,-1,-1
635,371,680.440,637.500,254.460,249.560,1.0000,-1,-1,-1
635,372,442.210,638.480,193.450,220.730,1.0000,-1,-1,-1
635,373,1166.890,644.650,190.150,213.560,1.0000,-1,-1,-1
635,374,983.110,625.540,263.180,253.840,1.0000,-1,-1,-1
635,375,1035.780,646.790,208.000,189.220,1.0000,-1,-1,-1
635,376,1341.450,649.830,169.700,174.320,1.0000,-1,-1,-1
635,377,1232.260,628.020,209.540,210.190,1.0000,-1,-1,-1
635,379,858.590,450.400,141.650,447.090,1.0000,-1,-1,-1
635,380,520.930,631.220,265.330,244.850,1.0000,-1,-1,-1
635,382,679.340,652.190,226.680,192.750,1.0000,-1,-1,-1
635,384,373.330,661.400,169.870,182.960,1.0000,-1,-1,-1
636,371,680.010,636.950,251.240,250.180,1.0000,-1,-1,-1
636,372,431.140,637.090,217.080,222.030,1.0000,-1,-1,-1
636,373,1157.880,644.590,185.140,213.770,1.0000,-1,-1,-1
636,374,987.490,625.500,233.660,254.100,1.0000,-1,-1,-1
636,375,1054.940,646.900,192.290,188.530,1.0000,-1,-1,-1
636,376,1339.760,650.140,170.210,174.090,1.0000,-1,-1,-1
636,377,1220.640,630.160,219.840,207.880,1.0000,-1,-1,-1
636,379,857.530,477.710,146.920,420.080,1.0000,-1,-1,-1
636,380,527.420,630.750,260.700,245.400,1.0000,-1,-1,-1
636,382,692.420,646.780,220.740,199.410,1.0000,-1,-1,-1
636,384,373.820,661.550,156.390,183.190,1.0000,-1,-1,-1
637,371,676.160,637.820,251.230,248.990,1.0000,-1,-1,-1
637,372,428.370,636.960,238.410,222.170,1.0000,-1,-1,-1
637,373,1125.590,644.950,227.590,213.510,1.0000,-1,-1,-1
637,374,982.470,625.770,254.100,253.890,1.0000,-1,-1,-1
637,375,1035.550,646.470,214.280,188.930,1.0000,-1,-1,-1
637,376,1336.670,650.470,172.680,173.790,1.0000,-1,-1,-1
637,377,1217.500,630.470,220.280,207.490,1.0000,-1,-1,-1
637,379,855.520,495.530,154.750,402.110,1.0000,-1,-1,-1
637,380,530.460,630.660,262.320,245.530,1.0000,-1,-1,-1
637,382,695.150,639.340,217.630,206.810,1.0000,-1,-1,-1
637,384,375.160,661.060,157.970,183.720,1.0000,-1,-1,-1
638,371,677.300,636.030,247.210,250.520,1.0000,-1,-1,-1
638,372,425.140,636.620,241.010,222.100,1.0000,-1,-1,-1
638,373,1124.610,644.630,227.070,213.860,1.0000,-1,-1,-1
638,374,973.200,625.840,265.990,253.680,1.0000,-1,-1,-1
638,375,1056.290,645.370,184.360,189.500,1.0000,-1,-1,-1
638,376,1333.630,650.890,179.200,173.570,1.0000,-1,-1,-1
638,377,1212.310,631.080,220.290,206.960,1.0000,-1,-1,-1
638,379,858.810,503.860,150.260,393.760,1.0000,-1,-1,-1
638,380,540.780,630.780,250.820,245.480,1.0000,-1,-1,-1
638,382,684.110,635.780,227.430,210.740,1.0000,-1,-1,-1
638,384,377.240,661.280,163.740,183.500,1.0000,-1,-1,-1
639,371,678.870,634.790,237.320,251.720,1.0000,-1,-1,-1
639,372,424.400,636.630,229.080,222.260,1.0000,-1,-1,-1
639,373,1125.480,644.640,228.960,213.850,1.0000,-1,-1,-1
639,374,971.970,625.880,265.020,253.600,1.0000,-1,-1,-1
639,375,1062.080,645.500,177.120,189.250,1.0000,-1,-1,-1
639,376,1335.310,650.890,176.630,173.570,1.0000,-1,-1,-1
639,377,1211.470,631.350,218.290,206.660,1.0000,-1,-1,-1
639,379,856.360,505.880,154.860,391.680,1.0000,-1,-1,-1
639,380,541.200,631.140,247.830,244.940,1.0000,-1,-1,-1
639,382,680.880,635.470,223.570,212.100,1.0000,-1,-1,-1
639,384,378.530,660.790,164.660,183.420,1.0000,-1,-1,-1
640,371,686.470,635.490,246.870,251.040,1.0000,-1,-1,-1
640,372,425.410,636.640,232.600,222.190,1.0000,-1,-1,-1
640,373,1125.130,644.880,230.250,213.750,1.0000,-1,-1,-1
640,374,968.450,625.740,257.320,253.880,1.0000,-1,-1,-1
640,375,1064.110,644.830,172.060,189.640,1.0000,-1,-1,-1
640,376,1337.000,651.370,180.050,173.000,1.0000,-1,-1,-1
640,377,1212.550,631.250,214.850,206.700,1.0000,-1,-1,-1
640,379,855.690,507.980,151.730,389.420,1.0000,-1,-1,-1
640,380,539.220,631.850,261.710,244.400,1.0000,-1,-1,-1
640,382,686.670,639.780,179.040,209.400,1.0000,-1,-1,-1
640,384,376.470,659.910,177.510,182.880,1.0000,-1,-1,-1
641,371,695.620,636.310,229.750,250.340,1.0000,-1,-1,-1
641,372,425.600,636.940,225.330,221.970,1.0000,-1,-1,-1
641,373,1125.380,644.910,229.350,213.660,1.0000,-1,-1,-1
641,374,968.380,625.720,222.030,254.040,1.0000,-1,-1,-1
641,375,1070.050,644.630,164.340,189.900,1.0000,-1,-1,-1
641,376,1341.180,651.520,177.000,172.880,1.0000,-1,-1,-1
641,377,1216.630,631.280,210.730,206.680,1.0000,-1,-1,-1
641,379,859.460,508.700,146.580,388.880,1.0000,-1,-1,-1
641,380,534.080,632.510,263.330,243.600,1.0000,-1,-1,-1
641,382,694.390,645.290,161.060,204.020,1.0000,-1,-1,-1
641,384,370.590,659.550,185.720,183.130,1.0000,-1,-1,-1
642,371,726.640,638.950,188.960,247.460,1.0000,-1,-1,-1
642,372,427.480,637.810,222.500,221.550,1.0000,-1,-1,-1
642,373,1117.850,644.990,236.970,213.440,1.0000,-1,-1,-1
642,374,969.800,625.750,237.140,254.000,1.0000,-1,-1,-1
642,375,1074.860,644.430,162.000,190.250,1.0000,-1,-1,-1
642,376,1364.260,651.840,156.820,172.570,1.0000,-1,-1,-1
642,377,1226.820,630.550,204.850,207.580,1.0000,-1,-1,-1
642,379,880.570,507.410,123.490,390.610,1.0000,-1,-1,-1
642,380,526.900,633.380,222.520,243.200,1.0000,-1,-1,-1
642,382,690.690,651.820,184.000,196.050,1.0000,-1,-1,-1
642,384,370.080,659.330,192.200,183.600,1.0000,-1,-1,-1
643,371,746.330,640.380,158.260,245.210,1.0000,-1,-1,-1
643,372,426.780,637.880,221.620,221.210,1.0000,-1,-1,-1
643,373,1117.090,644.870,238.730,213.590,1.0000,-1,-1,-1
643,374,972.010,625.610,232.290,254.220,1.0000,-1,-1,-1
643,375,1058.460,643.760,179.480,191.030,1.0000,-1,-1,-1
643,376,1349.460,651.450,168.820,173.000,1.0000,-1,-1,-1
643,377,1226.760,630.130,203.930,208.050,1.0000,-1,-1,-1
643,379,875.540,506.360,125.930,391.580,1.0000,-1,-1,-1
643,380,522.970,632.960,235.590,243.680,1.0000,-1,-1,-1
643,382,689.550,651.500,204.380,193.180,1.0000,-1,-1,-1
643,384,374.130,659.310,191.380,184.220,1.0000,-1,-1,-1
644,371,759.900,646.080,141.320,238.100,1.0000,-1,-1,-1
644,372,433.040,637.980,219.810,220.990,1.0000,-1,-1,-1
644,373,1113.760,644.700,226.770,213.880,1.0000,-1,-1,-1
644,374,976.970,625.930,219.170,253.850,1.0000,-1,-1,-1
644,375,1069.010,642.840,176.090,192.300,1.0000,-1,-1,-1
644,376,1352.930,650.950,165.480,173.400,1.0000,-1,-1,-1
644,377,1242.130,630.340,189.050,208.120,1.0000,-1,-1,-1
644,379,887.820,504.800,109.890,393.170,1.0000,-1,-1,-1
644,380,521.300,632.480,267.320,243.610,1.0000,-1,-1,-1
644,382,705.580,650.020,193.490,193.680,1.0000,-1,-1,-1
644,384,375.490,658.740,184.230,185.350,1.0000,-1,-1,-1
645,371,760.400,646.210,133.290,237.700,1.0000,-1,-1,-1
645,372,432.280,638.340,230.980,220.710,1.0000,-1,-1,-1
645,373,1116.620,644.790,213.480,213.700,1.0000,-1,-1,-1
645,374,977.750,626.680,210.490,253.100,1.0000,-1,-1,-1
645,375,1060.540,641.800,180.040,193.490,1.0000,-1,-1,-1
645,376,1350.330,650.940,170.540,173.240,1.0000,-1,-1,-1
645,377,1265.830,630.350,169.180,208.030,1.0000,-1,-1,-1
645,379,886.990,505.670,111.730,392.800,1.0000,-1,-1,-1
645,380,519.930,631.820,276.840,244.270,1.0000,-1,-1,-1
645,382,709.870,649.290,191.770,195.440,1.0000,-1,-1,-1
645,384,377.140,658.980,181.320,185.310,1.0000,-1,-1,-1
646,371,770.680,640.740,153.520,243.100,1.0000,-1,-1,-1
646,372,434.410,638.840,235.060,220.230,1.0000,-1,-1,-1
646,373,1155.200,644.050,153.110,214.250,1.0000,-1,-1,-1
646,374,985.980,627.520,226.790,252.230,1.0000,-1,-1,-1
646,375,1071.230,640.340,170.550,195.390,1.0000,-1,-1,-1
646,376,1345.210,650.100,175.110,173.830,1.0000,-1,-1,-1
646,377,1246.160,630.410,205.490,207.370,1.0000,-1,-1,-1
646,379,881.800,509.540,124.950,389.330,1.0000,-1,-1,-1
646,380,518.730,632.210,282.390,244.020,1.0000,-1,-1,-1
646,382,720.510,652.750,183.930,191.050,1.0000,-1,-1,-1
646,384,386.970,659.030,170.970,184.960,1.0000,-1,-1,-1
647,371,766.530,635.790,143.600,248.110,1.0000,-1,-1,-1
647,372,436.520,638.910,216.320,220.240,1.0000,-1,-1,-1
647,373,1161.760,643.780,171.930,214.700,1.0000,-1,-1,-1
647,374,989.820,627.430,186.240,252.230,1.0000,-1,-1,-1
647,375,1067.820,639.920,172.200,195.950,1.0000,-1,-1,-1
647,376,1341.710,650.000,175.050,173.870,1.0000,-1,-1,-1
647,377,1250.140,630.340,204.230,207.550,1.0000,-1,-1,-1
647,379,877.570,511.100,141.320,387.930,1.0000,-1,-1,-1
647,380,520.280,632.170,283.260,244.190,1.0000,-1,-1,-1
647,382,732.020,653.400,147.410,192.170,1.0000,-1,-1,-1
647,384,391.730,659.040,166.470,184.730,1.0000,-1,-1,-1
648,371,740.310,621.050,135.550,263.010,1.0000,-1,-1,-1
648,372,444.130,640.310,225.740,218.970,1.0000,-1,-1,-1
648,373,1169.290,643.310,177.180,215.150,1.0000,-1,-1,-1
648,374,999.290,626.750,201.560,252.640,1.0000,-1,-1,-1
648,375,1072.260,639.780,161.730,196.030,1.0000,-1,-1,-1
648,376,1352.730,649.770,141.590,174.130,1.0000,-1,-1,-1
648,377,1269.170,630.460,201.120,207.470,1.0000,-1,-1,-1
648,379,871.380,512.780,138.540,386.380,1.0000,-1,-1,-1
648,380,531.250,631.660,277.700,244.750,1.0000,-1,-1,-1
648,382,738.230,654.400,128.290,188.090,1.0000,-1,-1,-1
648,384,407.210,659.650,146.240,184.380,1.0000,-1,-1,-1
649,371,765.150,611.520,116.220,272.620,1.0000,-1,-1,-1
649,372,452.960,641.650,176.710,217.480,1.0000,-1,-1,-1
649,373,1169.870,643.310,186.320,215.040,1.0000,-1,-1,-1
649,374,1015.220,626.710,180.640,252.440,1.0000,-1,-1,-1
649,375,1081.070,640.270,160.380,195.250,1.0000,-1,-1,-1
649,376,1357.990,650.850,123.770,173.160,1.0000,-1,-1,-1
649,377,1289.890,630.200,189.300,208.020,1.0000,-1,-1,-1
649,379,869.080,511.740,135.730,386.930,1.0000,-1,-1,-1
649,380,529.360,632.040,280.660,244.340,1.0000,-1,-1,-1
649,382,735.180,661.150,136.100,180.650,1.0000,-1,-1,-1
649,384,417.430,660.220,131.200,183.930,1.0000,-1,-1,-1
650,371,780.050,592.900,109.340,291.200,1.0000,-1,-1,-1
650,372,479.570,645.250,153.980,213.780,1.0000,-1,-1,-1
650,373,1160.880,643.520,149.120,214.940,1.0000,-1,-1,-1
650,374,1037.690,627.460,150.280,251.720,1.0000,-1,-1,-1
650,375,1094.420,642.810,108.200,193.360,1.0000,-1,-1,-1
650,376,1362.280,651.280,114.220,172.900,1.0000,-1,-1,-1
650,377,1289.070,631.020,130.420,207.040,1.0000,-1,-1,-1
650,379,868.040,513.950,127.390,383.070,1.0000,-1,-1,-1
650,380,550.170,632.980,246.220,243.390,1.0000,-1,-1,-1
650,382,731.380,690.700,137.800,150.580,1.0000,-1,-1,-1
650,384,440.060,662.460,108.250,181.290,1.0000,-1,-1,-1
651,371,788.780,585.550,109.020,298.380,1.0000,-1,-1,-1
651,372,493.650,647.530,144.770,211.600,1.0000,-1,-1,-1
651,373,1156.180,644.900,145.050,213.710,1.0000,-1,-1,-1
651,374,1032.180,627.970,132.280,251.150,1.0000,-1,-1,-1
651,375,1090.980,645.800,106.880,189.290,1.0000,-1,-1,-1
651,376,1360.040,652.310,112.760,171.880,1.0000,-1,-1,-1
651,377,1283.030,632.280,145.220,205.960,1.0000,-1,-1,-1
651,379,866.040,514.140,125.670,382.740,1.0000,-1,-1,-1
651,380,565.980,634.740,228.350,241.350,1.0000,-1,-1,-1
651,382,730.730,656.550,138.610,185.640,1.0000,-1,-1,-1
651,384,448.780,664.360,97.720,178.890,1.0000,-1,-1,-1
652,371,794.520,571.880,93.210,312.220,1.0000,-1,-1,-1
652,372,495.640,651.710,148.930,207.360,1.0000,-1,-1,-1
652,373,1141.120,650.310,161.580,206.750,1.0000,-1,-1,-1
652,374,1020.510,628.510,147.730,250.880,1.0000,-1,-1,-1
652,375,1092.040,649.640,122.510,184.180,1.0000,-1,-1,-1
652,376,1356.350,656.400,115.660,166.520,1.0000,-1,-1,-1
652,377,1261.490,634.180,136.690,203.070,1.0000,-1,-1,-1
652,379,854.650,512.310,135.010,384.800,1.0000,-1,-1,-1
652,380,596.970,638.970,171.550,236.320,1.0000,-1,-1,-1
652,382,739.110,653.880,116.720,187.730,1.0000,-1,-1,-1
652,384,448.400,666.200,101.250,175.090,1.0000,-1,-1,-1
653,371,799.940,565.830,118.450,311.700,1.0000,-1,-1,-1
653,372,487.290,652.330,153.570,206.190,1.0000,-1,-1,-1
653,373,1148.780,652.770,148.390,202.410,1.0000,-1,-1,-1
653,374,1018.120,627.380,146.630,251.820,1.0000,-1,-1,-1
653,375,1090.740,649.170,116.650,184.000,1.0000,-1,-1,-1
653,376,1364.970,657.040,108.470,165.730,1.0000,-1,-1,-1
653,377,1266.040,634.550,131.500,202.350,1.0000,-1,-1,-1
653,379,801.450,509.000,182.730,388.490,1.0000,-1,-1,-1
653,380,589.320,640.490,153.910,231.800,1.0000,-1,-1,-1
653,382,735.040,652.320,113.240,189.230,1.0000,-1,-1,-1
653,384,446.890,665.710,102.190,175.610,1.0000,-1,-1,-1
653,386,886.370,637.050,112.650,212.180,1.0000,-1,-1,-1
654,372,482.170,649.440,142.180,208.510,1.0000,-1,-1,-1
654,373,1153.810,652.790,131.110,202.620,1.0000,-1,-1,-1
654,374,1017.280,621.220,147.200,257.680,1.0000,-1,-1,-1
654,375,1088.220,645.380,110.760,188.470,1.0000,-1,-1,-1
654,376,1370.720,656.450,102.590,166.440,1.0000,-1,-1,-1
654,377,1268.690,635.930,125.800,201.430,1.0000,-1,-1,-1
654,379,785.770,456.140,199.450,441.440,1.0000,-1,-1,-1
654,380,586.850,640.470,158.340,231.450,1.0000,-1,-1,-1
654,382,732.860,645.800,95.880,197.470,1.0000,-1,-1,-1
654,384,443.630,660.680,93.390,180.440,1.0000,-1,-1,-1
654,386,892.850,627.960,103.550,218.510,1.0000,-1,-1,-1
655,372,482.340,645.320,141.060,212.660,1.0000,-1,-1,-1
655,373,1157.670,651.180,126.140,204.270,1.0000,-1,-1,-1
655,374,1018.090,617.880,148.490,260.990,1.0000,-1,-1,-1
655,375,1090.700,642.450,103.250,191.370,1.0000,-1,-1,-1
655,376,1370.500,653.460,100.190,169.330,1.0000,-1,-1,-1
655,377,1272.800,634.110,117.000,202.960,1.0000,-1,-1,-1
655,379,775.210,447.510,206.760,451.800,1.0000,-1,-1,-1
655,380,592.050,637.690,146.800,234.480,1.0000,-1,-1,-1
655,382,731.280,641.310,103.960,201.590,1.0000,-1,-1,-1
655,384,442.890,656.860,90.300,184.720,1.0000,-1,-1,-1
655,386,892.780,619.610,101.310,224.280,1.0000,-1,-1,-1
656,372,483.570,632.040,136.010,224.690,1.0000,-1,-1,-1
656,373,1157.260,643.900,124.200,211.990,1.0000,-1,-1,-1
656,374,1019.520,607.940,147.980,271.150,1.0000,-1,-1,-1
656,375,1100.880,635.970,94.730,197.250,1.0000,-1,-1,-1
656,376,1369.360,644.700,95.840,178.360,1.0000,-1,-1,-1
656,377,1273.830,624.880,110.440,212.290,1.0000,-1,-1,-1
656,379,731.310,475.330,274.130,422.910,1.0000,-1,-1,-1
656,380,598.210,627.520,131.070,244.070,1.0000,-1,-1,-1
656,382,731.710,628.120,106.740,212.090,1.0000,-1,-1,-1
656,384,441.450,647.300,85.900,194.670,1.0000,-1,-1,-1
656,386,902.320,600.680,84.740,246.130,1.0000,-1,-1,-1
657,372,484.130,624.130,134.360,232.730,1.0000,-1,-1,-1
657,373,1157.580,637.610,122.660,218.720,1.0000,-1,-1,-1
657,374,1021.380,602.080,146.680,277.080,1.0000,-1,-1,-1
657,375,1100.800,631.490,88.620,201.980,1.0000,-1,-1,-1
657,376,1369.840,638.900,93.210,184.140,1.0000,-1,-1,-1
657,377,1273.920,616.950,105.500,220.260,1.0000,-1,-1,-1
657,379,714.960,495.770,301.820,402.460,1.0000,-1,-1,-1
657,380,598.000,621.690,130.450,249.670,1.0000,-1,-1,-1
657,382,735.420,620.350,106.680,220.000,1.0000,-1,-1,-1
657,384,441.850,641.310,84.970,200.650,1.0000,-1,-1,-1
657,386,903.760,590.750,82.420,256.390,1.0000,-1,-1,-1
658,371,844.040,538.470,143.160,325.150,1.0000,-1,-1,-1
658,372,491.390,605.670,125.310,250.400,1.0000,-1,-1,-1
658,373,1157.720,621.580,115.440,235.120,1.0000,-1,-1,-1
658,374,1025.420,587.940,137.740,291.460,1.0000,-1,-1,-1
658,375,1102.370,623.600,82.210,208.900,1.0000,-1,-1,-1
658,376,1365.730,625.440,91.540,197.740,1.0000,-1,-1,-1
658,377,1278.100,599.050,91.570,238.120,1.0000,-1,-1,-1
658,379,690.040,496.390,331.540,401.580,1.0000,-1,-1,-1
658,380,599.390,605.850,128.740,265.630,1.0000,-1,-1,-1
658,382,743.660,601.500,97.330,240.690,1.0000,-1,-1,-1
658,384,443.980,628.750,84.770,213.150,1.0000,-1,-1,-1
658,386,911.640,573.700,77.790,273.130,1.0000,-1,-1,-1
659,371,847.780,536.660,153.880,326.620,1.0000,-1,-1,-1
659,372,494.680,595.400,120.480,260.110,1.0000,-1,-1,-1
659,373,1159.090,611.620,108.880,245.130,1.0000,-1,-1,-1
659,374,1028.960,579.190,132.230,300.230,1.0000,-1,-1,-1
659,375,1104.100,619.250,81.660,213.290,1.0000,-1,-1,-1
659,376,1363.480,617.580,90.150,205.660,1.0000,-1,-1,-1
659,377,1281.960,590.100,86.550,247.000,1.0000,-1,-1,-1
659,379,695.610,497.340,318.770,400.450,1.0000,-1,-1,-1
659,380,604.450,595.680,122.700,275.860,1.0000,-1,-1,-1
659,382,745.580,592.910,92.840,249.580,1.0000,-1,-1,-1
659,384,445.310,621.410,85.510,220.160,1.0000,-1,-1,-1
659,386,914.260,566.440,100.630,279.140,1.0000,-1,-1,-1
660,371,852.680,535.130,134.520,326.930,1.0000,-1,-1,-1
660,372,507.170,576.310,111.470,279.130,1.0000,-1,-1,-1
660,373,1164.510,592.040,93.760,264.660,1.0000,-1,-1,-1
660,374,1034.990,561.330,118.450,317.900,1.0000,-1,-1,-1
660,375,1100.920,609.060,77.340,223.200,1.0000,-1,-1,-1
660,376,1364.220,603.480,80.790,219.100,1.0000,-1,-1,-1
660,377,1285.680,571.330,84.690,265.790,1.0000,-1,-1,-1
660,379,701.330,474.710,285.640,422.900,1.0000,-1,-1,-1
660,380,616.650,574.910,105.030,296.870,1.0000,-1,-1,-1
660,382,748.500,576.040,92.410,266.210,1.0000,-1,-1,-1
660,384,445.880,607.590,84.140,234.020,1.0000,-1,-1,-1
660,386,911.390,559.980,95.260,283.640,1.0000,-1,-1,-1
661,371,867.940,534.590,109.500,326.370,1.0000,-1,-1,-1
661,372,508.880,567.050,110.090,288.370,1.0000,-1,-1,-1
661,373,1166.460,582.890,87.520,273.840,1.0000,-1,-1,-1
661,374,1037.550,552.020,112.050,327.370,1.0000,-1,-1,-1
661,375,1105.420,602.820,75.580,228.870,1.0000,-1,-1,-1
661,376,1364.720,596.070,77.350,226.340,1.0000,-1,-1,-1
661,377,1285.510,562.690,83.530,274.290,1.0000,-1,-1,-1
661,379,705.030,458.350,269.920,439.090,1.0000,-1,-1,-1
661,380,621.000,563.400,98.250,308.710,1.0000,-1,-1,-1
661,382,750.650,569.640,94.330,273.050,1.0000,-1,-1,-1
661,384,446.750,600.970,86.200,240.650,1.0000,-1,-1,-1
661,386,906.140,558.370,116.190,283.960,1.0000,-1,-1,-1
662,371,870.170,533.640,123.080,326.570,1.0000,-1,-1,-1
662,372,517.760,549.390,102.590,306.010,1.0000,-1,-1,-1
662,373,1167.200,563.320,80.950,293.290,1.0000,-1,-1,-1
662,374,1040.120,533.790,98.630,345.610,1.0000,-1,-1,-1
662,375,1100.430,589.630,76.100,242.570,1.0000,-1,-1,-1
662,376,1364.720,583.360,75.200,236.670,1.0000,-1,-1,-1
662,377,1283.910,543.790,82.910,293.330,1.0000,-1,-1,-1
662,379,725.970,436.600,201.850,461.130,1.0000,-1,-1,-1
662,380,627.750,540.810,91.380,331.770,1.0000,-1,-1,-1
662,382,750.150,557.420,96.050,283.460,1.0000,-1,-1,-1
662,384,447.360,588.300,81.700,253.280,1.0000,-1,-1,-1
662,386,901.640,557.920,137.420,285.110,1.0000,-1,-1,-1
663,371,866.560,533.280,128.200,327.000,1.0000,-1,-1,-1
663,372,518.940,541.990,103.350,313.170,1.0000,-1,-1,-1
663,373,1167.260,554.000,79.610,302.720,1.0000,-1,-1,-1
663,374,1039.990,524.890,98.080,354.770,1.0000,-1,-1,-1
663,375,1106.080,583.950,71.010,247.770,1.0000,-1,-1,-1
663,376,1364.160,578.060,75.270,241.020,1.0000,-1,-1,-1
663,377,1283.300,535.520,82.000,301.830,1.0000,-1,-1,-1
663,379,736.990,432.330,151.280,465.720,1.0000,-1,-1,-1
663,380,629.450,529.630,90.360,342.840,1.0000,-1,-1,-1
663,382,747.380,553.250,96.650,287.510,1.0000,-1,-1,-1
663,384,447.520,583.060,82.650,258.460,1.0000,-1,-1,-1
663,386,899.680,559.040,135.840,281.530,1.0000,-1,-1,-1
664,371,861.270,532.010,136.310,328.880,1.0000,-1,-1,-1
664,372,522.360,532.120,103.450,322.660,1.0000,-1,-1,-1
664,373,1165.610,539.440,80.380,317.260,1.0000,-1,-1,-1
664,374,1040.130,509.510,100.320,370.020,1.0000,-1,-1,-1
664,375,1104.390,574.430,70.450,257.860,1.0000,-1,-1,-1
664,376,1363.410,568.060,73.610,249.880,1.0000,-1,-1,-1
664,377,1281.100,526.000,84.400,309.380,1.0000,-1,-1,-1
664,379,764.760,424.560,112.920,472.190,1.0000,-1,-1,-1
664,380,633.280,512.180,93.100,357.100,1.0000,-1,-1,-1
664,382,746.990,549.510,92.700,292.030,1.0000,-1,-1,-1
664,384,448.720,574.390,82.740,267.060,1.0000,-1,-1,-1
664,386,894.580,560.000,130.680,280.620,1.0000,-1,-1,-1
665,371,862.480,531.450,136.340,329.580,1.0000,-1,-1,-1
665,372,521.430,531.140,105.440,325.080,1.0000,-1,-1,-1
665,373,1165.260,534.880,80.170,322.350,1.0000,-1,-1,-1
665,374,1041.540,502.990,93.520,376.620,1.0000,-1,-1,-1
665,375,1102.680,569.240,73.480,262.650,1.0000,-1,-1,-1
665,376,1362.960,563.660,72.520,253.870,1.0000,-1,-1,-1
665,377,1279.790,524.380,88.250,309.850,1.0000,-1,-1,-1
665,379,759.590,432.950,117.820,463.830,1.0000,-1,-1,-1
665,380,625.150,507.530,108.930,357.780,1.0000,-1,-1,-1
665,382,746.110,551.590,92.030,289.680,1.0000,-1,-1,-1
665,384,448.770,571.380,81.700,269.860,1.0000,-1,-1,-1
665,386,897.400,559.580,125.340,283.620,1.0000,-1,-1,-1
666,371,874.630,531.330,143.150,329.730,1.0000,-1,-1,-1
666,372,517.990,537.020,116.280,318.450,1.0000,-1,-1,-1
666,373,1162.750,531.510,79.110,326.030,1.0000,-1,-1,-1
666,374,1043.150,497.930,95.910,382.070,1.0000,-1,-1,-1
666,375,1107.410,565.090,71.520,267.230,1.0000,-1,-1,-1
666,376,1360.020,560.760,73.580,257.150,1.0000,-1,-1,-1
666,377,1279.800,527.080,92.630,305.580,1.0000,-1,-1,-1
666,379,748.780,468.030,129.700,429.320,1.0000,-1,-1,-1
666,380,612.360,504.720,146.160,365.280,1.0000,-1,-1,-1
666,384,450.900,568.010,83.780,273.300,1.0000,-1,-1,-1
667,371,878.300,532.170,131.480,329.100,1.0000,-1,-1,-1
667,372,515.220,540.800,122.900,314.930,1.0000,-1,-1,-1
667,373,1162.010,532.790,78.930,324.600,1.0000,-1,-1,-1
667,374,1043.630,497.620,99.140,382.240,1.0000,-1,-1,-1
667,375,1106.050,562.620,79.570,268.120,1.0000,-1,-1,-1
667,376,1360.440,561.770,74.140,256.290,1.0000,-1,-1,-1
667,377,1279.680,531.260,93.710,301.190,1.0000,-1,-1,-1
667,379,743.110,492.220,138.890,404.770,1.0000,-1,-1,-1
667,380,607.190,507.080,158.470,361.980,1.0000,-1,-1,-1
667,384,451.330,567.940,90.270,273.480,1.0000,-1,-1,-1
668,371,894.030,533.610,90.250,327.510,1.0000,-1,-1,-1
668,372,520.390,542.320,117.630,314.890,1.0000,-1,-1,-1
668,373,1160.670,536.940,84.520,318.880,1.0000,-1,-1,-1
668,374,1035.940,497.510,115.880,382.380,1.0000,-1,-1,-1
668,375,1095.390,558.980,83.980,270.850,1.0000,-1,-1,-1
668,376,1359.910,564.470,76.750,253.570,1.0000,-1,-1,-1
668,377,1280.480,535.960,97.320,296.540,1.0000,-1,-1,-1
668,379,737.730,533.080,154.370,363.480,1.0000,-1,-1,-1
668,380,608.050,512.580,160.410,356.690,1.0000,-1,-1,-1
668,382,736.860,532.060,122.440,309.920,1.0000,-1,-1,-1
668,384,450.190,569.590,92.320,271.650,1.0000,-1,-1,-1
669,371,894.430,533.580,94.270,327.830,1.0000,-1,-1,-1
669,372,526.210,541.880,108.860,315.260,1.0000,-1,-1,-1
669,373,1158.550,537.430,89.760,318.060,1.0000,-1,-1,-1
669,374,1029.770,497.920,128.370,382.010,1.0000,-1,-1,-1
669,375,1097.290,561.250,75.920,267.510,1.0000,-1,-1,-1
669,376,1359.940,565.380,75.580,252.570,1.0000,-1,-1,-1
669,377,1279.580,535.810,102.620,296.570,1.0000,-1,-1,-1
669,379,738.990,532.690,153.740,364.020,1.0000,-1,-1,-1
669,380,613.840,513.640,150.490,355.950,1.0000,-1,-1,-1
669,382,733.380,558.010,126.520,282.580,1.0000,-1,-1,-1
669,384,449.570,570.430,91.260,270.820,1.0000,-1,-1,-1
670,371,894.850,533.390,101.400,326.650,1.0000,-1,-1,-1
670,372,533.550,541.310,89.790,308.590,1.0000,-1,-1,-1
670,373,1159.010,538.050,95.670,314.680,1.0000,-1,-1,-1
670,374,1025.980,497.780,146.480,381.420,1.0000,-1,-1,-1
670,375,1090.880,560.310,84.290,264.840,1.0000,-1,-1,-1
670,376,1360.780,566.400,72.260,251.380,1.0000,-1,-1,-1
670,377,1278.060,537.980,93.670,293.280,1.0000,-1,-1,-1
670,379,739.280,527.530,150.990,369.960,1.0000,-1,-1,-1
670,380,631.890,516.050,105.710,345.860,1.0000,-1,-1,-1
670,382,736.400,552.760,118.690,281.570,1.0000,-1,-1,-1
670,384,443.880,572.960,94.260,268.290,1.0000,-1,-1,-1
671,371,895.030,531.980,99.280,321.600,1.0000,-1,-1,-1
671,372,532.600,539.980,91.560,306.310,1.0000,-1,-1,-1
671,373,1156.850,537.550,100.040,309.140,1.0000,-1,-1,-1
671,374,1025.610,497.550,145.730,380.210,1.0000,-1,-1,-1
671,375,1088.060,559.530,86.490,264.730,1.0000,-1,-1,-1
671,376,1360.570,567.150,72.840,250.350,1.0000,-1,-1,-1
671,377,1273.820,539.860,100.810,291.270,1.0000,-1,-1,-1
671,379,740.610,521.560,145.460,375.490,1.0000,-1,-1,-1
671,380,644.510,517.560,84.200,344.060,1.0000,-1,-1,-1
671,384,442.840,573.160,95.610,268.060,1.0000,-1,-1,-1
672,371,890.490,531.420,101.490,321.990,1.0000,-1,-1,-1
672,372,532.990,522.990,94.430,321.940,1.0000,-1,-1,-1
672,373,1148.840,534.470,108.640,310.180,1.0000,-1,-1,-1
672,374,1019.620,495.350,150.390,377.210,1.0000,-1,-1,-1
672,375,1085.190,534.330,88.430,285.010,1.0000,-1,-1,-1
672,376,1359.290,567.740,74.950,249.840,1.0000,-1,-1,-1
672,377,1271.550,541.890,101.840,289.270,1.0000,-1,-1,-1
672,379,748.530,511.330,136.770,380.960,1.0000,-1,-1,-1
672,380,643.130,502.100,89.550,359.470,1.0000,-1,-1,-1
672,382,737.050,547.170,118.910,279.390,1.0000,-1,-1,-1
672,384,441.230,569.580,98.710,268.940,1.0000,-1,-1,-1
673,371,886.950,521.330,106.820,332.020,1.0000,-1,-1,-1
673,372,533.730,519.330,94.230,325.730,1.0000,-1,-1,-1
673,373,1145.940,532.690,109.040,313.160,1.0000,-1,-1,-1
673,374,1013.060,493.160,160.510,378.380,1.0000,-1,-1,-1
673,375,1081.440,529.320,93.640,287.600,1.0000,-1,-1,-1
673,376,1358.900,567.280,75.090,250.360,1.0000,-1,-1,-1
673,377,1271.530,540.770,102.620,290.430,1.0000,-1,-1,-1
673,379,748.520,503.230,138.680,385.280,1.0000,-1,-1,-1
673,380,635.520,501.580,95.070,360.250,1.0000,-1,-1,-1
673,382,731.740,544.400,116.940,282.270,1.0000,-1,-1,-1
673,384,440.770,566.920,112.160,270.480,1.0000,-1,-1,-1
674,371,884.580,511.260,113.640,342.000,1.0000,-1,-1,-1
674,372,512.110,532.660,138.870,312.810,1.0000,-1,-1,-1
674,373,1138.680,510.770,121.800,334.770,1.0000,-1,-1,-1
674,374,1000.540,490.500,182.810,383.360,1.0000,-1,-1,-1
674,375,1085.290,532.310,99.510,283.590,1.0000,-1,-1,-1
674,376,1350.020,559.660,93.030,257.370,1.0000,-1,-1,-1
674,377,1261.170,526.760,115.350,304.650,1.0000,-1,-1,-1
674,379,738.580,464.640,162.280,417.440,1.0000,-1,-1,-1
674,380,605.410,486.980,144.390,375.120,1.0000,-1,-1,-1
674,382,717.360,542.530,146.840,289.580,1.0000,-1,-1,-1
674,384,432.910,565.480,107.520,273.910,1.0000,-1,-1,-1
675,371,884.670,501.940,117.850,351.100,1.0000,-1,-1,-1
675,372,500.030,539.350,170.090,308.290,1.0000,-1,-1,-1
675,373,1126.610,509.720,140.170,339.030,1.0000,-1,-1,-1
675,374,996.450,492.110,195.820,381.140,1.0000,-1,-1,-1
675,375,1090.610,535.510,102.290,281.070,1.0000,-1,-1,-1
675,376,1334.370,555.490,113.810,262.340,1.0000,-1,-1,-1
675,377,1253.740,526.650,130.800,304.320,1.0000,-1,-1,-1
675,379,730.830,465.740,179.650,416.730,1.0000,-1,-1,-1
675,380,598.900,476.720,168.430,385.170,1.0000,-1,-1,-1
675,382,713.860,542.340,163.910,292.260,1.0000,-1,-1,-1
675,384,426.980,570.180,126.380,270.230,1.0000,-1,-1,-1
675,386,882.980,509.060,118.780,325.180,1.0000,-1,-1,-1
676,371,857.880,519.160,170.590,334.220,1.0000,-1,-1,-1
676,372,488.710,543.660,191.600,304.380,1.0000,-1,-1,-1
676,373,1123.400,517.880,155.550,332.790,1.0000,-1,-1,-1
676,374,987.850,501.330,221.110,371.610,1.0000,-1,-1,-1
676,375,1079.370,557.790,135.140,264.690,1.0000,-1,-1,-1
676,376,1328.250,569.860,133.560,248.130,1.0000,-1,-1,-1
676,377,1243.110,547.250,158.070,287.190,1.0000,-1,-1,-1
676,379,707.550,499.500,232.850,389.700,1.0000,-1,-1,-1
676,380,582.190,486.910,195.220,377.940,1.0000,-1,-1,-1
676,382,698.490,526.220,210.880,307.360,1.0000,-1,-1,-1
676,384,420.060,578.370,144.530,262.000,1.0000,-1,-1,-1
676,386,867.420,542.970,161.790,290.100,1.0000,-1,-1,-1
677,371,848.100,535.340,181.930,317.880,1.0000,-1,-1,-1
677,372,484.410,560.230,194.310,287.770,1.0000,-1,-1,-1
677,373,1124.290,531.270,157.910,319.560,1.0000,-1,-1,-1
677,374,1014.430,500.380,196.240,372.590,1.0000,-1,-1,-1
677,375,1069.830,561.370,148.110,262.460,1.0000,-1,-1,-1
677,376,1320.400,574.490,148.830,243.780,1.0000,-1,-1,-1
677,377,1228.640,549.110,184.660,285.800,1.0000,-1,-1,-1
677,379,694.480,504.860,260.000,383.610,1.0000,-1,-1,-1
677,380,571.610,484.470,220.420,382.600,1.0000,-1,-1,-1
677,382,692.260,564.360,207.210,269.290,1.0000,-1,-1,-1
677,384,419.500,579.990,131.080,260.470,1.0000,-1,-1,-1
677,386,855.030,571.600,175.080,259.600,1.0000,-1,-1,-1
678,371,845.480,553.580,191.420,299.450,1.0000,-1,-1,-1
678,372,485.770,538.150,178.260,310.970,1.0000,-1,-1,-1
678,373,1118.250,546.250,176.520,304.740,1.0000,-1,-1,-1
678,374,984.150,496.480,211.900,376.560,1.0000,-1,-1,-1
678,375,1036.380,566.780,191.540,257.190,1.0000,-1,-1,-1
678,376,1314.070,583.950,163.940,234.570,1.0000,-1,-1,-1
678,377,1212.370,556.840,211.820,277.890,1.0000,-1,-1,-1
678,379,675.100,512.640,281.310,374.640,1.0000,-1,-1,-1
678,380,551.710,482.360,219.070,382.880,1.0000,-1,-1,-1
678,382,704.730,584.060,188.340,249.040,1.0000,-1,-1,-1
678,384,411.470,582.300,117.190,258.080,1.0000,-1,-1,-1
679,371,847.800,554.010,194.220,299.230,1.0000,-1,-1,-1
679,372,480.950,545.790,186.260,303.170,1.0000,-1,-1,-1
679,373,1114.230,551.060,194.270,299.970,1.0000,-1,-1,-1
679,374,986.350,499.810,229.710,372.920,1.0000,-1,-1,-1
679,375,1040.950,572.470,179.650,251.150,1.0000,-1,-1,-1
679,376,1313.790,586.790,164.430,231.740,1.0000,-1,-1,-1
679,377,1213.190,560.730,212.380,274.320,1.0000,-1,-1,-1
679,379,683.740,514.080,254.650,373.000,1.0000,-1,-1,-1
679,380,549.080,486.710,222.330,378.430,1.0000,-1,-1,-1
679,382,715.640,586.690,165.690,244.050,1.0000,-1,-1,-1
679,384,404.240,585.510,125.550,254.990,1.0000,-1,-1,-1
680,371,850.820,553.200,194.560,300.240,1.0000,-1,-1,-1
680,372,468.700,567.040,190.960,281.800,1.0000,-1,-1,-1
680,373,1117.780,551.710,195.600,299.130,1.0000,-1,-1,-1
680,374,1024.240,520.900,168.330,352.260,1.0000,-1,-1,-1
680,375,1048.090,576.050,151.940,246.680,1.0000,-1,-1,-1
680,376,1311.240,588.560,161.080,230.210,1.0000,-1,-1,-1
680,377,1226.720,571.880,203.940,263.380,1.0000,-1,-1,-1
680,379,731.560,514.500,147.930,372.910,1.0000,-1,-1,-1
680,380,557.290,511.570,219.650,353.970,1.0000,-1,-1,-1
680,384,387.040,583.140,154.130,257.460,1.0000,-1,-1,-1
681,371,843.020,551.850,201.930,301.340,1.0000,-1,-1,-1
681,372,464.840,561.670,198.330,286.990,1.0000,-1,-1,-1
681,373,1114.880,550.410,200.410,300.730,1.0000,-1,-1,-1
681,374,1046.880,513.430,120.350,359.370,1.0000,-1,-1,-1
681,375,1051.610,575.380,129.670,247.300,1.0000,-1,-1,-1
681,376,1320.590,587.890,147.430,231.030,1.0000,-1,-1,-1
681,377,1228.830,572.430,200.190,262.610,1.0000,-1,-1,-1
681,379,745.670,512.890,127.920,374.260,1.0000,-1,-1,-1
681,380,560.860,525.570,223.760,339.820,1.0000,-1,-1,-1
681,384,381.270,579.560,150.930,260.960,1.0000,-1,-1,-1
682,371,859.460,547.890,168.070,305.570,1.0000,-1,-1,-1
682,372,461.930,548.890,180.120,300.140,1.0000,-1,-1,-1
682,373,1117.340,544.130,179.840,307.160,1.0000,-1,-1,-1
682,374,1046.550,499.740,99.340,373.000,1.0000,-1,-1,-1
682,375,1101.770,570.350,127.830,251.820,1.0000,-1,-1,-1
682,376,1327.560,585.490,128.510,233.680,1.0000,-1,-1,-1
682,377,1237.640,563.570,188.600,271.680,1.0000,-1,-1,-1
682,379,757.370,506.350,113.940,381.490,1.0000,-1,-1,-1
682,380,567.060,527.630,201.150,337.600,1.0000,-1,-1,-1
682,384,391.900,571.850,137.640,268.770,1.0000,-1,-1,-1
683,371,863.770,544.460,155.710,308.870,1.0000,-1,-1,-1
683,372,461.490,542.690,177.700,306.730,1.0000,-1,-1,-1
683,373,1125.800,539.550,155.750,311.730,1.0000,-1,-1,-1
683,374,1046.630,491.810,102.080,380.950,1.0000,-1,-1,-1
683,375,1108.910,568.930,69.890,253.310,1.0000,-1,-1,-1
683,376,1339.270,583.370,113.540,235.690,1.0000,-1,-1,-1
683,377,1256.000,557.280,170.040,277.370,1.0000,-1,-1,-1
683,379,756.650,501.730,119.600,386.370,1.0000,-1,-1,-1
683,380,570.590,524.930,180.370,340.430,1.0000,-1,-1,-1
683,382,724.400,566.640,128.640,266.400,1.0000,-1,-1,-1
683,384,395.670,568.340,133.160,272.350,1.0000,-1,-1,-1
684,371,881.850,537.970,120.940,315.380,1.0000,-1,-1,-1
684,372,472.560,533.650,158.470,317.000,1.0000,-1,-1,-1
684,373,1125.030,530.490,122.890,320.750,1.0000,-1,-1,-1
684,374,1050.220,478.770,102.150,394.470,1.0000,-1,-1,-1
684,375,1107.750,549.290,68.700,272.380,1.0000,-1,-1,-1
684,376,1349.610,580.650,101.490,237.690,1.0000,-1,-1,-1
684,377,1267.520,542.140,157.000,293.030,1.0000,-1,-1,-1
684,379,758.550,492.750,118.400,396.740,1.0000,-1,-1,-1
684,380,588.410,514.000,149.480,351.320,1.0000,-1,-1,-1
684,382,711.090,549.930,142.590,284.160,1.0000,-1,-1,-1
684,384,429.300,563.810,95.070,277.150,1.0000,-1,-1,-1
685,371,896.230,534.400,94.960,318.800,1.0000,-1,-1,-1
685,372,490.620,529.400,138.580,323.140,1.0000,-1,-1,-1
685,373,1138.540,528.450,109.660,322.910,1.0000,-1,-1,-1
685,374,1050.270,474.600,105.150,398.570,1.0000,-1,-1,-1
685,375,1097.770,540.890,73.500,280.010,1.0000,-1,-1,-1
685,376,1352.730,579.810,106.970,238.450,1.0000,-1,-1,-1
685,377,1283.730,534.970,131.810,300.670,1.0000,-1,-1,-1
685,379,756.790,488.590,118.560,401.260,1.0000,-1,-1,-1
685,380,605.950,510.680,125.320,354.790,1.0000,-1,-1,-1
685,384,438.310,561.340,84.380,279.630,1.0000,-1,-1,-1
685,386,897.650,572.850,97.360,254.510,1.0000,-1,-1,-1
686,371,898.390,529.580,93.820,323.490,1.0000,-1,-1,-1
686,372,524.370,528.750,114.850,320.990,1.0000,-1,-1,-1
686,373,1146.910,529.270,101.820,322.760,1.0000,-1,-1,-1
686,374,1047.780,472.150,120.330,404.550,1.0000,-1,-1,-1
686,375,1103.970,553.580,72.730,273.800,1.0000,-1,-1,-1
686,376,1357.660,579.560,96.670,238.780,1.0000,-1,-1,-1
686,377,1287.870,527.260,113.920,307.070,1.0000,-1,-1,-1
686,379,751.610,488.060,135.880,412.960,1.0000,-1,-1,-1
686,380,625.000,504.240,114.320,361.390,1.0000,-1,-1,-1
686,384,438.560,560.200,94.090,280.550,1.0000,-1,-1,-1
686,386,901.430,555.060,91.430,270.350,1.0000,-1,-1,-1
687,371,898.130,529.980,93.330,322.940,1.0000,-1,-1,-1
687,372,522.340,528.920,113.920,330.820,1.0000,-1,-1,-1
687,373,1161.730,531.680,94.250,328.390,1.0000,-1,-1,-1
687,374,1049.350,474.490,122.950,408.110,1.0000,-1,-1,-1
687,375,1085.430,547.020,89.000,282.460,1.0000,-1,-1,-1
687,376,1357.030,578.830,93.580,239.590,1.0000,-1,-1,-1
687,377,1288.860,526.890,113.840,309.640,1.0000,-1,-1,-1
687,379,749.540,490.760,144.420,411.350,1.0000,-1,-1,-1
687,380,622.550,504.460,124.060,364.460,1.0000,-1,-1,-1
687,384,438.260,561.380,85.880,283.680,1.0000,-1,-1,-1
687,386,901.610,548.830,91.660,279.260,1.0000,-1,-1,-1
688,371,895.290,533.950,97.150,328.920,1.0000,-1,-1,-1
688,372,522.330,528.950,105.860,330.060,1.0000,-1,-1,-1
688,373,1160.140,534.120,108.460,325.460,1.0000,-1,-1,-1
688,374,1047.150,480.970,129.590,408.610,1.0000,-1,-1,-1
688,375,1089.720,544.380,91.820,286.350,1.0000,-1,-1,-1
688,376,1359.860,574.820,99.300,251.530,1.0000,-1,-1,-1
688,377,1288.840,528.740,123.150,313.080,1.0000,-1,-1,-1
688,379,742.670,494.820,151.870,406.500,1.0000,-1,-1,-1
688,380,618.590,511.380,138.020,366.460,1.0000,-1,-1,-1
688,384,435.610,562.780,92.660,284.160,1.0000,-1,-1,-1
689,371,896.200,534.920,97.440,329.380,1.0000,-1,-1,-1
689,372,522.930,531.190,102.690,328.050,1.0000,-1,-1,-1
689,373,1159.570,532.880,112.190,327.060,1.0000,-1,-1,-1
689,374,1045.000,480.900,137.060,409.030,1.0000,-1,-1,-1
689,375,1085.350,541.980,99.720,288.430,1.0000,-1,-1,-1
689,376,1360.860,572.730,104.590,253.590,1.0000,-1,-1,-1
689,377,1289.510,528.810,130.400,312.980,1.0000,-1,-1,-1
689,379,741.880,494.980,154.840,406.440,1.0000,-1,-1,-1
689,380,615.990,514.490,139.450,363.410,1.0000,-1,-1,-1
689,384,432.980,561.710,99.320,285.490,1.0000,-1,-1,-1
690,371,894.970,533.530,99.480,332.300,1.0000,-1,-1,-1
690,372,521.310,533.720,99.680,325.210,1.0000,-1,-1,-1
690,373,1162.230,530.540,120.580,330.190,1.0000,-1,-1,-1
690,374,1046.500,479.780,141.770,412.470,1.0000,-1,-1,-1
690,375,1098.800,541.560,96.450,289.150,1.0000,-1,-1,-1
690,376,1363.510,567.930,103.960,258.300,1.0000,-1,-1,-1
690,377,1290.950,527.790,100.180,314.080,1.0000,-1,-1,-1
690,379,740.030,497.460,153.720,403.780,1.0000,-1,-1,-1
690,380,613.420,517.430,139.720,359.870,1.0000,-1,-1,-1
690,382,740.100,527.640,136.920,307.640,1.0000,-1,-1,-1
690,384,427.600,559.750,100.810,287.680,1.0000,-1,-1,-1
691,371,892.550,531.970,102.030,333.770,1.0000,-1,-1,-1
691,372,519.290,533.700,98.420,324.190,1.0000,-1,-1,-1
691,373,1146.700,529.370,141.270,331.230,1.0000,-1,-1,-1
691,374,1051.720,481.110,132.000,411.060,1.0000,-1,-1,-1
691,375,1100.130,547.980,90.170,281.640,1.0000,-1,-1,-1
691,376,1365.730,563.660,105.580,262.640,1.0000,-1,-1,-1
691,377,1291.470,527.750,91.980,313.960,1.0000,-1,-1,-1
691,379,742.300,497.390,147.460,403.760,1.0000,-1,-1,-1
691,380,611.800,517.100,139.420,359.960,1.0000,-1,-1,-1
691,384,426.470,558.050,101.500,289.380,1.0000,-1,-1,-1
692,371,896.150,529.990,101.190,336.010,1.0000,-1,-1,-1
692,372,513.400,533.650,102.540,323.720,1.0000,-1,-1,-1
692,373,1154.170,528.000,140.100,332.760,1.0000,-1,-1,-1
692,374,1052.520,482.080,151.440,410.070,1.0000,-1,-1,-1
692,375,1109.740,552.910,95.760,277.160,1.0000,-1,-1,-1
692,376,1358.570,558.610,116.570,267.750,1.0000,-1,-1,-1
692,377,1296.330,531.140,95.230,310.830,1.0000,-1,-1,-1
692,379,741.890,496.200,136.530,405.080,1.0000,-1,-1,-1
692,380,610.020,516.480,134.760,360.180,1.0000,-1,-1,-1
692,384,422.280,555.540,102.480,291.650,1.0000,-1,-1,-1
693,371,899.730,528.550,102.790,337.440,1.0000,-1,-1,-1
693,372,509.760,531.100,108.120,326.910,1.0000,-1,-1,-1
693,373,1158.690,526.040,134.570,334.810,1.0000,-1,-1,-1
693,374,1052.670,478.780,150.910,413.430,1.0000,-1,-1,-1
693,375,1100.260,533.740,104.670,295.900,1.0000,-1,-1,-1
693,376,1361.570,557.070,113.530,269.230,1.0000,-1,-1,-1
693,377,1297.480,531.040,108.770,311.190,1.0000,-1,-1,-1
693,379,740.670,493.940,138.710,407.430,1.0000,-1,-1,-1
693,380,606.900,515.830,133.910,360.910,1.0000,-1,-1,-1
693,384,418.210,554.260,102.200,292.460,1.0000,-1,-1,-1
694,371,900.060,523.390,110.600,342.640,1.0000,-1,-1,-1
694,372,504.320,526.280,116.890,331.640,1.0000,-1,-1,-1
694,373,1158.690,520.690,138.440,340.070,1.0000,-1,-1,-1
694,374,1049.790,467.250,145.490,424.840,1.0000,-1,-1,-1
694,375,1097.630,540.670,100.530,289.220,1.0000,-1,-1,-1
694,376,1368.530,554.380,106.240,272.370,1.0000,-1,-1,-1
694,377,1299.100,528.710,129.880,313.760,1.0000,-1,-1,-1
694,379,714.850,487.970,167.180,413.370,1.0000,-1,-1,-1
694,380,598.720,507.750,121.250,368.960,1.0000,-1,-1,-1
694,384,405.380,553.560,109.250,294.490,1.0000,-1,-1,-1
695,371,898.670,520.590,115.680,345.630,1.0000,-1,-1,-1
695,372,492.140,523.630,130.880,336.210,1.0000,-1,-1,-1
695,373,1161.310,517.890,134.080,342.500,1.0000,-1,-1,-1
695,374,1043.510,463.160,147.970,429.490,1.0000,-1,-1,-1
695,375,1097.810,544.880,96.530,284.990,1.0000,-1,-1,-1
695,376,1381.280,556.280,92.860,270.560,1.0000,-1,-1,-1
695,377,1297.400,527.790,120.040,314.180,1.0000,-1,-1,-1
695,379,700.810,485.660,178.740,415.360,1.0000,-1,-1,-1
695,380,591.180,502.040,112.400,375.020,1.0000,-1,-1,-1
695,384,396.910,553.290,122.440,294.680,1.0000,-1,-1,-1
696,371,894.700,515.740,120.260,350.370,1.0000,-1,-1,-1
696,372,460.520,523.280,157.260,342.800,1.0000,-1,-1,-1
696,373,1153.770,513.150,120.160,346.860,1.0000,-1,-1,-1
696,374,1023.140,461.320,152.130,441.710,1.0000,-1,-1,-1
696,375,1102.220,544.420,86.450,287.560,1.0000,-1,-1,-1
696,376,1383.820,555.900,93.090,270.710,1.0000,-1,-1,-1
696,377,1276.440,526.880,134.100,318.140,1.0000,-1,-1,-1
696,379,689.250,479.280,181.120,421.560,1.0000,-1,-1,-1
696,380,573.470,498.730,132.010,379.370,1.0000,-1,-1,-1
696,384,384.540,555.330,132.590,300.080,1.0000,-1,-1,-1
697,371,893.020,515.590,115.350,357.500,1.0000,-1,-1,-1
697,372,458.230,524.590,161.660,342.240,1.0000,-1,-1,-1
697,373,1153.820,510.610,118.030,349.260,1.0000,-1,-1,-1
697,374,1014.450,463.690,167.050,445.950,1.0000,-1,-1,-1
697,375,1100.880,543.160,86.470,293.910,1.0000,-1,-1,-1
697,376,1381.880,556.250,96.010,271.390,1.0000,-1,-1,-1
697,377,1269.840,528.200,134.660,320.690,1.0000,-1,-1,-1
697,379,689.050,481.920,176.760,434.180,1.0000,-1,-1,-1
697,380,567.280,499.440,137.950,382.160,1.0000,-1,-1,-1
697,384,378.940,554.160,132.810,303.290,1.0000,-1,-1,-1
698,371,873.560,520.020,127.350,358.220,1.0000,-1,-1,-1
698,372,456.890,527.500,163.290,338.990,1.0000,-1,-1,-1
698,373,1141.310,515.250,128.840,354.910,1.0000,-1,-1,-1
698,374,1008.800,465.400,174.500,449.520,1.0000,-1,-1,-1
698,375,1096.390,537.680,90.600,301.150,1.0000,-1,-1,-1
698,376,1374.240,558.330,107.560,272.500,1.0000,-1,-1,-1
698,377,1269.300,529.920,138.070,321.040,1.0000,-1,-1,-1
698,379,685.620,490.900,166.460,424.430,1.0000,-1,-1,-1
698,380,563.600,504.880,143.890,384.680,1.0000,-1,-1,-1
698,384,362.600,554.240,140.250,303.700,1.0000,-1,-1,-1
699,371,865.780,521.530,132.380,357.750,1.0000,-1,-1,-1
699,372,450.740,526.780,165.730,340.180,1.0000,-1,-1,-1
699,373,1145.180,521.120,123.190,349.830,1.0000,-1,-1,-1
699,374,1010.650,462.720,171.410,452.980,1.0000,-1,-1,-1
699,375,1094.550,531.050,94.160,307.450,1.0000,-1,-1,-1
699,376,1378.220,558.730,105.930,274.980,1.0000,-1,-1,-1
699,377,1269.160,528.970,137.090,321.870,1.0000,-1,-1,-1
699,379,683.910,495.080,163.770,420.270,1.0000,-1,-1,-1
699,380,560.750,507.660,154.450,382.180,1.0000,-1,-1,-1
699,384,359.640,554.610,145.640,303.450,1.0000,-1,-1,-1
700,371,864.410,521.110,136.460,360.330,1.0000,-1,-1,-1
700,372,447.540,526.480,165.030,339.950,1.0000,-1,-1,-1
700,373,1149.910,525.040,118.470,346.480,1.0000,-1,-1,-1
700,374,1012.980,457.780,170.640,458.530,1.0000,-1,-1,-1
700,375,1072.230,532.560,117.670,307.080,1.0000,-1,-1,-1
700,376,1384.690,555.520,103.550,278.330,1.0000,-1,-1,-1
700,377,1266.950,527.470,146.770,323.300,1.0000,-1,-1,-1
700,379,661.430,497.080,189.470,417.880,1.0000,-1,-1,-1
700,380,550.920,510.820,169.950,378.830,1.0000,-1,-1,-1
700,384,356.170,553.130,146.580,304.880,1.0000,-1,-1,-1
701,371,863.270,520.500,140.060,361.370,1.0000,-1,-1,-1
701,372,454.390,527.470,161.730,339.610,1.0000,-1,-1,-1
701,373,1157.740,524.550,114.660,347.190,1.0000,-1,-1,-1
701,374,1011.640,457.780,177.560,458.980,1.0000,-1,-1,-1
701,375,1067.760,525.910,120.820,313.640,1.0000,-1,-1,-1
701,376,1387.000,553.650,103.010,280.090,1.0000,-1,-1,-1
701,377,1268.560,526.970,148.340,323.650,1.0000,-1,-1,-1
701,379,629.870,497.280,222.200,417.700,1.0000,-1,-1,-1
701,380,554.300,510.530,167.210,379.110,1.0000,-1,-1,-1
701,384,355.610,552.350,152.850,305.890,1.0000,-1,-1,-1
702,371,883.120,518.930,123.350,362.850,1.0000,-1,-1,-1
702,372,453.930,528.230,164.670,338.410,1.0000,-1,-1,-1
702,373,1159.890,525.060,122.720,346.420,1.0000,-1,-1,-1
702,374,1012.930,457.300,170.090,459.770,1.0000,-1,-1,-1
702,375,1086.820,526.050,104.180,313.610,1.0000,-1,-1,-1
702,376,1392.860,552.250,100.320,281.000,1.0000,-1,-1,-1
702,377,1267.040,525.930,156.720,324.770,1.0000,-1,-1,-1
702,379,692.960,495.560,179.080,419.900,1.0000,-1,-1,-1
702,380,561.090,512.250,165.910,377.720,1.0000,-1,-1,-1
702,384,350.050,549.410,157.030,308.690,1.0000,-1,-1,-1
703,371,883.100,517.550,124.940,364.270,1.0000,-1,-1,-1
703,372,450.790,526.980,165.530,339.130,1.0000,-1,-1,-1
703,373,1160.750,525.040,125.630,346.720,1.0000,-1,-1,-1
703,374,1011.690,455.430,173.700,461.620,1.0000,-1,-1,-1
703,375,1081.030,525.220,110.340,314.530,1.0000,-1,-1,-1
703,376,1396.610,551.510,97.950,281.870,1.0000,-1,-1,-1
703,377,1268.810,525.630,155.070,325.160,1.0000,-1,-1,-1
703,379,647.570,494.060,230.860,421.510,1.0000,-1,-1,-1
703,380,561.570,512.420,161.660,377.460,1.0000,-1,-1,-1
703,384,345.960,547.770,160.420,310.060,1.0000,-1,-1,-1
703,386,849.680,540.970,147.410,302.350,1.0000,-1,-1,-1
704,371,874.320,512.440,138.120,369.120,1.0000,-1,-1,-1
704,372,444.410,523.060,158.910,342.760,1.0000,-1,-1,-1
704,373,1160.900,523.170,129.030,348.550,1.0000,-1,-1,-1
704,374,1005.720,450.030,182.780,467.350,1.0000,-1,-1,-1
704,375,1076.670,526.380,116.600,313.820,1.0000,-1,-1,-1
704,376,1397.610,549.340,99.890,283.890,1.0000,-1,-1,-1
704,377,1278.840,522.180,149.820,328.990,1.0000,-1,-1,-1
704,379,689.540,488.210,185.400,427.640,1.0000,-1,-1,-1
704,380,556.240,506.130,170.250,384.040,1.0000,-1,-1,-1
704,384,328.550,546.470,169.960,312.420,1.0000,-1,-1,-1
704,386,849.800,534.150,161.570,314.390,1.0000,-1,-1,-1
705,371,870.490,509.210,144.730,372.720,1.0000,-1,-1,-1
705,372,440.110,522.180,156.200,343.400,1.0000,-1,-1,-1
705,373,1158.780,520.990,131.060,350.840,1.0000,-1,-1,-1
705,374,992.010,447.800,200.960,469.140,1.0000,-1,-1,-1
705,376,1398.620,548.210,99.170,285.570,1.0000,-1,-1,-1
705,377,1279.810,520.050,151.060,331.480,1.0000,-1,-1,-1
705,379,689.680,485.110,175.120,430.190,1.0000,-1,-1,-1
705,380,549.620,500.180,191.330,390.000,1.0000,-1,-1,-1
705,384,335.660,545.820,160.370,312.240,1.0000,-1,-1,-1
705,386,849.680,530.970,164.820,320.840,1.0000,-1,-1,-1
706,371,865.030,505.630,158.010,376.840,1.0000,-1,-1,-1
706,372,445.780,523.580,150.780,350.720,1.0000,-1,-1,-1
706,373,1151.900,517.880,142.000,354.240,1.0000,-1,-1,-1
706,374,1011.240,448.110,192.240,468.560,1.0000,-1,-1,-1
706,376,1401.300,548.350,105.220,285.580,1.0000,-1,-1,-1
706,377,1304.240,514.610,137.560,336.460,1.0000,-1,-1,-1
706,379,656.410,475.680,196.840,441.380,1.0000,-1,-1,-1
706,380,529.920,485.690,187.610,404.070,1.0000,-1,-1,-1
706,384,348.070,549.510,140.560,314.080,1.0000,-1,-1,-1
706,386,846.960,527.300,175.030,326.950,1.0000,-1,-1,-1
707,371,861.770,505.630,166.880,379.800,1.0000,-1,-1,-1
707,372,464.530,527.690,137.170,346.900,1.0000,-1,-1,-1
707,373,1176.660,517.630,126.500,353.910,1.0000,-1,-1,-1
707,374,1027.280,450.930,191.640,473.970,1.0000,-1,-1,-1
707,375,1128.140,546.400,91.870,300.880,1.0000,-1,-1,-1
707,376,1402.720,549.130,107.090,286.630,1.0000,-1,-1,-1
707,377,1320.030,512.560,126.700,342.570,1.0000,-1,-1,-1
707,379,692.280,474.300,176.840,449.840,1.0000,-1,-1,-1
707,380,546.440,479.780,176.870,416.350,1.0000,-1,-1,-1
707,384,360.800,551.950,131.250,313.390,1.0000,-1,-1,-1
707,386,854.910,521.070,166.320,332.880,1.0000,-1,-1,-1
708,371,867.310,508.400,167.370,386.920,1.0000,-1,-1,-1
708,372,484.670,533.190,129.610,341.210,1.0000,-1,-1,-1
708,373,1199.960,517.410,143.570,367.480,1.0000,-1,-1,-1
708,374,1062.540,459.420,209.280,468.690,1.0000,-1,-1,-1
708,375,1121.050,537.540,99.200,308.300,1.0000,-1,-1,-1
708,376,1415.010,553.190,94.320,290.950,1.0000,-1,-1,-1
708,377,1340.940,515.150,113.510,347.380,1.0000,-1,-1,-1
708,379,717.100,477.280,184.890,452.590,1.0000,-1,-1,-1
708,380,583.250,471.230,155.580,435.770,1.0000,-1,-1,-1
708,384,389.450,554.940,102.800,310.500,1.0000,-1,-1,-1
708,386,864.640,519.960,135.420,333.750,1.0000,-1,-1,-1
709,371,866.230,510.310,171.960,387.590,1.0000,-1,-1,-1
709,372,482.870,534.460,149.130,339.750,1.0000,-1,-1,-1
709,373,1200.610,518.470,159.750,366.170,1.0000,-1,-1,-1
709,374,1080.210,463.640,181.620,464.660,1.0000,-1,-1,-1
709,375,1124.800,540.910,101.460,306.170,1.0000,-1,-1,-1
709,376,1410.870,553.050,110.530,291.130,1.0000,-1,-1,-1
709,377,1329.450,515.550,135.460,346.900,1.0000,-1,-1,-1
709,379,714.780,479.290,202.300,450.480,1.0000,-1,-1,-1
709,380,582.740,475.090,163.160,431.370,1.0000,-1,-1,-1
709,384,387.560,555.760,102.170,309.790,1.0000,-1,-1,-1
709,386,865.860,525.690,136.190,328.230,1.0000,-1,-1,-1
710,371,860.930,510.920,181.530,389.540,1.0000,-1,-1,-1
710,372,470.810,535.210,141.300,339.460,1.0000,-1,-1,-1
710,373,1201.890,521.500,215.830,363.110,1.0000,-1,-1,-1
710,374,1079.830,465.900,237.490,462.360,1.0000,-1,-1,-1
710,375,1123.380,556.150,110.210,290.240,1.0000,-1,-1,-1
710,376,1413.500,548.790,132.730,295.940,1.0000,-1,-1,-1
710,377,1345.560,515.800,135.530,346.990,1.0000,-1,-1,-1
710,379,709.450,483.240,213.490,446.770,1.0000,-1,-1,-1
710,380,582.200,472.580,178.670,433.580,1.0000,-1,-1,-1
710,384,382.570,554.640,122.940,310.880,1.0000,-1,-1,-1
710,386,861.320,522.400,148.230,333.450,1.0000,-1,-1,-1
711,371,857.210,510.200,186.190,390.120,1.0000,-1,-1,-1
711,372,465.290,533.050,154.350,341.260,1.0000,-1,-1,-1
711,373,1203.010,522.750,218.340,361.720,1.0000,-1,-1,-1
711,374,1080.010,465.620,239.460,462.430,1.0000,-1,-1,-1
711,375,1116.820,545.520,119.260,299.330,1.0000,-1,-1,-1
711,376,1412.510,547.400,143.970,297.210,1.0000,-1,-1,-1
711,377,1344.720,515.490,143.070,347.140,1.0000,-1,-1,-1
711,379,705.930,483.270,219.280,446.350,1.0000,-1,-1,-1
711,380,578.660,477.630,177.660,428.520,1.0000,-1,-1,-1
711,384,379.250,552.700,127.440,312.690,1.0000,-1,-1,-1
711,386,858.300,521.340,167.930,331.420,1.0000,-1,-1,-1
712,371,859.900,508.750,184.470,391.630,1.0000,-1,-1,-1
712,372,463.210,528.750,137.300,345.340,1.0000,-1,-1,-1
712,373,1204.100,525.630,195.950,358.800,1.0000,-1,-1,-1
712,374,1079.640,463.610,177.920,464.300,1.0000,-1,-1,-1
712,375,1123.650,532.360,116.240,312.940,1.0000,-1,-1,-1
712,376,1413.740,546.830,160.580,297.960,1.0000,-1,-1,-1
712,377,1347.560,516.260,151.820,346.570,1.0000,-1,-1,-1
712,379,687.520,482.460,238.800,447.660,1.0000,-1,-1,-1
712,380,556.030,485.090,195.050,420.780,1.0000,-1,-1,-1
712,384,364.000,548.590,133.980,316.940,1.0000,-1,-1,-1
712,386,865.660,533.750,174.330,324.900,1.0000,-1,-1,-1
713,371,868.970,508.150,175.810,392.230,1.0000,-1,-1,-1
713,372,462.690,526.300,139.130,347.650,1.0000,-1,-1,-1
713,373,1205.220,525.940,193.630,358.430,1.0000,-1,-1,-1
713,374,1080.140,461.910,171.230,466.240,1.0000,-1,-1,-1
713,375,1127.150,533.330,116.180,312.960,1.0000,-1,-1,-1
713,376,1414.850,546.450,170.920,298.560,1.0000,-1,-1,-1
713,377,1350.570,516.760,151.640,346.010,1.0000,-1,-1,-1
713,379,688.650,481.420,235.610,448.530,1.0000,-1,-1,-1
713,380,553.930,485.140,179.420,421.010,1.0000,-1,-1,-1
713,384,357.850,547.140,130.610,318.090,1.0000,-1,-1,-1
713,386,870.330,524.600,173.900,338.620,1.0000,-1,-1,-1
714,371,896.480,505.020,162.020,395.460,1.0000,-1,-1,-1
714,372,460.330,519.060,138.880,355.520,1.0000,-1,-1,-1
714,373,1196.100,523.690,220.190,360.550,1.0000,-1,-1,-1
714,374,1080.910,457.800,244.800,470.180,1.0000,-1,-1,-1
714,375,1128.970,533.620,110.900,313.180,1.0000,-1,-1,-1
714,376,1415.710,543.780,173.770,301.120,1.0000,-1,-1,-1
714,377,1354.980,520.250,148.320,342.360,1.0000,-1,-1,-1
714,379,693.880,478.160,219.790,451.650,1.0000,-1,-1,-1
714,380,557.560,493.950,185.870,411.730,1.0000,-1,-1,-1
714,384,355.200,544.460,138.060,321.630,1.0000,-1,-1,-1
714,386,885.200,510.740,165.680,353.610,1.0000,-1,-1,-1
715,371,902.190,504.000,159.300,396.380,1.0000,-1,-1,-1
715,372,458.480,515.690,145.590,358.240,1.0000,-1,-1,-1
715,373,1191.160,521.770,223.300,362.510,1.0000,-1,-1,-1
715,374,1080.710,456.310,230.340,471.770,1.0000,-1,-1,-1
715,375,1140.480,539.010,113.550,308.000,1.0000,-1,-1,-1
715,376,1402.700,542.430,180.790,302.360,1.0000,-1,-1,-1
715,377,1356.170,521.640,147.410,340.990,1.0000,-1,-1,-1
715,379,695.160,476.770,213.750,453.780,1.0000,-1,-1,-1
715,380,564.450,491.680,175.240,414.140,1.0000,-1,-1,-1
715,384,352.840,543.540,146.010,323.850,1.0000,-1,-1,-1
715,386,889.550,506.990,169.370,358.030,1.0000,-1,-1,-1
716,371,904.840,501.600,149.520,399.230,1.0000,-1,-1,-1
716,372,431.950,513.890,152.170,363.300,1.0000,-1,-1,-1
716,373,1197.970,517.600,174.230,368.930,1.0000,-1,-1,-1
716,374,1078.060,455.110,198.850,479.970,1.0000,-1,-1,-1
716,376,1411.170,539.470,166.670,305.370,1.0000,-1,-1,-1
716,377,1355.660,523.920,138.620,339.660,1.0000,-1,-1,-1
716,379,682.890,473.650,199.820,459.730,1.0000,-1,-1,-1
716,380,563.850,486.610,142.450,419.600,1.0000,-1,-1,-1
716,384,336.970,544.160,134.200,325.220,1.0000,-1,-1,-1
717,371,904.250,500.570,130.630,400.320,1.0000,-1,-1,-1
717,372,418.340,516.480,165.660,360.800,1.0000,-1,-1,-1
717,373,1193.480,516.230,166.490,370.120,1.0000,-1,-1,-1
717,374,1076.590,455.890,146.950,479.740,1.0000,-1,-1,-1
717,376,1426.950,539.490,145.370,305.100,1.0000,-1,-1,-1
717,377,1352.060,527.450,149.310,336.050,1.0000,-1,-1,-1
717,379,654.090,476.570,209.830,460.490,1.0000,-1,-1,-1
717,380,546.970,486.150,152.740,421.230,1.0000,-1,-1,-1
717,384,321.090,546.610,145.360,322.610,1.0000,-1,-1,-1
718,371,903.620,499.520,128.990,401.230,1.0000,-1,-1,-1
718,372,407.130,524.300,168.950,352.980,1.0000,-1,-1,-1
718,373,1169.090,516.560,168.710,370.280,1.0000,-1,-1,-1
718,374,1050.690,462.830,166.790,472.780,1.0000,-1,-1,-1
718,376,1431.400,543.730,129.280,301.460,1.0000,-1,-1,-1
718,377,1351.840,532.940,140.870,330.380,1.0000,-1,-1,-1
718,379,619.330,490.100,243.220,446.210,1.0000,-1,-1,-1
718,380,501.680,486.510,183.490,421.190,1.0000,-1,-1,-1
718,384,297.500,555.050,161.120,314.440,1.0000,-1,-1,-1
719,371,903.670,499.440,136.680,401.140,1.0000,-1,-1,-1
719,372,405.770,528.260,173.380,349.300,1.0000,-1,-1,-1
719,373,1175.020,516.940,151.860,369.820,1.0000,-1,-1,-1
719,374,1047.200,466.010,172.340,469.500,1.0000,-1,-1,-1
719,376,1435.330,544.630,119.740,300.580,1.0000,-1,-1,-1
719,377,1351.710,535.150,145.640,328.250,1.0000,-1,-1,-1
719,379,601.760,497.060,248.410,439.420,1.0000,-1,-1,-1
719,380,495.090,486.310,188.330,421.340,1.0000,-1,-1,-1
719,384,289.770,558.770,167.050,310.840,1.0000,-1,-1,-1
720,371,909.020,497.650,146.470,402.940,1.0000,-1,-1,-1
720,372,403.570,530.500,172.760,346.980,1.0000,-1,-1,-1
720,373,1171.810,515.820,153.330,371.140,1.0000,-1,-1,-1
720,374,1042.970,469.000,179.550,466.250,1.0000,-1,-1,-1
720,376,1435.530,544.710,103.060,300.490,1.0000,-1,-1,-1
720,377,1338.680,534.530,142.230,329.020,1.0000,-1,-1,-1
720,379,606.480,501.840,232.060,434.660,1.0000,-1,-1,-1
720,380,485.470,488.010,194.440,420.710,1.0000,-1,-1,-1
720,384,281.570,562.550,172.130,307.230,1.0000,-1,-1,-1
720,386,884.180,533.180,136.490,331.370,1.0000,-1,-1,-1
721,371,909.450,497.900,147.550,402.600,1.0000,-1,-1,-1
721,372,403.270,529.920,168.490,347.870,1.0000,-1,-1,-1
721,373,1172.440,515.130,160.130,371.870,1.0000,-1,-1,-1
721,374,1055.670,468.290,165.710,467.060,1.0000,-1,-1,-1
721,376,1432.130,544.960,98.010,300.080,1.0000,-1,-1,-1
721,377,1332.130,533.030,145.810,330.510,1.0000,-1,-1,-1
721,379,597.870,500.850,236.440,435.670,1.0000,-1,-1,-1
721,380,481.480,495.510,199.880,413.370,1.0000,-1,-1,-1
721,384,278.980,560.610,174.810,309.240,1.0000,-1,-1,-1
721,386,874.600,547.310,134.620,316.360,1.0000,-1,-1,-1
722,371,910.110,499.700,144.390,400.810,1.0000,-1,-1,-1
722,372,404.500,523.480,162.230,354.330,1.0000,-1,-1,-1
722,373,1182.200,508.610,169.900,377.980,1.0000,-1,-1,-1
722,374,1074.210,461.410,151.570,473.970,1.0000,-1,-1,-1
722,376,1425.740,543.970,119.400,301.030,1.0000,-1,-1,-1
722,377,1326.000,527.930,153.150,335.620,1.0000,-1,-1,-1
722,379,605.720,492.210,236.960,444.130,1.0000,-1,-1,-1
722,380,480.160,509.270,213.030,399.660,1.0000,-1,-1,-1
722,384,279.050,550.270,213.820,319.650,1.0000,-1,-1,-1
722,386,864.220,548.000,147.830,314.150,1.0000,-1,-1,-1
723,371,908.540,499.380,142.350,401.050,1.0000,-1,-1,-1
723,372,405.450,517.520,161.360,360.370,1.0000,-1,-1,-1
723,373,1188.810,502.300,164.120,383.970,1.0000,-1,-1,-1
723,374,1079.830,453.570,159.690,481.790,1.0000,-1,-1,-1
723,376,1422.060,540.340,129.760,304.640,1.0000,-1,-1,-1
723,377,1325.480,524.140,158.770,339.540,1.0000,-1,-1,-1
723,379,609.920,484.160,237.730,452.160,1.0000,-1,-1,-1
723,380,492.800,509.040,192.050,400.130,1.0000,-1,-1,-1
723,384,289.090,543.090,211.040,326.980,1.0000,-1,-1,-1
723,386,861.990,542.780,164.300,311.920,1.0000,-1,-1,-1
724,371,902.600,499.050,132.750,401.600,1.0000,-1,-1,-1
724,372,409.430,503.680,164.120,374.040,1.0000,-1,-1,-1
724,373,1203.740,491.730,140.270,392.690,1.0000,-1,-1,-1
724,374,1083.330,435.730,150.140,499.590,1.0000,-1,-1,-1
724,376,1438.260,530.000,120.930,314.850,1.0000,-1,-1,-1
724,377,1322.180,512.580,172.310,351.820,1.0000,-1,-1,-1
724,379,633.130,463.390,219.460,473.720,1.0000,-1,-1,-1
724,380,519.840,489.970,173.550,418.590,1.0000,-1,-1,-1
724,384,305.470,531.380,176.920,337.410,1.0000,-1,-1,-1
725,371,869.400,497.970,161.800,402.580,1.0000,-1,-1,-1
725,372,415.650,497.330,166.780,370.240,1.0000,-1,-1,-1
725,373,1209.090,490.160,131.740,393.670,1.0000,-1,-1,-1
725,374,1083.920,424.450,147.410,511.060,1.0000,-1,-1,-1
725,375,1129.290,512.750,112.510,333.340,1.0000,-1,-1,-1
725,376,1433.610,527.320,126.590,313.920,1.0000,-1,-1,-1
725,377,1323.140,505.940,175.870,358.350,1.0000,-1,-1,-1
725,379,653.150,453.630,198.940,484.280,1.0000,-1,-1,-1
725,380,532.590,481.020,160.600,428.260,1.0000,-1,-1,-1
725,384,315.110,523.290,161.950,343.350,1.0000,-1,-1,-1
726,371,863.850,497.030,169.970,403.360,1.0000,-1,-1,-1
726,372,424.630,448.080,154.310,429.140,1.0000,-1,-1,-1
726,373,1217.880,447.770,146.130,437.090,1.0000,-1,-1,-1
726,374,1085.820,333.860,119.330,598.690,1.0000,-1,-1,-1
726,375,1125.520,467.120,121.140,374.700,1.0000,-1,-1,-1
726,376,1438.500,522.410,116.750,321.560,1.0000,-1,-1,-1
726,377,1337.460,486.880,182.800,376.410,1.0000,-1,-1,-1
726,379,677.160,395.560,164.420,532.490,1.0000,-1,-1,-1
726,380,551.730,451.190,136.120,454.650,1.0000,-1,-1,-1
726,384,328.180,484.620,124.850,381.400,1.0000,-1,-1,-1
727,371,852.840,469.740,154.370,430.470,1.0000,-1,-1,-1
727,372,431.900,426.820,142.130,453.710,1.0000,-1,-1,-1
727,373,1219.360,423.930,146.600,461.480,1.0000,-1,-1,-1
727,374,1084.780,324.000,133.940,606.840,1.0000,-1,-1,-1
727,375,1123.270,458.060,126.000,385.600,1.0000,-1,-1,-1
727,376,1436.750,500.620,114.350,342.680,1.0000,-1,-1,-1
727,377,1345.490,457.490,154.040,407.850,1.0000,-1,-1,-1
727,379,688.790,363.500,143.400,564.350,1.0000,-1,-1,-1
727,380,551.230,410.520,132.030,493.910,1.0000,-1,-1,-1
727,384,335.770,479.800,112.750,387.170,1.0000,-1,-1,-1
727,386,873.650,476.200,163.750,380.100,1.0000,-1,-1,-1
728,371,885.950,451.330,118.950,449.320,1.0000,-1,-1,-1
728,372,441.910,425.520,127.770,454.910,1.0000,-1,-1,-1
728,373,1219.850,425.080,146.180,461.600,1.0000,-1,-1,-1
728,374,1076.140,332.240,164.960,599.380,1.0000,-1,-1,-1
728,375,1125.230,461.080,118.870,386.250,1.0000,-1,-1,-1
728,376,1441.760,488.620,116.390,358.100,1.0000,-1,-1,-1
728,377,1359.400,426.600,145.380,438.790,1.0000,-1,-1,-1
728,379,706.580,354.690,127.850,584.290,1.0000,-1,-1,-1
728,380,550.180,392.980,131.420,507.170,1.0000,-1,-1,-1
728,384,344.830,483.130,103.470,384.400,1.0000,-1,-1,-1
728,386,847.680,471.720,156.040,389.240,1.0000,-1,-1,-1
729,371,891.390,453.340,112.010,447.240,1.0000,-1,-1,-1
729,372,447.790,427.260,122.730,453.080,1.0000,-1,-1,-1
729,373,1222.810,425.460,143.490,460.870,1.0000,-1,-1,-1
729,374,1075.890,335.680,164.910,595.790,1.0000,-1,-1,-1
729,375,1134.250,462.260,107.500,386.970,1.0000,-1,-1,-1
729,376,1446.430,489.150,116.370,357.720,1.0000,-1,-1,-1
729,377,1366.850,426.390,138.590,438.930,1.0000,-1,-1,-1
729,379,707.880,355.920,126.450,584.700,1.0000,-1,-1,-1
729,380,550.330,395.270,129.770,510.790,1.0000,-1,-1,-1
729,384,345.850,484.050,104.920,383.450,1.0000,-1,-1,-1
729,386,844.410,457.460,156.230,404.280,1.0000,-1,-1,-1
730,371,888.050,459.810,143.470,441.070,1.0000,-1,-1,-1
730,372,450.570,429.400,120.820,452.040,1.0000,-1,-1,-1
730,373,1221.680,424.530,144.490,462.390,1.0000,-1,-1,-1
730,374,1077.820,337.040,163.070,594.110,1.0000,-1,-1,-1
730,375,1131.200,464.260,107.110,384.850,1.0000,-1,-1,-1
730,376,1451.290,489.110,110.980,357.940,1.0000,-1,-1,-1
730,377,1374.680,427.370,129.270,437.830,1.0000,-1,-1,-1
730,379,706.500,359.880,137.880,579.930,1.0000,-1,-1,-1
730,380,549.690,401.760,133.630,506.330,1.0000,-1,-1,-1
730,384,351.690,484.020,95.550,383.380,1.0000,-1,-1,-1
730,386,844.560,459.490,153.710,403.420,1.0000,-1,-1,-1
731,371,840.790,460.380,186.940,440.400,1.0000,-1,-1,-1
731,372,449.820,430.590,121.150,450.910,1.0000,-1,-1,-1
731,373,1221.290,424.280,144.840,462.810,1.0000,-1,-1,-1
731,374,1082.070,337.310,159.230,593.820,1.0000,-1,-1,-1
731,375,1130.090,463.590,107.930,385.570,1.0000,-1,-1,-1
731,376,1449.620,489.590,109.840,357.050,1.0000,-1,-1,-1
731,377,1375.320,427.750,127.970,437.390,1.0000,-1,-1,-1
731,379,706.860,362.120,142.820,577.330,1.0000,-1,-1,-1
731,380,550.670,404.790,132.290,501.960,1.0000,-1,-1,-1
731,384,353.470,483.620,95.880,383.790,1.0000,-1,-1,-1
731,386,874.920,462.850,128.440,400.750,1.0000,-1,-1,-1
732,371,834.010,462.100,167.830,438.590,1.0000,-1,-1,-1
732,372,441.890,434.100,126.550,447.260,1.0000,-1,-1,-1
732,373,1221.240,423.830,145.040,463.410,1.0000,-1,-1,-1
732,374,1090.060,338.050,153.280,593.050,1.0000,-1,-1,-1
732,375,1139.840,463.760,99.690,385.350,1.0000,-1,-1,-1
732,376,1453.290,492.010,98.800,354.520,1.0000,-1,-1,-1
732,377,1376.450,428.850,127.520,436.200,1.0000,-1,-1,-1
732,379,710.350,367.740,148.660,571.200,1.0000,-1,-1,-1
732,380,551.700,406.750,132.160,499.610,1.0000,-1,-1,-1
732,384,353.200,483.480,94.550,384.170,1.0000,-1,-1,-1
732,386,882.610,471.740,118.260,391.760,1.0000,-1,-1,-1
733,371,841.030,463.450,161.060,437.060,1.0000,-1,-1,-1
733,372,436.480,435.930,130.260,445.440,1.0000,-1,-1,-1
733,373,1220.840,423.780,145.340,463.030,1.0000,-1,-1,-1
733,374,1090.600,338.300,153.730,593.450,1.0000,-1,-1,-1
733,375,1141.640,465.840,98.680,382.730,1.0000,-1,-1,-1
733,376,1456.160,493.500,96.030,353.020,1.0000,-1,-1,-1
733,377,1377.000,429.850,127.780,435.130,1.0000,-1,-1,-1
733,379,709.050,372.170,154.510,566.910,1.0000,-1,-1,-1
733,380,554.740,406.700,128.730,499.850,1.0000,-1,-1,-1
733,384,352.510,484.310,95.000,383.380,1.0000,-1,-1,-1
733,386,882.700,480.210,119.090,382.810,1.0000,-1,-1,-1
734,371,865.250,466.890,154.600,433.540,1.0000,-1,-1,-1
734,372,428.020,443.980,132.820,438.140,1.0000,-1,-1,-1
734,373,1221.810,425.340,144.360,460.960,1.0000,-1,-1,-1
734,374,1090.720,343.160,153.770,589.840,1.0000,-1,-1,-1
734,375,1142.550,470.070,95.890,376.310,1.0000,-1,-1,-1
734,376,1458.360,496.690,94.620,349.680,1.0000,-1,-1,-1
734,377,1377.550,434.420,128.230,430.970,1.0000,-1,-1,-1
734,379,707.020,380.400,152.880,558.940,1.0000,-1,-1,-1
734,380,556.160,405.420,124.420,500.670,1.0000,-1,-1,-1
734,384,346.850,487.420,101.740,380.270,1.0000,-1,-1,-1
734,386,866.340,498.590,141.040,367.560,1.0000,-1,-1,-1
735,371,883.780,468.970,134.220,427.910,1.0000,-1,-1,-1
735,372,426.960,449.580,131.160,431.340,1.0000,-1,-1,-1
735,373,1225.920,426.660,140.040,459.780,1.0000,-1,-1,-1
735,374,1090.640,349.830,153.440,583.490,1.0000,-1,-1,-1
735,375,1140.740,471.700,96.830,375.550,1.0000,-1,-1,-1
735,376,1458.770,497.480,94.080,349.160,1.0000,-1,-1,-1
735,377,1377.960,437.880,127.930,427.390,1.0000,-1,-1,-1
735,379,709.920,385.150,145.830,553.920,1.0000,-1,-1,-1
735,380,553.470,404.400,127.370,500.650,1.0000,-1,-1,-1
735,384,346.440,488.750,100.530,379.000,1.0000,-1,-1,-1
735,386,883.240,533.690,138.460,331.300,1.0000,-1,-1,-1
736,371,900.630,472.920,125.360,423.900,1.0000,-1,-1,-1
736,372,433.140,459.920,128.360,423.200,1.0000,-1,-1,-1
736,373,1223.110,431.500,142.330,454.030,1.0000,-1,-1,-1
736,374,1090.820,361.490,152.100,572.600,1.0000,-1,-1,-1
736,375,1133.120,473.770,107.180,372.370,1.0000,-1,-1,-1
736,376,1462.220,499.980,91.130,346.600,1.0000,-1,-1,-1
736,377,1388.210,445.770,126.550,419.230,1.0000,-1,-1,-1
736,379,708.970,392.480,143.670,546.420,1.0000,-1,-1,-1
736,380,540.740,407.500,149.670,496.560,1.0000,-1,-1,-1
736,384,348.100,492.080,99.680,375.970,1.0000,-1,-1,-1
736,386,875.570,505.320,147.680,352.780,1.0000,-1,-1,-1
737,371,897.670,474.600,141.340,421.730,1.0000,-1,-1,-1
737,372,439.900,465.180,129.130,416.800,1.0000,-1,-1,-1
737,373,1218.090,433.710,148.830,450.960,1.0000,-1,-1,-1
737,374,1090.830,366.930,152.090,567.130,1.0000,-1,-1,-1
737,375,1128.750,475.420,111.650,370.540,1.0000,-1,-1,-1
737,376,1462.750,500.540,93.530,345.670,1.0000,-1,-1,-1
737,377,1390.540,450.230,121.130,414.400,1.0000,-1,-1,-1
737,379,722.650,396.070,142.290,543.190,1.0000,-1,-1,-1
737,380,538.380,411.770,163.610,489.270,1.0000,-1,-1,-1
737,384,350.630,494.440,96.650,373.510,1.0000,-1,-1,-1
737,386,868.050,502.630,146.770,361.090,1.0000,-1,-1,-1
738,371,891.970,478.090,194.400,417.930,1.0000,-1,-1,-1
738,372,457.350,473.360,118.290,407.830,1.0000,-1,-1,-1
738,373,1188.280,438.230,181.200,445.990,1.0000,-1,-1,-1
738,374,1091.710,381.830,154.570,552.070,1.0000,-1,-1,-1
738,375,1137.650,470.780,108.160,373.410,1.0000,-1,-1,-1
738,376,1457.210,502.290,107.630,342.760,1.0000,-1,-1,-1
738,377,1387.420,457.780,125.540,406.670,1.0000,-1,-1,-1
738,379,697.330,402.500,170.200,536.690,1.0000,-1,-1,-1
738,380,544.270,416.460,162.170,482.600,1.0000,-1,-1,-1
738,384,349.120,498.950,105.150,368.490,1.0000,-1,-1,-1
738,386,870.910,510.160,153.610,352.450,1.0000,-1,-1,-1
739,371,877.310,478.910,217.890,416.800,1.0000,-1,-1,-1
739,372,451.930,476.070,126.790,405.070,1.0000,-1,-1,-1
739,373,1174.300,439.220,192.460,446.240,1.0000,-1,-1,-1
739,374,1092.800,383.410,161.490,550.560,1.0000,-1,-1,-1
739,375,1146.800,461.470,112.700,385.250,1.0000,-1,-1,-1
739,376,1456.780,502.550,111.520,341.660,1.0000,-1,-1,-1
739,377,1385.860,460.010,128.160,404.300,1.0000,-1,-1,-1
739,379,690.860,403.450,176.960,535.900,1.0000,-1,-1,-1
739,380,544.410,417.800,157.920,481.780,1.0000,-1,-1,-1
739,384,348.160,498.590,107.320,369.080,1.0000,-1,-1,-1
739,386,876.740,509.820,142.550,350.470,1.0000,-1,-1,-1
740,371,832.420,478.450,263.340,417.350,1.0000,-1,-1,-1
740,372,452.330,477.070,125.120,406.230,1.0000,-1,-1,-1
740,373,1212.120,437.520,137.280,450.620,1.0000,-1,-1,-1
740,374,1092.050,380.360,169.530,546.080,1.0000,-1,-1,-1
740,376,1459.420,504.050,108.550,340.800,1.0000,-1,-1,-1
740,377,1383.110,458.000,133.620,406.620,1.0000,-1,-1,-1
740,379,666.540,400.560,190.310,530.830,1.0000,-1,-1,-1
740,380,555.840,420.790,134.770,480.240,1.0000,-1,-1,-1
740,384,337.700,495.140,115.130,373.060,1.0000,-1,-1,-1
740,386,889.290,494.980,134.810,366.530,1.0000,-1,-1,-1
741,371,831.150,476.890,174.980,418.400,1.0000,-1,-1,-1
741,372,453.500,474.060,120.140,410.250,1.0000,-1,-1,-1
741,373,1214.740,436.420,132.740,450.800,1.0000,-1,-1,-1
741,374,1088.630,375.000,180.220,550.860,1.0000,-1,-1,-1
741,375,1133.310,539.980,115.870,303.670,1.0000,-1,-1,-1
741,376,1458.620,504.680,105.340,340.000,1.0000,-1,-1,-1
741,377,1377.350,456.110,137.130,408.930,1.0000,-1,-1,-1
741,379,649.010,398.520,216.900,531.180,1.0000,-1,-1,-1
741,380,556.410,422.460,130.330,479.070,1.0000,-1,-1,-1
741,384,332.090,492.320,130.210,376.830,1.0000,-1,-1,-1
741,386,893.740,478.280,189.180,382.910,1.0000,-1,-1,-1
742,371,797.480,472.770,207.480,422.510,1.0000,-1,-1,-1
742,372,454.410,465.870,120.840,418.370,1.0000,-1,-1,-1
742,373,1226.760,432.350,164.710,456.270,1.0000,-1,-1,-1
742,374,1084.040,366.980,182.650,560.340,1.0000,-1,-1,-1
742,375,1138.190,527.340,119.220,318.100,1.0000,-1,-1,-1
742,376,1450.100,506.270,108.210,336.930,1.0000,-1,-1,-1
742,377,1348.330,448.390,151.790,418.650,1.0000,-1,-1,-1
742,379,640.610,396.310,257.310,532.800,1.0000,-1,-1,-1
742,380,551.710,422.350,127.280,479.350,1.0000,-1,-1,-1
742,384,335.290,487.350,127.200,380.000,1.0000,-1,-1,-1
742,386,900.300,473.190,158.930,389.580,1.0000,-1,-1,-1
743,371,799.880,471.420,205.940,424.610,1.0000,-1,-1,-1
743,372,453.850,460.010,122.050,423.900,1.0000,-1,-1,-1
743,373,1226.030,427.590,162.860,460.410,1.0000,-1,-1,-1
743,374,1083.490,355.230,170.460,572.840,1.0000,-1,-1,-1
743,375,1137.230,517.050,119.390,327.160,1.0000,-1,-1,-1
743,376,1443.920,528.050,121.930,315.690,1.0000,-1,-1,-1
743,377,1341.700,445.060,152.680,422.250,1.0000,-1,-1,-1
743,379,652.140,395.330,245.880,533.800,1.0000,-1,-1,-1
743,380,546.030,421.870,135.850,479.550,1.0000,-1,-1,-1
743,384,345.370,485.590,117.570,381.950,1.0000,-1,-1,-1
743,386,883.420,472.580,127.250,391.010,1.0000,-1,-1,-1
744,371,802.920,467.970,301.080,427.510,1.0000,-1,-1,-1
744,372,431.450,449.450,147.320,432.380,1.0000,-1,-1,-1
744,373,1234.740,421.440,154.530,466.300,1.0000,-1,-1,-1
744,374,1087.750,344.840,168.580,583.530,1.0000,-1,-1,-1
744,376,1442.670,505.230,132.670,337.340,1.0000,-1,-1,-1
744,377,1343.460,439.060,149.400,427.950,1.0000,-1,-1,-1
744,379,655.300,391.400,251.230,537.910,1.0000,-1,-1,-1
744,380,561.750,418.060,137.330,482.640,1.0000,-1,-1,-1
744,384,348.850,482.720,119.180,383.400,1.0000,-1,-1,-1
744,386,903.570,467.920,105.330,395.240,1.0000,-1,-1,-1
745,371,793.000,466.520,316.840,429.170,1.0000,-1,-1,-1
745,372,418.900,444.550,160.370,437.920,1.0000,-1,-1,-1
745,373,1236.720,417.610,132.980,469.850,1.0000,-1,-1,-1
745,374,1088.330,340.020,165.440,587.830,1.0000,-1,-1,-1
745,375,1139.400,487.690,117.850,356.260,1.0000,-1,-1,-1
745,376,1441.740,500.160,137.760,341.870,1.0000,-1,-1,-1
745,377,1349.820,436.610,135.160,429.810,1.0000,-1,-1,-1
745,379,651.040,390.050,259.930,539.750,1.0000,-1,-1,-1
745,380,561.030,416.840,152.410,483.850,1.0000,-1,-1,-1
745,384,344.530,481.920,126.740,384.280,1.0000,-1,-1,-1
745,386,910.080,466.850,95.980,397.790,1.0000,-1,-1,-1
746,371,798.790,463.440,309.130,431.750,1.0000,-1,-1,-1
746,372,402.070,435.750,182.530,447.240,1.0000,-1,-1,-1
746,373,1222.400,414.740,148.000,472.290,1.0000,-1,-1,-1
746,374,1089.410,333.680,161.560,592.420,1.0000,-1,-1,-1
746,375,1127.370,472.630,111.890,372.240,1.0000,-1,-1,-1
746,376,1443.170,498.410,144.430,343.740,1.0000,-1,-1,-1
746,377,1368.230,432.380,117.360,433.050,1.0000,-1,-1,-1
746,379,634.580,386.330,271.770,543.690,1.0000,-1,-1,-1
746,380,562.500,412.630,164.080,487.410,1.0000,-1,-1,-1
746,384,343.600,479.340,109.120,386.650,1.0000,-1,-1,-1
746,386,912.110,463.630,92.760,401.990,1.0000,-1,-1,-1
747,371,825.820,462.900,275.320,432.850,1.0000,-1,-1,-1
747,372,396.020,432.970,189.660,450.280,1.0000,-1,-1,-1
747,373,1185.130,415.050,184.120,471.940,1.0000,-1,-1,-1
747,374,1090.150,331.680,138.180,593.240,1.0000,-1,-1,-1
747,376,1448.890,496.230,133.110,346.230,1.0000,-1,-1,-1
747,377,1372.410,432.150,112.060,432.390,1.0000,-1,-1,-1
747,379,631.640,384.460,266.820,545.620,1.0000,-1,-1,-1
747,380,563.940,409.100,164.960,491.000,1.0000,-1,-1,-1
747,384,344.290,478.350,104.010,387.670,1.0000,-1,-1,-1
747,386,911.470,463.290,95.700,399.640,1.0000,-1,-1,-1
748,371,843.730,461.760,238.880,434.190,1.0000,-1,-1,-1
748,372,393.480,430.390,191.030,452.430,1.0000,-1,-1,-1
748,373,1178.220,415.620,187.850,470.340,1.0000,-1,-1,-1
748,374,1087.380,328.100,118.430,595.680,1.0000,-1,-1,-1
748,375,1118.820,438.930,104.360,402.370,1.0000,-1,-1,-1
748,376,1447.310,495.210,130.740,346.840,1.0000,-1,-1,-1
748,377,1355.580,434.090,128.250,429.770,1.0000,-1,-1,-1
748,379,645.990,383.090,226.830,547.660,1.0000,-1,-1,-1
748,380,562.950,404.470,170.140,495.590,1.0000,-1,-1,-1
748,384,346.140,477.830,92.740,387.710,1.0000,-1,-1,-1
749,371,831.670,461.600,242.360,434.520,1.0000,-1,-1,-1
749,372,401.060,431.100,179.540,451.410,1.0000,-1,-1,-1
749,373,1176.200,415.230,186.550,471.400,1.0000,-1,-1,-1
749,374,1085.880,327.510,123.910,596.320,1.0000,-1,-1,-1
749,375,1123.390,442.210,99.830,399.910,1.0000,-1,-1,-1
749,376,1444.980,495.470,130.700,346.740,1.0000,-1,-1,-1
749,377,1346.030,433.590,142.390,430.560,1.0000,-1,-1,-1
749,379,657.190,383.080,208.730,547.380,1.0000,-1,-1,-1
749,380,559.270,401.370,173.240,498.780,1.0000,-1,-1,-1
749,384,346.460,479.150,91.220,385.550,1.0000,-1,-1,-1
749,386,912.220,462.150,87.490,402.420,1.0000,-1,-1,-1
750,371,841.690,461.950,212.690,434.430,1.0000,-1,-1,-1
750,372,416.370,433.950,159.320,448.040,1.0000,-1,-1,-1
750,373,1176.320,413.410,165.250,473.550,1.0000,-1,-1,-1
750,374,1086.650,327.670,123.020,595.830,1.0000,-1,-1,-1
750,375,1132.550,498.560,89.930,341.950,1.0000,-1,-1,-1
750,376,1440.780,493.560,133.270,349.100,1.0000,-1,-1,-1
750,377,1337.730,433.380,157.400,431.460,1.0000,-1,-1,-1
750,379,688.910,387.570,185.590,543.180,1.0000,-1,-1,-1
750,380,554.670,397.120,168.670,503.750,1.0000,-1,-1,-1
750,384,347.700,481.660,105.020,381.520,1.0000,-1,-1,-1
751,371,852.120,462.490,191.520,434.280,1.0000,-1,-1,-1
751,372,424.440,434.500,141.930,446.560,1.0000,-1,-1,-1
751,373,1171.260,410.800,159.210,476.180,1.0000,-1,-1,-1
751,374,1088.670,330.580,126.640,593.020,1.0000,-1,-1,-1
751,375,1126.240,472.470,111.100,369.370,1.0000,-1,-1,-1
751,376,1436.390,491.040,134.990,351.510,1.0000,-1,-1,-1
751,377,1338.190,433.200,195.230,431.740,1.0000,-1,-1,-1
751,379,678.190,390.740,195.120,540.140,1.0000,-1,-1,-1
751,380,554.350,395.450,159.610,505.900,1.0000,-1,-1,-1
751,384,339.920,485.800,126.940,377.280,1.0000,-1,-1,-1
752,371,850.930,463.670,172.010,432.670,1.0000,-1,-1,-1
752,372,430.690,437.360,139.540,440.750,1.0000,-1,-1,-1
752,373,1182.580,404.340,147.000,482.420,1.0000,-1,-1,-1
752,374,1054.820,344.280,150.390,579.260,1.0000,-1,-1,-1
752,375,1090.130,420.000,154.950,420.310,1.0000,-1,-1,-1
752,376,1414.960,492.960,150.070,349.390,1.0000,-1,-1,-1
752,377,1347.900,433.210,183.690,431.690,1.0000,-1,-1,-1
752,379,635.450,403.730,230.520,527.080,1.0000,-1,-1,-1
752,380,539.030,390.080,165.010,511.440,1.0000,-1,-1,-1
752,384,304.360,503.360,150.130,360.030,1.0000,-1,-1,-1
753,371,852.750,464.240,162.630,431.880,1.0000,-1,-1,-1
753,372,449.050,440.440,121.860,437.880,1.0000,-1,-1,-1
753,373,1178.830,406.750,149.900,480.180,1.0000,-1,-1,-1
753,374,1023.040,358.150,191.050,565.660,1.0000,-1,-1,-1
753,375,1076.500,466.040,159.140,374.040,1.0000,-1,-1,-1
753,376,1389.120,489.890,173.500,352.150,1.0000,-1,-1,-1
753,377,1348.580,433.260,147.320,431.570,1.0000,-1,-1,-1
753,379,624.280,414.680,231.510,516.110,1.0000,-1,-1,-1
753,380,518.710,386.720,181.660,514.960,1.0000,-1,-1,-1
753,384,287.630,521.240,162.510,343.930,1.0000,-1,-1,-1
753,386,880.030,471.490,133.460,390.460,1.0000,-1,-1,-1
754,371,851.370,464.590,151.070,431.880,1.0000,-1,-1,-1
754,372,445.970,450.750,121.360,428.020,1.0000,-1,-1,-1
754,373,1146.740,431.910,177.300,455.400,1.0000,-1,-1,-1
754,374,1000.840,414.880,223.600,508.630,1.0000,-1,-1,-1
754,375,1058.900,486.800,165.550,352.000,1.0000,-1,-1,-1
754,376,1388.600,503.400,165.520,339.610,1.0000,-1,-1,-1
754,377,1314.090,438.660,194.350,425.970,1.0000,-1,-1,-1
754,379,637.120,446.120,200.770,484.520,1.0000,-1,-1,-1
754,380,488.150,395.800,204.010,505.910,1.0000,-1,-1,-1
754,384,269.730,538.760,159.740,327.110,1.0000,-1,-1,-1
754,386,868.550,486.680,143.330,375.910,1.0000,-1,-1,-1
755,371,853.510,509.790,135.810,387.040,1.0000,-1,-1,-1
755,372,435.420,459.540,129.410,419.360,1.0000,-1,-1,-1
755,373,1161.560,455.340,160.120,432.310,1.0000,-1,-1,-1
755,374,1009.350,428.580,190.240,495.250,1.0000,-1,-1,-1
755,375,1061.130,490.030,154.700,349.410,1.0000,-1,-1,-1
755,376,1386.350,544.110,162.160,298.310,1.0000,-1,-1,-1
755,377,1311.040,446.500,193.500,417.880,1.0000,-1,-1,-1
755,379,627.480,466.640,201.960,464.160,1.0000,-1,-1,-1
755,380,480.010,412.540,212.470,489.100,1.0000,-1,-1,-1
755,384,271.390,539.540,154.960,326.340,1.0000,-1,-1,-1
755,386,884.620,466.160,128.020,396.110,1.0000,-1,-1,-1
756,371,865.650,514.540,129.120,381.610,1.0000,-1,-1,-1
756,372,410.580,474.550,145.420,403.680,1.0000,-1,-1,-1
756,373,1176.090,495.140,139.920,392.600,1.0000,-1,-1,-1
756,374,1032.890,427.960,164.300,497.230,1.0000,-1,-1,-1
756,375,1070.150,503.330,134.890,339.530,1.0000,-1,-1,-1
756,376,1439.540,545.920,95.960,295.840,1.0000,-1,-1,-1
756,377,1318.210,479.770,176.620,384.550,1.0000,-1,-1,-1
756,379,631.230,467.840,185.850,463.150,1.0000,-1,-1,-1
756,380,472.700,476.540,216.400,425.240,1.0000,-1,-1,-1
756,384,291.670,541.970,129.430,324.360,1.0000,-1,-1,-1
756,386,881.520,471.620,132.990,390.690,1.0000,-1,-1,-1
757,371,873.040,516.150,155.900,379.940,1.0000,-1,-1,-1
757,372,450.120,507.980,103.000,370.530,1.0000,-1,-1,-1
757,373,1178.130,494.680,135.060,393.660,1.0000,-1,-1,-1
757,374,1042.730,427.880,156.450,496.360,1.0000,-1,-1,-1
757,376,1437.210,545.460,97.670,296.530,1.0000,-1,-1,-1
757,377,1331.640,500.640,163.710,363.720,1.0000,-1,-1,-1
757,379,629.000,466.790,187.800,464.600,1.0000,-1,-1,-1
757,380,479.380,488.320,221.050,413.670,1.0000,-1,-1,-1
757,384,293.460,544.020,194.920,322.330,1.0000,-1,-1,-1
757,386,884.770,485.460,113.670,376.390,1.0000,-1,-1,-1
758,371,884.980,524.700,156.770,370.840,1.0000,-1,-1,-1
758,372,397.920,512.190,161.220,365.930,1.0000,-1,-1,-1
758,373,1192.660,480.930,124.550,407.370,1.0000,-1,-1,-1
758,374,1056.450,411.240,145.200,515.740,1.0000,-1,-1,-1
758,375,1098.760,502.840,106.840,340.960,1.0000,-1,-1,-1
758,376,1437.250,546.510,93.710,295.310,1.0000,-1,-1,-1
758,377,1367.070,478.640,130.030,386.410,1.0000,-1,-1,-1
758,379,664.300,438.570,152.640,492.890,1.0000,-1,-1,-1
758,380,495.210,476.920,168.050,425.100,1.0000,-1,-1,-1
758,384,309.610,543.820,101.140,322.360,1.0000,-1,-1,-1
759,371,883.280,528.450,159.520,367.300,1.0000,-1,-1,-1
759,372,421.700,503.110,132.060,374.700,1.0000,-1,-1,-1
759,373,1193.790,497.670,124.700,390.850,1.0000,-1,-1,-1
759,374,1055.520,399.290,146.560,527.440,1.0000,-1,-1,-1
759,375,1103.760,512.510,102.460,333.170,1.0000,-1,-1,-1
759,376,1438.860,547.650,90.300,293.980,1.0000,-1,-1,-1
759,377,1365.170,489.710,133.740,375.230,1.0000,-1,-1,-1
759,379,677.580,451.080,138.980,480.150,1.0000,-1,-1,-1
759,380,520.620,478.670,143.370,423.000,1.0000,-1,-1,-1
759,384,315.200,550.820,90.160,315.630,1.0000,-1,-1,-1
760,371,883.440,534.250,161.920,361.450,1.0000,-1,-1,-1
760,372,435.840,511.040,122.950,366.580,1.0000,-1,-1,-1
760,373,1203.360,504.400,113.640,384.230,1.0000,-1,-1,-1
760,374,1064.180,422.440,137.870,504.410,1.0000,-1,-1,-1
760,375,1116.810,537.360,89.890,307.390,1.0000,-1,-1,-1
760,376,1442.910,552.860,87.610,288.870,1.0000,-1,-1,-1
760,377,1367.950,499.410,128.090,365.600,1.0000,-1,-1,-1
760,379,663.650,472.540,164.850,458.730,1.0000,-1,-1,-1
760,380,546.470,496.260,114.660,405.240,1.0000,-1,-1,-1
760,384,321.550,557.130,82.210,309.320,1.0000,-1,-1,-1
761,371,885.220,538.230,160.600,357.450,1.0000,-1,-1,-1
761,372,439.340,516.940,120.500,360.730,1.0000,-1,-1,-1
761,373,1209.170,507.750,105.460,381.000,1.0000,-1,-1,-1
761,374,1069.340,429.810,133.090,497.150,1.0000,-1,-1,-1
761,375,1118.740,543.730,87.950,300.470,1.0000,-1,-1,-1
761,376,1452.490,554.760,92.930,286.820,1.0000,-1,-1,-1
761,377,1368.350,503.470,138.460,361.630,1.0000,-1,-1,-1
761,379,673.440,477.290,155.960,453.830,1.0000,-1,-1,-1
761,380,553.570,497.230,104.820,404.390,1.0000,-1,-1,-1
761,384,317.960,559.110,85.450,307.280,1.0000,-1,-1,-1
762,371,890.280,544.250,156.800,351.810,1.0000,-1,-1,-1
762,372,437.520,517.280,124.750,360.070,1.0000,-1,-1,-1
762,373,1213.450,512.980,96.650,375.290,1.0000,-1,-1,-1
762,374,1078.800,440.540,124.040,486.550,1.0000,-1,-1,-1
762,375,1123.200,551.780,84.080,292.550,1.0000,-1,-1,-1
762,376,1452.230,557.200,105.990,284.400,1.0000,-1,-1,-1
762,377,1367.460,513.760,142.190,351.180,1.0000,-1,-1,-1
762,379,682.780,489.920,145.640,441.100,1.0000,-1,-1,-1
762,380,547.510,501.730,108.440,400.080,1.0000,-1,-1,-1
762,384,317.750,558.700,85.950,307.640,1.0000,-1,-1,-1
763,371,892.470,544.750,153.470,351.380,1.0000,-1,-1,-1
763,372,436.710,518.670,117.230,358.670,1.0000,-1,-1,-1
763,373,1213.350,513.990,94.060,374.380,1.0000,-1,-1,-1
763,374,1080.550,446.390,122.250,480.680,1.0000,-1,-1,-1
763,375,1124.270,552.140,87.460,292.350,1.0000,-1,-1,-1
763,376,1452.350,556.700,106.040,285.130,1.0000,-1,-1,-1
763,377,1371.290,519.820,141.750,345.240,1.0000,-1,-1,-1
763,379,666.090,494.860,162.610,436.080,1.0000,-1,-1,-1
763,380,551.670,497.350,103.780,404.470,1.0000,-1,-1,-1
763,384,317.160,558.780,86.900,307.600,1.0000,-1,-1,-1
764,371,894.080,542.890,142.020,353.080,1.0000,-1,-1,-1
764,372,433.890,521.120,113.730,356.240,1.0000,-1,-1,-1
764,373,1212.920,509.750,96.130,378.480,1.0000,-1,-1,-1
764,374,1079.450,454.260,128.350,472.900,1.0000,-1,-1,-1
764,375,1123.640,555.250,94.540,289.080,1.0000,-1,-1,-1
764,376,1448.690,556.840,101.980,285.020,1.0000,-1,-1,-1
764,377,1379.170,521.560,123.820,343.430,1.0000,-1,-1,-1
764,379,683.750,494.410,158.460,436.860,1.0000,-1,-1,-1
764,380,550.070,481.270,107.180,420.680,1.0000,-1,-1,-1
764,384,315.730,558.240,89.690,308.280,1.0000,-1,-1,-1
764,386,894.120,542.870,96.240,320.150,1.0000,-1,-1,-1
765,371,892.020,539.830,108.060,356.340,1.0000,-1,-1,-1
765,372,432.360,523.120,112.810,354.210,1.0000,-1,-1,-1
765,373,1211.890,506.530,102.760,381.700,1.0000,-1,-1,-1
765,374,1078.160,456.980,134.080,470.120,1.0000,-1,-1,-1
765,375,1124.560,554.570,94.340,289.890,1.0000,-1,-1,-1
765,376,1448.030,558.430,95.650,283.330,1.0000,-1,-1,-1
765,377,1377.120,524.040,125.350,340.990,1.0000,-1,-1,-1
765,379,693.650,493.190,150.530,438.260,1.0000,-1,-1,-1
765,380,547.940,478.700,117.210,423.220,1.0000,-1,-1,-1
765,384,314.900,557.490,91.530,308.950,1.0000,-1,-1,-1
765,386,892.920,544.430,107.390,317.180,1.0000,-1,-1,-1
766,371,887.610,527.170,127.530,368.680,1.0000,-1,-1,-1
766,372,426.890,522.680,122.180,354.580,1.0000,-1,-1,-1
766,373,1209.810,500.040,110.060,388.230,1.0000,-1,-1,-1
766,374,1076.060,457.780,144.180,469.230,1.0000,-1,-1,-1
766,375,1123.960,548.950,91.090,295.490,1.0000,-1,-1,-1
766,376,1437.800,551.380,88.990,290.460,1.0000,-1,-1,-1
766,377,1371.690,519.330,135.130,345.750,1.0000,-1,-1,-1
766,379,692.160,488.630,153.010,442.650,1.0000,-1,-1,-1
766,380,543.760,474.640,132.810,427.450,1.0000,-1,-1,-1
766,384,313.100,556.630,99.240,309.560,1.0000,-1,-1,-1
766,386,886.770,543.000,117.050,316.110,1.0000,-1,-1,-1
767,371,884.570,517.900,123.630,377.490,1.0000,-1,-1,-1
767,372,426.140,519.040,122.670,358.140,1.0000,-1,-1,-1
767,373,1207.760,495.990,112.270,392.340,1.0000,-1,-1,-1
767,374,1076.200,449.890,146.020,477.140,1.0000,-1,-1,-1
767,375,1124.270,541.830,89.060,302.750,1.0000,-1,-1,-1
767,376,1436.140,547.280,88.340,294.750,1.0000,-1,-1,-1
767,377,1369.210,517.030,144.710,347.960,1.0000,-1,-1,-1
767,379,691.170,484.740,153.810,446.420,1.0000,-1,-1,-1
767,380,542.170,476.020,138.730,426.090,1.0000,-1,-1,-1
767,384,313.240,557.750,102.420,308.460,1.0000,-1,-1,-1
767,386,886.790,533.390,121.930,325.650,1.0000,-1,-1,-1
768,371,883.310,504.020,125.760,390.250,1.0000,-1,-1,-1
768,372,426.170,510.480,115.970,366.870,1.0000,-1,-1,-1
768,373,1205.410,492.810,113.510,395.430,1.0000,-1,-1,-1
768,374,1076.610,438.210,150.680,488.690,1.0000,-1,-1,-1
768,376,1438.650,545.580,93.680,297.080,1.0000,-1,-1,-1
768,377,1367.610,510.970,139.250,354.010,1.0000,-1,-1,-1
768,379,688.400,479.930,153.650,451.470,1.0000,-1,-1,-1
768,380,538.640,485.180,148.060,416.910,1.0000,-1,-1,-1
768,384,314.020,559.190,106.660,306.960,1.0000,-1,-1,-1
769,371,883.890,499.530,122.440,390.460,1.0000,-1,-1,-1
769,372,425.830,508.120,115.940,369.310,1.0000,-1,-1,-1
769,373,1204.650,493.310,112.390,394.240,1.0000,-1,-1,-1
769,374,1075.910,434.690,151.980,492.180,1.0000,-1,-1,-1
769,376,1430.170,543.880,102.920,298.810,1.0000,-1,-1,-1
769,377,1367.660,509.300,133.350,355.630,1.0000,-1,-1,-1
769,379,686.970,479.950,154.450,451.440,1.0000,-1,-1,-1
769,380,535.640,491.960,152.160,410.040,1.0000,-1,-1,-1
769,384,316.120,555.640,100.650,310.410,1.0000,-1,-1,-1
769,386,885.370,601.640,122.410,259.410,1.0000,-1,-1,-1
770,371,880.810,497.060,123.760,386.290,1.0000,-1,-1,-1
770,372,427.490,502.560,114.490,374.980,1.0000,-1,-1,-1
770,373,1205.700,489.620,105.650,397.780,1.0000,-1,-1,-1
770,374,1075.160,425.450,147.630,501.660,1.0000,-1,-1,-1
770,375,1126.250,532.770,91.680,312.490,1.0000,-1,-1,-1
770,376,1432.960,546.010,94.770,296.350,1.0000,-1,-1,-1
770,377,1370.640,516.360,122.020,348.540,1.0000,-1,-1,-1
770,379,686.150,479.900,153.990,451.740,1.0000,-1,-1,-1
770,380,532.660,509.560,155.960,392.330,1.0000,-1,-1,-1
770,384,314.460,549.170,105.420,316.670,1.0000,-1,-1,-1
770,386,874.390,572.240,127.830,285.310,1.0000,-1,-1,-1
771,371,875.200,497.670,120.930,385.560,1.0000,-1,-1,-1
771,372,429.130,501.940,112.490,375.690,1.0000,-1,-1,-1
771,373,1201.310,490.170,107.640,396.780,1.0000,-1,-1,-1
771,374,1075.760,425.020,146.940,502.000,1.0000,-1,-1,-1
771,375,1127.100,545.610,93.140,299.340,1.0000,-1,-1,-1
771,376,1433.580,547.610,90.430,294.410,1.0000,-1,-1,-1
771,377,1368.790,518.110,120.520,346.760,1.0000,-1,-1,-1
771,379,686.460,479.410,156.060,452.660,1.0000,-1,-1,-1
771,380,531.900,514.330,156.830,387.590,1.0000,-1,-1,-1
771,384,308.130,549.570,117.540,316.080,1.0000,-1,-1,-1
771,386,872.200,549.910,123.480,306.230,1.0000,-1,-1,-1
772,371,864.830,499.260,131.320,383.880,1.0000,-1,-1,-1
772,372,431.140,503.530,103.530,374.090,1.0000,-1,-1,-1
772,373,1193.870,504.920,111.250,381.290,1.0000,-1,-1,-1
772,374,1071.930,425.430,144.920,501.560,1.0000,-1,-1,-1
772,375,1128.210,544.730,92.030,299.490,1.0000,-1,-1,-1
772,376,1436.490,549.680,77.920,292.750,1.0000,-1,-1,-1
772,377,1372.860,515.590,112.150,348.790,1.0000,-1,-1,-1
772,379,689.770,479.580,160.060,453.880,1.0000,-1,-1,-1
772,380,529.900,511.260,155.990,390.610,1.0000,-1,-1,-1
772,384,281.180,547.600,154.120,315.230,1.0000,-1,-1,-1
773,371,866.190,499.620,130.470,383.660,1.0000,-1,-1,-1
773,372,421.730,505.870,107.540,371.780,1.0000,-1,-1,-1
773,373,1198.410,517.260,108.160,366.270,1.0000,-1,-1,-1
773,374,1063.410,431.040,153.230,496.870,1.0000,-1,-1,-1
773,375,1131.150,543.560,91.480,300.380,1.0000,-1,-1,-1
773,376,1438.020,548.980,78.160,294.110,1.0000,-1,-1,-1
773,377,1374.490,511.800,113.150,352.020,1.0000,-1,-1,-1
773,379,692.060,480.490,159.910,453.840,1.0000,-1,-1,-1
773,380,528.790,509.190,155.880,392.850,1.0000,-1,-1,-1
773,384,280.130,545.390,164.460,317.460,1.0000,-1,-1,-1
774,371,872.120,499.330,125.170,383.940,1.0000,-1,-1,-1
774,372,404.830,511.380,119.770,366.090,1.0000,-1,-1,-1
774,373,1194.170,531.270,125.380,351.610,1.0000,-1,-1,-1
774,374,1053.850,456.070,164.530,472.870,1.0000,-1,-1,-1
774,376,1437.260,552.680,85.820,288.650,1.0000,-1,-1,-1
774,377,1370.740,506.810,111.440,356.460,1.0000,-1,-1,-1
774,379,702.090,483.450,160.490,451.110,1.0000,-1,-1,-1
774,380,526.450,490.680,160.050,411.220,1.0000,-1,-1,-1
774,384,301.260,544.270,146.470,317.960,1.0000,-1,-1,-1
775,371,876.990,499.560,121.060,384.160,1.0000,-1,-1,-1
775,372,402.370,515.260,122.000,362.440,1.0000,-1,-1,-1
775,373,1185.610,532.090,135.670,350.840,1.0000,-1,-1,-1
775,374,1053.240,458.240,163.960,471.040,1.0000,-1,-1,-1
775,375,1137.370,541.420,82.220,303.070,1.0000,-1,-1,-1
775,376,1440.830,552.830,86.030,287.310,1.0000,-1,-1,-1
775,377,1369.220,506.770,114.230,356.750,1.0000,-1,-1,-1
775,379,707.310,485.380,157.730,449.410,1.0000,-1,-1,-1
775,380,527.280,464.900,159.290,436.990,1.0000,-1,-1,-1
775,384,308.550,545.150,141.350,317.270,1.0000,-1,-1,-1
776,371,879.420,499.220,120.920,384.760,1.0000,-1,-1,-1
776,372,397.730,514.580,127.410,362.570,1.0000,-1,-1,-1
776,373,1183.200,531.820,139.170,351.060,1.0000,-1,-1,-1
776,374,1058.280,457.750,147.890,471.940,1.0000,-1,-1,-1
776,375,1139.670,543.630,79.620,301.170,1.0000,-1,-1,-1
776,376,1437.130,552.690,91.650,285.480,1.0000,-1,-1,-1
776,377,1365.480,509.570,135.310,354.070,1.0000,-1,-1,-1
776,379,701.080,490.120,160.540,445.040,1.0000,-1,-1,-1
776,380,524.830,456.720,155.630,445.470,1.0000,-1,-1,-1
776,384,330.170,535.070,117.610,327.500,1.0000,-1,-1,-1
777,371,881.590,500.250,119.670,383.440,1.0000,-1,-1,-1
777,372,411.990,514.800,112.780,362.150,1.0000,-1,-1,-1
777,373,1185.700,531.010,133.710,352.040,1.0000,-1,-1,-1
777,374,1039.860,458.590,169.800,471.160,1.0000,-1,-1,-1
777,375,1141.610,543.440,79.350,301.490,1.0000,-1,-1,-1
777,376,1436.280,552.720,86.380,285.800,1.0000,-1,-1,-1
777,377,1344.350,511.680,159.590,351.960,1.0000,-1,-1,-1
777,379,698.900,499.350,156.640,435.880,1.0000,-1,-1,-1
777,380,492.590,488.800,183.080,413.940,1.0000,-1,-1,-1
777,384,332.590,548.670,125.240,313.870,1.0000,-1,-1,-1
777,386,862.580,545.200,132.790,311.090,1.0000,-1,-1,-1
778,371,885.580,505.010,120.140,402.080,1.0000,-1,-1,-1
778,372,363.890,519.330,163.520,357.730,1.0000,-1,-1,-1
778,373,1185.400,528.650,116.160,353.830,1.0000,-1,-1,-1
778,374,1026.880,461.150,182.650,468.450,1.0000,-1,-1,-1
778,376,1433.730,552.610,83.850,286.000,1.0000,-1,-1,-1
778,377,1342.140,516.580,154.170,347.090,1.0000,-1,-1,-1
778,379,703.980,498.790,136.400,435.400,1.0000,-1,-1,-1
778,380,461.690,484.190,209.120,420.100,1.0000,-1,-1,-1
778,384,342.000,552.390,117.640,310.630,1.0000,-1,-1,-1
778,386,863.940,539.750,124.610,315.140,1.0000,-1,-1,-1
779,371,886.980,508.140,122.700,402.550,1.0000,-1,-1,-1
779,372,356.150,525.350,169.800,349.980,1.0000,-1,-1,-1
779,373,1195.630,527.080,103.650,355.620,1.0000,-1,-1,-1
779,374,1040.700,462.870,164.470,465.770,1.0000,-1,-1,-1
779,376,1434.690,552.250,82.690,286.100,1.0000,-1,-1,-1
779,377,1342.160,518.990,146.510,344.620,1.0000,-1,-1,-1
779,379,709.100,498.290,125.170,433.500,1.0000,-1,-1,-1
779,380,466.580,484.090,205.270,420.470,1.0000,-1,-1,-1
779,384,348.180,555.310,113.890,307.100,1.0000,-1,-1,-1
779,386,868.140,540.430,109.470,321.030,1.0000,-1,-1,-1
780,371,885.650,510.080,131.870,402.150,1.0000,-1,-1,-1
780,372,383.380,535.110,142.830,337.220,1.0000,-1,-1,-1
780,373,1199.540,523.940,99.330,358.750,1.0000,-1,-1,-1
780,374,1066.670,465.340,129.620,457.700,1.0000,-1,-1,-1
780,375,1135.880,535.250,77.080,311.000,1.0000,-1,-1,-1
780,376,1436.780,551.960,81.150,286.440,1.0000,-1,-1,-1
780,377,1341.220,521.650,149.120,340.640,1.0000,-1,-1,-1
780,379,707.180,499.710,121.210,423.180,1.0000,-1,-1,-1
780,380,482.830,488.330,196.590,416.290,1.0000,-1,-1,-1
780,384,349.740,562.300,109.920,296.490,1.0000,-1,-1,-1
780,386,871.030,538.230,99.850,321.070,1.0000,-1,-1,-1
781,371,885.520,509.740,135.200,407.120,1.0000,-1,-1,-1
781,372,390.740,536.590,132.100,334.200,1.0000,-1,-1,-1
781,373,1197.770,522.650,99.390,360.110,1.0000,-1,-1,-1
781,374,1068.410,467.560,128.680,452.720,1.0000,-1,-1,-1
781,375,1128.920,538.790,84.650,307.340,1.0000,-1,-1,-1
781,376,1435.780,552.110,83.440,285.680,1.0000,-1,-1,-1
781,377,1342.300,521.950,143.480,338.730,1.0000,-1,-1,-1
781,379,703.280,501.530,127.360,410.550,1.0000,-1,-1,-1
781,380,507.390,492.900,175.060,411.630,1.0000,-1,-1,-1
781,384,350.060,567.370,115.390,291.090,1.0000,-1,-1,-1
781,386,868.270,538.350,101.120,316.840,1.0000,-1,-1,-1
782,371,882.010,509.690,145.720,407.850,1.0000,-1,-1,-1
782,372,400.350,545.490,120.130,322.370,1.0000,-1,-1,-1
782,373,1203.550,521.250,92.090,361.740,1.0000,-1,-1,-1
782,374,1068.390,470.580,131.240,446.790,1.0000,-1,-1,-1
782,375,1126.370,547.670,85.750,295.850,1.0000,-1,-1,-1
782,376,1436.390,553.720,89.140,282.230,1.0000,-1,-1,-1
782,377,1351.420,522.870,120.480,333.750,1.0000,-1,-1,-1
782,379,699.550,504.750,131.810,398.690,1.0000,-1,-1,-1
782,380,536.810,501.500,142.060,403.460,1.0000,-1,-1,-1
782,384,352.350,575.540,115.190,281.280,1.0000,-1,-1,-1
782,386,862.330,539.510,102.600,312.780,1.0000,-1,-1,-1
783,371,878.420,510.680,153.750,406.560,1.0000,-1,-1,-1
783,372,401.290,546.170,120.480,321.060,1.0000,-1,-1,-1
783,373,1199.570,521.050,95.880,359.030,1.0000,-1,-1,-1
783,374,1066.410,470.690,134.050,443.590,1.0000,-1,-1,-1
783,375,1123.130,546.540,94.020,288.510,1.0000,-1,-1,-1
783,376,1437.310,555.410,91.710,278.530,1.0000,-1,-1,-1
783,377,1351.200,523.680,111.410,325.740,1.0000,-1,-1,-1
783,379,699.320,504.650,131.660,399.110,1.0000,-1,-1,-1
783,380,545.800,503.500,124.070,401.680,1.0000,-1,-1,-1
783,384,354.680,576.540,111.900,279.140,1.0000,-1,-1,-1
783,386,859.570,539.990,102.120,312.020,1.0000,-1,-1,-1
784,371,877.790,506.820,142.300,410.730,1.0000,-1,-1,-1
784,372,404.900,539.210,121.050,328.290,1.0000,-1,-1,-1
784,373,1199.150,517.180,95.440,348.300,1.0000,-1,-1,-1
784,374,1062.540,466.210,135.790,441.660,1.0000,-1,-1,-1
784,375,1121.250,539.370,90.070,295.560,1.0000,-1,-1,-1
784,376,1433.230,559.230,101.250,270.920,1.0000,-1,-1,-1
784,377,1349.470,521.940,105.010,327.180,1.0000,-1,-1,-1
784,379,706.210,493.650,118.800,410.070,1.0000,-1,-1,-1
784,380,548.320,495.000,115.040,400.960,1.0000,-1,-1,-1
784,384,361.520,569.460,106.510,281.190,1.0000,-1,-1,-1
784,386,858.320,539.670,99.940,312.020,1.0000,-1,-1,-1
785,371,879.520,500.580,130.790,417.030,1.0000,-1,-1,-1
785,372,405.360,533.290,122.780,334.380,1.0000,-1,-1,-1
785,373,1197.820,513.440,94.910,352.080,1.0000,-1,-1,-1
785,374,1060.620,462.550,135.420,441.680,1.0000,-1,-1,-1
785,375,1121.150,533.390,85.340,300.970,1.0000,-1,-1,-1
785,376,1431.820,559.240,103.230,270.740,1.0000,-1,-1,-1
785,377,1348.880,518.300,102.380,330.470,1.0000,-1,-1,-1
785,379,710.970,484.280,115.410,419.370,1.0000,-1,-1,-1
785,380,547.220,488.710,117.770,405.440,1.0000,-1,-1,-1
785,384,363.650,563.020,100.980,287.070,1.0000,-1,-1,-1
785,386,861.490,539.050,99.360,312.580,1.0000,-1,-1,-1
786,371,878.010,478.140,128.070,439.130,1.0000,-1,-1,-1
786,372,411.280,520.350,122.770,347.700,1.0000,-1,-1,-1
786,373,1193.870,503.420,94.660,362.870,1.0000,-1,-1,-1
786,374,1059.460,449.160,123.330,447.970,1.0000,-1,-1,-1
786,375,1120.320,524.200,84.060,306.550,1.0000,-1,-1,-1
786,376,1434.450,552.220,97.970,277.410,1.0000,-1,-1,-1
786,377,1343.930,510.200,104.400,338.030,1.0000,-1,-1,-1
786,379,716.370,468.870,114.740,433.990,1.0000,-1,-1,-1
786,380,545.370,477.230,123.430,408.820,1.0000,-1,-1,-1
786,384,368.260,550.660,90.500,294.840,1.0000,-1,-1,-1
786,386,870.200,546.100,98.040,305.590,1.0000,-1,-1,-1
787,371,876.040,468.550,131.560,444.140,1.0000,-1,-1,-1
787,372,416.450,515.670,120.760,347.740,1.0000,-1,-1,-1
787,373,1186.670,500.420,102.430,357.230,1.0000,-1,-1,-1
787,374,1058.730,445.330,118.620,449.740,1.0000,-1,-1,-1
787,375,1121.940,524.730,80.300,279.020,1.0000,-1,-1,-1
787,376,1430.360,547.770,98.460,281.560,1.0000,-1,-1,-1
787,377,1335.120,507.480,117.990,335.570,1.0000,-1,-1,-1
787,379,717.290,465.000,133.480,427.410,1.0000,-1,-1,-1
787,380,545.680,473.840,126.220,409.240,1.0000,-1,-1,-1
787,384,368.650,546.990,92.260,297.980,1.0000,-1,-1,-1
787,386,872.340,567.910,124.090,284.150,1.0000,-1,-1,-1
788,371,875.310,460.640,173.090,447.120,1.0000,-1,-1,-1
788,372,419.290,514.190,130.400,335.310,1.0000,-1,-1,-1
788,373,1168.030,501.520,140.320,355.520,1.0000,-1,-1,-1
788,374,1056.850,444.420,118.690,445.640,1.0000,-1,-1,-1
788,375,1112.180,521.390,98.060,310.790,1.0000,-1,-1,-1
788,376,1425.900,544.210,100.000,283.380,1.0000,-1,-1,-1
788,377,1317.820,509.470,135.780,331.900,1.0000,-1,-1,-1
788,379,701.710,466.630,169.520,422.870,1.0000,-1,-1,-1
788,380,541.980,474.670,134.020,405.820,1.0000,-1,-1,-1
788,384,365.440,547.160,106.570,297.750,1.0000,-1,-1,-1
789,371,855.790,460.590,202.300,451.470,1.0000,-1,-1,-1
789,372,420.490,515.210,140.830,340.900,1.0000,-1,-1,-1
789,373,1160.520,506.290,151.360,351.390,1.0000,-1,-1,-1
789,374,1046.170,448.000,129.860,441.700,1.0000,-1,-1,-1
789,375,1109.850,520.660,103.960,310.240,1.0000,-1,-1,-1
789,376,1415.930,544.990,110.370,282.680,1.0000,-1,-1,-1
789,377,1313.010,513.510,141.120,329.810,1.0000,-1,-1,-1
789,379,701.390,471.850,177.230,424.780,1.0000,-1,-1,-1
789,380,531.230,478.510,149.600,405.960,1.0000,-1,-1,-1
789,384,362.210,550.120,120.410,295.000,1.0000,-1,-1,-1
790,371,844.890,469.900,213.470,450.830,1.0000,-1,-1,-1
790,372,418.060,522.700,157.740,336.340,1.0000,-1,-1,-1
790,373,1157.050,521.310,155.850,335.640,1.0000,-1,-1,-1
790,374,1029.560,460.100,148.050,428.160,1.0000,-1,-1,-1
790,375,1098.600,526.570,120.930,304.330,1.0000,-1,-1,-1
790,376,1411.730,553.700,120.100,274.360,1.0000,-1,-1,-1
790,377,1312.140,525.950,140.600,317.180,1.0000,-1,-1,-1
790,379,703.110,487.730,177.990,407.870,1.0000,-1,-1,-1
790,380,527.760,492.770,164.160,389.740,1.0000,-1,-1,-1
790,384,354.390,558.330,135.660,286.680,1.0000,-1,-1,-1
791,371,845.070,475.980,213.590,444.560,1.0000,-1,-1,-1
791,372,416.860,527.610,160.650,331.200,1.0000,-1,-1,-1
791,373,1156.960,528.080,156.110,329.130,1.0000,-1,-1,-1
791,374,1028.770,467.080,148.960,421.400,1.0000,-1,-1,-1
791,375,1098.830,540.260,120.610,290.640,1.0000,-1,-1,-1
791,376,1409.960,557.020,121.660,270.960,1.0000,-1,-1,-1
791,377,1311.800,530.710,141.090,312.260,1.0000,-1,-1,-1
791,379,702.700,495.550,179.440,398.860,1.0000,-1,-1,-1
791,380,528.080,500.460,164.870,382.000,1.0000,-1,-1,-1
791,384,353.390,560.610,136.590,283.780,1.0000,-1,-1,-1
792,371,844.810,480.400,213.720,440.030,1.0000,-1,-1,-1
792,372,414.780,532.640,163.280,326.090,1.0000,-1,-1,-1
792,373,1156.520,532.480,157.090,325.310,1.0000,-1,-1,-1
792,374,1030.180,469.530,157.330,418.820,1.0000,-1,-1,-1
792,375,1098.710,544.510,120.900,286.340,1.0000,-1,-1,-1
792,376,1410.390,557.510,121.060,270.610,1.0000,-1,-1,-1
792,377,1312.040,530.710,140.820,312.260,1.0000,-1,-1,-1
792,379,702.850,502.650,184.490,391.390,1.0000,-1,-1,-1
792,380,527.890,505.490,164.370,376.910,1.0000,-1,-1,-1
792,384,355.630,563.990,134.510,280.400,1.0000,-1,-1,-1
793,371,844.910,481.340,213.510,439.070,1.0000,-1,-1,-1
793,372,409.160,533.650,169.380,324.910,1.0000,-1,-1,-1
793,373,1156.630,532.090,156.920,325.460,1.0000,-1,-1,-1
793,374,1030.070,469.500,160.670,418.670,1.0000,-1,-1,-1
793,375,1098.400,549.680,121.370,281.750,1.0000,-1,-1,-1
793,376,1410.490,556.890,121.320,271.370,1.0000,-1,-1,-1
793,377,1311.490,530.550,141.660,312.600,1.0000,-1,-1,-1
793,379,702.260,505.000,185.870,388.710,1.0000,-1,-1,-1
793,380,527.870,506.190,166.220,376.320,1.0000,-1,-1,-1
793,384,357.880,565.880,132.320,278.500,1.0000,-1,-1,-1
794,371,845.140,483.780,213.290,436.190,1.0000,-1,-1,-1
794,372,401.640,540.770,177.520,318.040,1.0000,-1,-1,-1
794,373,1156.190,532.990,157.390,323.770,1.0000,-1,-1,-1
794,374,1030.230,472.380,167.040,415.580,1.0000,-1,-1,-1
794,375,1097.520,551.080,124.530,280.520,1.0000,-1,-1,-1
794,376,1409.490,559.100,122.690,269.170,1.0000,-1,-1,-1
794,377,1302.730,534.860,166.100,308.050,1.0000,-1,-1,-1
794,379,701.460,508.180,185.840,385.660,1.0000,-1,-1,-1
794,380,527.380,508.810,171.750,373.260,1.0000,-1,-1,-1
794,384,362.160,571.020,128.240,273.380,1.0000,-1,-1,-1
795,371,845.390,484.500,212.990,435.520,1.0000,-1,-1,-1
795,372,417.740,545.640,161.300,313.350,1.0000,-1,-1,-1
795,373,1155.060,537.160,158.520,319.370,1.0000,-1,-1,-1
795,374,1030.690,476.090,158.220,411.870,1.0000,-1,-1,-1
795,375,1097.390,553.840,126.420,277.460,1.0000,-1,-1,-1
795,376,1409.010,561.060,128.410,266.980,1.0000,-1,-1,-1
795,377,1301.340,540.050,173.640,302.990,1.0000,-1,-1,-1
795,379,701.430,508.780,186.680,385.100,1.0000,-1,-1,-1
795,380,526.750,511.980,177.180,371.550,1.0000,-1,-1,-1
795,384,364.330,572.800,125.950,271.560,1.0000,-1,-1,-1
796,371,845.070,483.240,213.030,436.130,1.0000,-1,-1,-1
796,372,424.600,542.650,154.130,316.270,1.0000,-1,-1,-1
796,373,1154.400,548.040,160.560,308.570,1.0000,-1,-1,-1
796,374,1029.720,484.540,157.500,403.720,1.0000,-1,-1,-1
796,375,1097.510,558.700,123.220,272.230,1.0000,-1,-1,-1
796,376,1408.610,561.920,147.590,266.370,1.0000,-1,-1,-1
796,377,1307.830,544.440,169.290,298.530,1.0000,-1,-1,-1
796,379,701.120,507.400,192.500,386.370,1.0000,-1,-1,-1
796,380,529.170,510.930,188.550,371.170,1.0000,-1,-1,-1
796,384,366.210,569.660,123.980,274.770,1.0000,-1,-1,-1
797,371,845.840,482.330,211.980,436.730,1.0000,-1,-1,-1
797,372,425.030,537.090,153.570,321.590,1.0000,-1,-1,-1
797,373,1155.040,548.270,168.570,308.350,1.0000,-1,-1,-1
797,374,1030.480,484.930,156.460,403.140,1.0000,-1,-1,-1
797,375,1097.430,555.600,123.070,275.250,1.0000,-1,-1,-1
797,376,1407.820,560.270,155.370,268.140,1.0000,-1,-1,-1
797,377,1309.360,540.310,176.660,302.190,1.0000,-1,-1,-1
797,379,698.830,505.340,205.810,388.460,1.0000,-1,-1,-1
797,380,531.850,509.180,190.420,370.310,1.0000,-1,-1,-1
797,384,366.240,565.510,123.720,279.130,1.0000,-1,-1,-1
797,387,716.690,550.060,122.390,282.060,1.0000,-1,-1,-1
798,371,836.940,481.590,221.210,437.100,1.0000,-1,-1,-1
798,372,433.240,533.500,154.020,324.630,1.0000,-1,-1,-1
798,373,1155.410,537.130,171.110,319.310,1.0000,-1,-1,-1
798,374,1014.980,478.930,171.860,406.670,1.0000,-1,-1,-1
798,375,1093.920,535.770,126.430,295.050,1.0000,-1,-1,-1
798,376,1401.100,557.410,157.650,271.060,1.0000,-1,-1,-1
798,377,1297.100,530.630,192.430,310.870,1.0000,-1,-1,-1
798,379,678.030,504.640,211.330,391.810,1.0000,-1,-1,-1
798,380,530.070,503.900,193.450,375.050,1.0000,-1,-1,-1
798,384,366.800,558.400,121.430,285.250,1.0000,-1,-1,-1
798,386,868.560,559.190,175.670,291.100,1.0000,-1,-1,-1
798,387,708.190,552.790,132.450,281.210,1.0000,-1,-1,-1
799,371,826.340,483.840,231.950,435.000,1.0000,-1,-1,-1
799,372,433.110,534.620,156.560,322.800,1.0000,-1,-1,-1
799,373,1151.030,532.530,175.320,324.200,1.0000,-1,-1,-1
799,374,1005.210,477.250,184.390,408.980,1.0000,-1,-1,-1
799,375,1089.660,540.460,131.070,291.200,1.0000,-1,-1,-1
799,376,1391.510,559.040,158.200,269.070,1.0000,-1,-1,-1
799,377,1291.420,528.700,168.340,312.380,1.0000,-1,-1,-1
799,379,662.530,506.140,243.010,391.630,1.0000,-1,-1,-1
799,380,524.530,503.980,200.350,376.090,1.0000,-1,-1,-1
799,384,364.240,559.380,124.280,284.700,1.0000,-1,-1,-1
799,386,865.050,547.410,182.270,302.370,1.0000,-1,-1,-1
799,387,708.580,545.100,137.760,289.760,1.0000,-1,-1,-1
800,371,823.750,487.040,234.600,431.940,1.0000,-1,-1,-1
800,372,430.350,530.130,159.900,327.900,1.0000,-1,-1,-1
800,373,1140.270,532.830,173.360,324.300,1.0000,-1,-1,-1
800,374,997.090,481.200,194.650,405.280,1.0000,-1,-1,-1
800,375,1074.430,545.560,139.300,286.380,1.0000,-1,-1,-1
800,376,1385.700,563.430,148.250,264.600,1.0000,-1,-1,-1
800,377,1291.140,533.760,164.370,308.650,1.0000,-1,-1,-1
800,379,660.980,507.820,229.500,390.460,1.0000,-1,-1,-1
800,380,509.820,509.590,207.580,371.470,1.0000,-1,-1,-1
800,384,368.030,565.100,121.500,279.900,1.0000,-1,-1,-1
800,386,864.920,542.940,182.110,306.890,1.0000,-1,-1,-1
800,387,708.930,537.670,137.890,295.980,1.0000,-1,-1,-1
801,371,824.740,485.430,233.680,433.310,1.0000,-1,-1,-1
801,372,430.730,529.870,159.290,328.150,1.0000,-1,-1,-1
801,373,1138.630,528.560,175.100,328.330,1.0000,-1,-1,-1
801,374,996.520,486.720,194.980,399.560,1.0000,-1,-1,-1
801,375,1072.460,548.280,141.370,283.160,1.0000,-1,-1,-1
801,376,1386.490,563.760,147.330,264.120,1.0000,-1,-1,-1
801,377,1290.450,534.830,165.580,307.590,1.0000,-1,-1,-1
801,379,660.660,509.660,230.830,388.640,1.0000,-1,-1,-1
801,380,519.340,507.720,196.590,373.140,1.0000,-1,-1,-1
801,384,365.600,565.900,125.300,279.270,1.0000,-1,-1,-1
801,386,864.720,540.680,182.380,310.290,1.0000,-1,-1,-1
801,387,712.360,537.370,146.070,296.700,1.0000,-1,-1,-1
802,371,830.710,481.620,227.970,437.790,1.0000,-1,-1,-1
802,372,433.880,531.510,156.160,325.750,1.0000,-1,-1,-1
802,373,1134.030,512.540,179.970,344.530,1.0000,-1,-1,-1
802,374,999.010,486.960,192.510,397.900,1.0000,-1,-1,-1
802,375,1070.290,545.840,143.920,283.990,1.0000,-1,-1,-1
802,376,1388.890,561.010,144.950,267.000,1.0000,-1,-1,-1
802,377,1299.600,531.660,155.060,310.180,1.0000,-1,-1,-1
802,379,663.270,506.540,231.660,391.910,1.0000,-1,-1,-1
802,380,529.300,510.600,181.180,369.160,1.0000,-1,-1,-1
802,384,365.240,561.890,123.750,283.340,1.0000,-1,-1,-1
802,387,706.930,542.230,143.730,293.210,1.0000,-1,-1,-1
803,371,840.490,481.960,217.550,437.570,1.0000,-1,-1,-1
803,372,434.630,528.990,156.400,328.000,1.0000,-1,-1,-1
803,373,1134.740,507.220,179.270,349.330,1.0000,-1,-1,-1
803,374,1005.730,483.330,184.370,403.750,1.0000,-1,-1,-1
803,375,1071.980,547.150,142.400,283.270,1.0000,-1,-1,-1
803,376,1397.810,560.050,136.120,268.130,1.0000,-1,-1,-1
803,377,1305.540,532.250,148.950,309.910,1.0000,-1,-1,-1
803,379,670.210,504.690,220.490,393.780,1.0000,-1,-1,-1
803,380,532.050,509.510,175.300,368.650,1.0000,-1,-1,-1
803,384,370.210,561.240,119.040,283.980,1.0000,-1,-1,-1
803,386,867.390,536.270,180.980,315.020,1.0000,-1,-1,-1
803,387,708.830,539.330,142.870,295.820,1.0000,-1,-1,-1
804,371,852.270,487.640,209.060,430.680,1.0000,-1,-1,-1
804,372,435.610,531.960,168.350,326.040,1.0000,-1,-1,-1
804,373,1139.780,524.290,174.730,333.200,1.0000,-1,-1,-1
804,374,1021.020,477.760,167.400,413.280,1.0000,-1,-1,-1
804,375,1075.890,549.760,138.580,281.230,1.0000,-1,-1,-1
804,376,1400.910,564.240,132.510,263.920,1.0000,-1,-1,-1
804,377,1305.450,536.140,165.190,305.280,1.0000,-1,-1,-1
804,379,691.770,504.430,201.970,393.130,1.0000,-1,-1,-1
804,380,535.830,511.610,188.480,367.110,1.0000,-1,-1,-1
804,384,370.070,562.870,126.300,282.320,1.0000,-1,-1,-1
805,371,851.820,492.540,217.240,426.330,1.0000,-1,-1,-1
805,372,435.390,536.400,175.140,321.620,1.0000,-1,-1,-1
805,373,1145.450,538.220,168.600,319.710,1.0000,-1,-1,-1
805,374,1021.610,477.160,180.490,411.060,1.0000,-1,-1,-1
805,375,1074.660,551.500,138.690,280.030,1.0000,-1,-1,-1
805,376,1401.080,566.870,132.980,261.560,1.0000,-1,-1,-1
805,377,1304.780,538.070,167.430,303.330,1.0000,-1,-1,-1
805,379,700.150,505.090,195.930,391.280,1.0000,-1,-1,-1
805,380,534.600,515.020,196.310,363.630,1.0000,-1,-1,-1
805,384,369.740,563.450,129.160,281.670,1.0000,-1,-1,-1
806,371,851.770,495.980,223.930,422.960,1.0000,-1,-1,-1
806,372,435.120,537.280,175.290,320.780,1.0000,-1,-1,-1
806,373,1145.670,539.140,168.090,318.680,1.0000,-1,-1,-1
806,374,1019.650,481.210,193.220,407.030,1.0000,-1,-1,-1
806,375,1073.030,552.310,140.630,279.540,1.0000,-1,-1,-1
806,376,1402.060,564.470,135.450,263.470,1.0000,-1,-1,-1
806,377,1303.950,536.800,163.870,304.910,1.0000,-1,-1,-1
806,379,697.230,504.660,200.940,391.920,1.0000,-1,-1,-1
806,380,534.450,515.380,205.860,362.760,1.0000,-1,-1,-1
806,384,369.940,562.090,127.300,282.720,1.0000,-1,-1,-1
807,371,851.390,492.100,224.250,426.720,1.0000,-1,-1,-1
807,372,435.200,535.330,172.910,322.800,1.0000,-1,-1,-1
807,373,1145.480,535.430,168.160,322.230,1.0000,-1,-1,-1
807,374,1016.460,482.100,196.220,406.670,1.0000,-1,-1,-1
807,375,1073.380,549.940,140.420,281.830,1.0000,-1,-1,-1
807,376,1401.830,561.560,136.980,266.600,1.0000,-1,-1,-1
807,377,1301.160,533.990,161.340,307.470,1.0000,-1,-1,-1
807,379,698.850,503.900,199.370,392.690,1.0000,-1,-1,-1
807,380,534.310,512.820,194.100,365.890,1.0000,-1,-1,-1
807,384,369.920,555.220,125.750,289.360,1.0000,-1,-1,-1
808,371,847.700,480.720,225.430,437.600,1.0000,-1,-1,-1
808,372,436.470,530.890,168.810,327.560,1.0000,-1,-1,-1
808,373,1146.460,529.050,166.370,328.470,1.0000,-1,-1,-1
808,374,1018.090,472.370,186.960,416.390,1.0000,-1,-1,-1
808,375,1075.190,544.710,137.700,286.850,1.0000,-1,-1,-1
808,376,1397.580,556.980,136.240,271.680,1.0000,-1,-1,-1
808,377,1304.390,531.330,151.440,310.150,1.0000,-1,-1,-1
808,379,697.600,500.930,200.450,396.160,1.0000,-1,-1,-1
808,380,533.950,502.570,181.410,376.690,1.0000,-1,-1,-1
808,384,370.150,520.950,120.040,323.740,1.0000,-1,-1,-1
808,387,724.490,528.670,135.780,303.440,1.0000,-1,-1,-1
809,371,849.620,476.660,222.270,441.430,1.0000,-1,-1,-1
809,372,435.420,503.300,168.800,353.870,1.0000,-1,-1,-1
809,373,1146.620,518.010,168.000,338.570,1.0000,-1,-1,-1
809,374,1018.730,438.930,179.850,450.010,1.0000,-1,-1,-1
809,375,1075.290,533.650,137.780,298.010,1.0000,-1,-1,-1
809,376,1398.950,529.240,133.930,298.990,1.0000,-1,-1,-1
809,377,1303.420,521.890,146.170,319.190,1.0000,-1,-1,-1
809,379,699.060,474.620,198.740,422.740,1.0000,-1,-1,-1
809,380,532.970,472.460,177.480,406.900,1.0000,-1,-1,-1
809,384,370.100,518.920,120.490,325.930,1.0000,-1,-1,-1
809,386,854.720,507.370,170.640,341.910,1.0000,-1,-1,-1
809,387,714.270,512.700,157.940,319.640,1.0000,-1,-1,-1
810,371,849.360,401.820,215.750,516.220,1.0000,-1,-1,-1
810,372,439.820,463.250,159.130,393.920,1.0000,-1,-1,-1
810,373,1145.590,467.350,175.110,390.050,1.0000,-1,-1,-1
810,374,1028.150,399.580,163.030,484.170,1.0000,-1,-1,-1
810,375,1073.830,504.780,140.280,327.560,1.0000,-1,-1,-1
810,376,1400.000,512.380,132.770,315.730,1.0000,-1,-1,-1
810,377,1300.850,486.080,148.780,354.380,1.0000,-1,-1,-1
810,379,698.910,431.220,198.060,466.550,1.0000,-1,-1,-1
810,380,528.840,423.330,179.500,455.020,1.0000,-1,-1,-1
810,384,370.050,531.860,120.740,313.170,1.0000,-1,-1,-1
810,387,714.160,482.380,143.380,350.290,1.0000,-1,-1,-1
811,371,839.910,386.560,224.350,531.370,1.0000,-1,-1,-1
811,372,439.620,470.240,157.760,387.810,1.0000,-1,-1,-1
811,373,1145.210,462.710,175.780,395.500,1.0000,-1,-1,-1
811,374,1029.010,399.090,163.610,484.830,1.0000,-1,-1,-1
811,375,1073.170,510.330,140.990,322.160,1.0000,-1,-1,-1
811,376,1400.370,516.280,133.070,311.660,1.0000,-1,-1,-1
811,377,1298.170,493.840,151.360,346.580,1.0000,-1,-1,-1
811,379,698.570,438.860,197.770,459.200,1.0000,-1,-1,-1
811,380,526.330,432.820,181.210,446.240,1.0000,-1,-1,-1
811,384,370.020,547.330,120.590,297.730,1.0000,-1,-1,-1
811,386,834.860,537.810,189.520,309.660,1.0000,-1,-1,-1
812,371,844.080,402.270,228.760,516.180,1.0000,-1,-1,-1
812,372,440.050,520.520,156.450,338.210,1.0000,-1,-1,-1
812,373,1143.330,487.260,180.460,370.170,1.0000,-1,-1,-1
812,374,1028.950,434.010,168.710,452.760,1.0000,-1,-1,-1
812,375,1072.120,545.220,141.820,286.030,1.0000,-1,-1,-1
812,376,1397.360,544.530,135.910,283.820,1.0000,-1,-1,-1
812,377,1291.550,545.640,158.170,294.900,1.0000,-1,-1,-1
812,379,696.040,475.870,200.320,422.470,1.0000,-1,-1,-1
812,380,520.920,496.910,188.310,382.620,1.0000,-1,-1,-1
812,384,371.650,568.430,119.370,276.120,1.0000,-1,-1,-1
812,386,837.860,548.870,188.040,296.600,1.0000,-1,-1,-1
813,371,849.220,422.270,222.530,496.400,1.0000,-1,-1,-1
813,372,442.380,548.160,154.830,310.020,1.0000,-1,-1,-1
813,373,1142.750,510.080,177.700,346.790,1.0000,-1,-1,-1
813,374,1028.430,454.180,168.910,434.080,1.0000,-1,-1,-1
813,375,1072.550,549.980,141.790,281.730,1.0000,-1,-1,-1
813,376,1393.260,562.310,137.510,265.190,1.0000,-1,-1,-1
813,377,1291.720,550.450,157.720,290.600,1.0000,-1,-1,-1
813,379,693.510,509.440,203.210,388.720,1.0000,-1,-1,-1
813,380,518.430,526.480,205.620,352.940,1.0000,-1,-1,-1
813,384,376.430,574.680,116.680,270.090,1.0000,-1,-1,-1
813,386,849.900,552.800,175.470,292.580,1.0000,-1,-1,-1
814,371,850.930,475.510,206.160,442.980,1.0000,-1,-1,-1
814,372,440.290,564.840,163.180,293.350,1.0000,-1,-1,-1
814,373,1142.750,525.700,175.090,329.700,1.0000,-1,-1,-1
814,374,1026.190,515.470,169.310,373.530,1.0000,-1,-1,-1
814,375,1071.070,558.610,144.470,273.470,1.0000,-1,-1,-1
814,376,1378.240,574.550,143.240,252.790,1.0000,-1,-1,-1
814,377,1287.580,571.760,171.910,270.260,1.0000,-1,-1,-1
814,379,692.590,546.920,203.760,350.910,1.0000,-1,-1,-1
814,380,522.710,540.700,213.430,339.370,1.0000,-1,-1,-1
814,384,377.850,594.790,120.870,250.620,1.0000,-1,-1,-1
814,387,694.440,572.230,157.350,263.190,1.0000,-1,-1,-1
815,371,848.630,481.660,205.250,437.350,1.0000,-1,-1,-1
815,372,440.480,574.760,158.600,283.350,1.0000,-1,-1,-1
815,373,1128.820,545.240,189.590,310.020,1.0000,-1,-1,-1
815,374,1028.550,534.160,167.290,353.360,1.0000,-1,-1,-1
815,375,1070.630,560.040,145.690,271.140,1.0000,-1,-1,-1
815,376,1375.960,582.120,151.930,244.740,1.0000,-1,-1,-1
815,377,1285.670,581.670,165.300,260.920,1.0000,-1,-1,-1
815,379,692.620,565.180,204.910,332.710,1.0000,-1,-1,-1
815,380,523.400,550.630,214.030,329.670,1.0000,-1,-1,-1
815,384,377.370,607.210,119.990,238.310,1.0000,-1,-1,-1
815,387,694.910,582.800,154.860,251.850,1.0000,-1,-1,-1
816,371,837.910,498.240,216.140,421.380,1.0000,-1,-1,-1
816,372,440.720,585.970,158.130,272.340,1.0000,-1,-1,-1
816,373,1125.920,545.450,193.150,310.760,1.0000,-1,-1,-1
816,374,1026.690,560.080,168.600,326.990,1.0000,-1,-1,-1
816,375,1072.170,575.370,145.540,257.740,1.0000,-1,-1,-1
816,376,1373.610,600.270,146.880,228.220,1.0000,-1,-1,-1
816,377,1285.170,587.430,174.520,255.450,1.0000,-1,-1,-1
816,379,692.600,600.530,204.270,297.610,1.0000,-1,-1,-1
816,380,522.720,585.160,212.440,295.050,1.0000,-1,-1,-1
816,384,367.770,625.660,125.130,220.460,1.0000,-1,-1,-1
816,387,692.330,602.600,156.940,232.210,1.0000,-1,-1,-1
817,371,837.260,507.350,216.740,412.410,1.0000,-1,-1,-1
817,372,440.550,600.490,158.400,257.950,1.0000,-1,-1,-1
817,373,1125.650,542.200,193.630,315.490,1.0000,-1,-1,-1
817,374,1026.430,568.380,169.490,318.810,1.0000,-1,-1,-1
817,375,1074.290,587.560,142.240,244.420,1.0000,-1,-1,-1
817,376,1373.540,610.500,146.950,217.230,1.0000,-1,-1,-1
817,377,1284.880,594.340,182.570,248.180,1.0000,-1,-1,-1
817,379,692.720,612.090,204.370,286.090,1.0000,-1,-1,-1
817,380,522.910,605.970,184.740,274.130,1.0000,-1,-1,-1
817,384,365.090,629.940,126.940,216.100,1.0000,-1,-1,-1
817,387,693.680,604.570,153.820,231.390,1.0000,-1,-1,-1
818,371,836.580,510.770,217.510,408.930,1.0000,-1,-1,-1
818,372,441.490,649.910,157.820,208.670,1.0000,-1,-1,-1
818,373,1127.750,550.160,191.960,305.490,1.0000,-1,-1,-1
818,374,997.350,585.900,203.300,301.140,1.0000,-1,-1,-1
818,375,1017.080,619.780,200.940,213.820,1.0000,-1,-1,-1
818,376,1372.440,622.580,147.900,205.820,1.0000,-1,-1,-1
818,377,1286.270,616.840,180.960,225.320,1.0000,-1,-1,-1
818,379,692.260,618.740,209.350,279.580,1.0000,-1,-1,-1
818,380,523.060,627.580,193.930,252.570,1.0000,-1,-1,-1
818,384,364.550,639.860,131.510,206.130,1.0000,-1,-1,-1
818,386,848.830,643.160,185.070,201.220,1.0000,-1,-1,-1
818,387,692.240,621.780,166.680,212.640,1.0000,-1,-1,-1
819,371,837.160,501.790,216.310,417.940,1.0000,-1,-1,-1
819,372,441.160,652.250,157.650,206.600,1.0000,-1,-1,-1
819,373,1127.350,560.160,192.020,295.630,1.0000,-1,-1,-1
819,374,981.610,598.480,235.970,288.750,1.0000,-1,-1,-1
819,376,1372.660,627.900,147.550,199.960,1.0000,-1,-1,-1
819,377,1286.370,628.480,176.430,213.550,1.0000,-1,-1,-1
819,379,692.100,612.240,206.210,285.770,1.0000,-1,-1,-1
819,380,523.020,630.180,198.430,249.870,1.0000,-1,-1,-1
819,384,364.950,648.560,133.710,197.550,1.0000,-1,-1,-1
819,386,852.490,641.560,176.800,200.940,1.0000,-1,-1,-1
820,371,846.360,477.210,206.860,441.390,1.0000,-1,-1,-1
820,372,439.780,645.220,159.400,213.220,1.0000,-1,-1,-1
820,373,1127.470,587.650,191.280,267.710,1.0000,-1,-1,-1
820,374,983.140,611.200,228.970,276.220,1.0000,-1,-1,-1
820,376,1374.180,626.600,146.080,201.550,1.0000,-1,-1,-1
820,377,1286.380,619.310,175.580,222.650,1.0000,-1,-1,-1
820,379,692.920,581.200,207.760,316.850,1.0000,-1,-1,-1
820,380,520.900,616.510,214.860,263.370,1.0000,-1,-1,-1
820,384,368.540,650.130,135.750,195.930,1.0000,-1,-1,-1
820,386,869.980,634.250,160.030,208.510,1.0000,-1,-1,-1
821,371,856.900,467.410,223.480,449.370,1.0000,-1,-1,-1
821,372,439.230,636.280,160.450,222.530,1.0000,-1,-1,-1
821,373,1127.780,604.370,191.690,251.210,1.0000,-1,-1,-1
821,374,993.450,595.970,202.060,290.970,1.0000,-1,-1,-1
821,376,1372.530,625.030,147.410,203.220,1.0000,-1,-1,-1
821,377,1285.660,609.850,187.750,232.170,1.0000,-1,-1,-1
821,379,694.630,550.990,204.300,347.430,1.0000,-1,-1,-1
821,380,520.300,599.390,201.380,280.400,1.0000,-1,-1,-1
821,384,373.460,648.090,128.440,198.010,1.0000,-1,-1,-1
822,371,886.730,452.240,183.060,461.510,1.0000,-1,-1,-1
822,372,439.100,605.110,160.360,253.890,1.0000,-1,-1,-1
822,373,1127.850,592.530,191.340,263.070,1.0000,-1,-1,-1
822,374,1023.950,539.910,170.950,347.970,1.0000,-1,-1,-1
822,375,1069.620,587.310,148.430,245.040,1.0000,-1,-1,-1
822,376,1374.690,616.430,151.500,210.590,1.0000,-1,-1,-1
822,377,1286.940,580.820,181.610,261.030,1.0000,-1,-1,-1
822,379,708.590,499.090,169.320,395.790,1.0000,-1,-1,-1
822,380,524.590,544.370,184.870,335.410,1.0000,-1,-1,-1
822,384,377.520,641.040,118.870,205.070,1.0000,-1,-1,-1
822,386,861.270,599.310,166.080,249.940,1.0000,-1,-1,-1
823,371,892.290,415.300,146.370,501.410,1.0000,-1,-1,-1
823,372,439.270,580.930,159.820,277.940,1.0000,-1,-1,-1
823,373,1127.740,580.060,191.600,276.110,1.0000,-1,-1,-1
823,374,1024.820,512.050,167.960,375.990,1.0000,-1,-1,-1
823,375,1068.820,603.490,146.620,227.970,1.0000,-1,-1,-1
823,376,1374.540,610.080,151.110,218.500,1.0000,-1,-1,-1
823,377,1289.950,562.710,179.150,279.610,1.0000,-1,-1,-1
823,379,722.170,475.420,141.230,419.010,1.0000,-1,-1,-1
823,380,532.370,517.830,177.380,361.200,1.0000,-1,-1,-1
823,384,377.610,635.630,117.270,210.560,1.0000,-1,-1,-1
823,386,860.330,579.940,168.530,270.050,1.0000,-1,-1,-1
823,387,700.960,547.740,147.290,288.430,1.0000,-1,-1,-1
824,371,895.660,394.630,110.210,522.390,1.0000,-1,-1,-1
824,372,447.330,528.460,165.390,326.890,1.0000,-1,-1,-1
824,373,1130.570,552.790,188.990,303.790,1.0000,-1,-1,-1
824,374,1030.670,465.820,163.980,421.940,1.0000,-1,-1,-1
824,375,1065.180,599.650,150.570,232.180,1.0000,-1,-1,-1
824,376,1375.010,593.270,144.930,233.160,1.0000,-1,-1,-1
824,377,1311.950,531.810,142.260,308.380,1.0000,-1,-1,-1
824,379,744.510,403.650,108.100,491.210,1.0000,-1,-1,-1
824,380,559.040,475.420,136.650,397.980,1.0000,-1,-1,-1
824,384,377.750,618.330,113.880,227.920,1.0000,-1,-1,-1
824,386,864.340,569.710,170.210,281.650,1.0000,-1,-1,-1
824,387,720.000,496.450,126.970,338.200,1.0000,-1,-1,-1
825,371,890.990,397.320,113.650,519.870,1.0000,-1,-1,-1
825,372,462.310,503.250,166.820,344.740,1.0000,-1,-1,-1
825,373,1138.030,538.650,204.250,318.500,1.0000,-1,-1,-1
825,374,1038.550,446.700,153.520,437.780,1.0000,-1,-1,-1
825,375,1063.540,591.010,152.970,241.660,1.0000,-1,-1,-1
825,376,1375.690,582.720,144.380,243.570,1.0000,-1,-1,-1
825,377,1331.110,519.770,117.060,319.860,1.0000,-1,-1,-1
825,379,728.240,399.740,123.520,494.680,1.0000,-1,-1,-1
825,380,575.970,446.550,139.080,424.530,1.0000,-1,-1,-1
825,384,377.740,606.560,114.200,239.740,1.0000,-1,-1,-1
825,386,863.310,566.880,179.610,284.780,1.0000,-1,-1,-1
825,387,713.220,510.270,136.570,324.210,1.0000,-1,-1,-1
826,371,864.950,406.690,137.970,510.680,1.0000,-1,-1,-1
826,372,476.150,467.160,113.900,388.030,1.0000,-1,-1,-1
826,373,1146.140,517.420,161.380,339.120,1.0000,-1,-1,-1
826,374,1044.950,393.110,160.490,493.380,1.0000,-1,-1,-1
826,375,1069.220,570.930,147.940,261.500,1.0000,-1,-1,-1
826,376,1384.170,565.280,175.550,260.190,1.0000,-1,-1,-1
826,377,1338.380,495.370,94.490,345.430,1.0000,-1,-1,-1
826,379,708.800,448.040,147.480,446.660,1.0000,-1,-1,-1
826,380,595.720,403.070,122.510,476.660,1.0000,-1,-1,-1
826,384,378.790,578.710,113.540,267.240,1.0000,-1,-1,-1
826,386,865.600,552.360,178.380,299.730,1.0000,-1,-1,-1
826,387,697.690,512.920,161.680,322.860,1.0000,-1,-1,-1
827,371,851.000,416.410,188.730,500.860,1.0000,-1,-1,-1
827,372,486.030,474.970,94.690,380.790,1.0000,-1,-1,-1
827,373,1156.770,491.100,134.510,365.470,1.0000,-1,-1,-1
827,374,1031.850,381.900,158.540,505.440,1.0000,-1,-1,-1
827,375,1087.060,560.910,130.710,268.750,1.0000,-1,-1,-1
827,376,1410.700,558.730,155.970,266.660,1.0000,-1,-1,-1
827,377,1338.270,481.170,91.590,359.930,1.0000,-1,-1,-1
827,379,698.290,440.220,180.020,453.690,1.0000,-1,-1,-1
827,380,599.260,413.090,109.830,465.840,1.0000,-1,-1,-1
827,384,380.280,565.910,115.420,279.720,1.0000,-1,-1,-1
827,386,868.840,550.350,164.040,299.980,1.0000,-1,-1,-1
827,387,687.060,521.300,171.920,314.510,1.0000,-1,-1,-1
828,371,826.960,432.870,205.950,484.230,1.0000,-1,-1,-1
828,372,447.450,492.160,135.970,363.670,1.0000,-1,-1,-1
828,373,1188.430,476.130,81.110,380.450,1.0000,-1,-1,-1
828,374,1007.600,404.130,142.030,483.390,1.0000,-1,-1,-1
828,375,1096.680,542.890,128.220,286.210,1.0000,-1,-1,-1
828,376,1418.750,549.990,133.420,275.020,1.0000,-1,-1,-1
828,377,1314.350,472.430,115.000,368.530,1.0000,-1,-1,-1
828,379,688.110,450.310,193.810,443.250,1.0000,-1,-1,-1
828,380,585.590,435.970,121.700,442.970,1.0000,-1,-1,-1
828,384,386.870,549.170,97.530,292.420,1.0000,-1,-1,-1
828,386,879.280,503.110,143.580,343.690,1.0000,-1,-1,-1
828,387,687.120,508.830,157.450,327.090,1.0000,-1,-1,-1
829,371,817.300,447.100,207.380,470.090,1.0000,-1,-1,-1
829,372,431.940,505.880,150.920,350.260,1.0000,-1,-1,-1
829,373,1176.420,478.920,93.640,378.500,1.0000,-1,-1,-1
829,374,994.080,425.430,154.690,462.430,1.0000,-1,-1,-1
829,375,1098.270,536.550,112.460,290.370,1.0000,-1,-1,-1
829,376,1415.640,527.180,113.580,299.320,1.0000,-1,-1,-1
829,377,1306.390,473.400,123.330,367.560,1.0000,-1,-1,-1
829,379,673.140,457.750,206.750,435.850,1.0000,-1,-1,-1
829,380,574.070,448.520,130.590,429.990,1.0000,-1,-1,-1
829,384,394.080,531.670,92.010,311.910,1.0000,-1,-1,-1
829,387,673.240,519.060,171.460,316.620,1.0000,-1,-1,-1
830,371,799.060,476.080,222.580,440.810,1.0000,-1,-1,-1
830,372,417.580,524.850,169.960,331.290,1.0000,-1,-1,-1
830,373,1147.060,480.390,123.380,377.060,1.0000,-1,-1,-1
830,374,984.600,438.110,171.730,449.540,1.0000,-1,-1,-1
830,375,1041.200,525.710,145.840,300.970,1.0000,-1,-1,-1
830,376,1417.480,507.880,112.520,318.730,1.0000,-1,-1,-1
830,377,1282.980,478.440,146.930,362.520,1.0000,-1,-1,-1
830,379,666.350,497.120,202.980,396.350,1.0000,-1,-1,-1
830,380,544.100,480.610,157.820,397.810,1.0000,-1,-1,-1
830,384,395.490,540.460,86.960,304.490,1.0000,-1,-1,-1
830,386,878.950,487.420,113.840,353.870,1.0000,-1,-1,-1
830,387,691.920,528.920,156.010,305.820,1.0000,-1,-1,-1
831,371,790.680,482.160,238.180,434.570,1.0000,-1,-1,-1
831,372,413.960,529.440,181.370,326.450,1.0000,-1,-1,-1
831,373,1130.810,483.180,139.760,374.490,1.0000,-1,-1,-1
831,374,986.370,453.620,173.980,434.050,1.0000,-1,-1,-1
831,375,1015.630,490.210,168.050,339.960,1.0000,-1,-1,-1
831,376,1415.820,509.180,116.150,317.700,1.0000,-1,-1,-1
831,377,1272.940,486.420,158.740,354.570,1.0000,-1,-1,-1
831,379,663.310,494.410,197.360,399.170,1.0000,-1,-1,-1
831,380,531.320,502.010,170.580,376.370,1.0000,-1,-1,-1
831,384,389.000,539.980,91.580,305.430,1.0000,-1,-1,-1
831,386,860.280,509.290,143.580,332.100,1.0000,-1,-1,-1
831,387,698.980,545.280,146.140,288.970,1.0000,-1,-1,-1
832,371,814.210,485.150,226.540,431.510,1.0000,-1,-1,-1
832,372,402.380,529.780,196.250,326.230,1.0000,-1,-1,-1
832,373,1139.950,504.440,131.990,352.760,1.0000,-1,-1,-1
832,374,988.650,480.160,175.190,407.200,1.0000,-1,-1,-1
832,375,1097.490,546.940,113.190,282.920,1.0000,-1,-1,-1
832,376,1419.250,558.050,113.420,268.860,1.0000,-1,-1,-1
832,377,1253.330,509.620,181.780,331.340,1.0000,-1,-1,-1
832,379,669.930,499.600,177.240,393.320,1.0000,-1,-1,-1
832,380,512.210,514.710,190.520,363.450,1.0000,-1,-1,-1
832,384,360.340,555.720,124.370,289.590,1.0000,-1,-1,-1
832,386,855.380,521.130,144.770,319.160,1.0000,-1,-1,-1
833,371,813.870,487.170,230.110,429.700,1.0000,-1,-1,-1
833,372,421.210,532.990,176.830,322.440,1.0000,-1,-1,-1
833,373,1137.490,521.150,133.150,336.600,1.0000,-1,-1,-1
833,374,1026.610,483.640,140.940,403.840,1.0000,-1,-1,-1
833,375,1107.060,550.180,75.860,279.920,1.0000,-1,-1,-1
833,376,1419.630,558.860,112.200,268.120,1.0000,-1,-1,-1
833,377,1266.190,517.590,171.130,323.450,1.0000,-1,-1,-1
833,379,681.130,500.310,162.550,392.700,1.0000,-1,-1,-1
833,380,506.100,516.990,197.780,361.090,1.0000,-1,-1,-1
833,384,349.270,557.860,135.480,287.300,1.0000,-1,-1,-1
833,386,845.080,536.350,153.610,302.740,1.0000,-1,-1,-1
834,371,788.960,490.020,245.490,426.750,1.0000,-1,-1,-1
834,372,446.350,537.040,153.910,319.060,1.0000,-1,-1,-1
834,373,1140.130,526.760,145.170,330.800,1.0000,-1,-1,-1
834,374,1030.440,490.280,131.500,397.230,1.0000,-1,-1,-1
834,375,1103.160,550.610,87.480,279.200,1.0000,-1,-1,-1
834,376,1414.360,559.340,114.730,267.660,1.0000,-1,-1,-1
834,377,1263.380,533.990,177.530,306.650,1.0000,-1,-1,-1
834,379,735.240,501.440,109.330,391.740,1.0000,-1,-1,-1
834,380,530.670,520.450,171.820,356.660,1.0000,-1,-1,-1
834,384,341.850,560.870,146.240,284.230,1.0000,-1,-1,-1
835,371,823.590,490.850,209.230,425.880,1.0000,-1,-1,-1
835,372,468.870,538.470,132.220,317.820,1.0000,-1,-1,-1
835,373,1153.050,528.580,117.470,328.630,1.0000,-1,-1,-1
835,374,1018.320,491.800,144.420,395.760,1.0000,-1,-1,-1
835,375,1089.970,552.130,103.790,277.660,1.0000,-1,-1,-1
835,376,1420.930,559.690,111.270,267.300,1.0000,-1,-1,-1
835,377,1283.150,536.250,160.750,304.380,1.0000,-1,-1,-1
835,379,731.000,502.210,115.210,390.960,1.0000,-1,-1,-1
835,380,551.240,521.160,148.670,356.130,1.0000,-1,-1,-1
835,384,346.390,561.640,141.690,283.360,1.0000,-1,-1,-1
835,386,832.860,550.740,187.420,293.120,1.0000,-1,-1,-1
836,371,854.160,493.290,171.260,423.920,1.0000,-1,-1,-1
836,372,487.830,538.980,101.850,317.310,1.0000,-1,-1,-1
836,373,1187.330,534.030,92.440,323.370,1.0000,-1,-1,-1
836,374,1041.090,493.170,124.240,394.380,1.0000,-1,-1,-1
836,375,1107.590,557.750,89.550,271.860,1.0000,-1,-1,-1
836,376,1416.670,560.440,132.240,265.900,1.0000,-1,-1,-1
836,377,1315.430,536.870,127.560,303.900,1.0000,-1,-1,-1
836,379,734.080,502.630,108.720,390.390,1.0000,-1,-1,-1
836,380,571.610,518.120,125.160,359.050,1.0000,-1,-1,-1
836,384,373.600,563.060,116.200,282.010,1.0000,-1,-1,-1
836,386,855.410,551.960,170.310,293.370,1.0000,-1,-1,-1
836,387,714.710,530.080,118.600,304.840,1.0000,-1,-1,-1
837,371,858.910,494.990,162.950,422.480,1.0000,-1,-1,-1
837,372,486.900,537.700,99.550,319.000,1.0000,-1,-1,-1
837,373,1186.060,536.560,106.250,320.560,1.0000,-1,-1,-1
837,374,1029.700,491.220,133.550,396.100,1.0000,-1,-1,-1
837,375,1102.650,558.710,96.340,270.670,1.0000,-1,-1,-1
837,376,1421.560,559.700,126.820,266.730,1.0000,-1,-1,-1
837,377,1331.850,535.390,110.670,305.320,1.0000,-1,-1,-1
837,379,731.820,502.000,106.700,390.940,1.0000,-1,-1,-1
837,380,571.380,516.390,122.730,360.860,1.0000,-1,-1,-1
837,384,378.200,563.180,112.310,281.810,1.0000,-1,-1,-1
837,387,698.690,523.490,141.980,311.480,1.0000,-1,-1,-1
838,371,840.680,503.840,181.430,412.590,1.0000,-1,-1,-1
838,372,472.070,532.090,122.490,324.520,1.0000,-1,-1,-1
838,373,1181.720,534.420,105.240,322.710,1.0000,-1,-1,-1
838,374,1006.620,486.190,149.910,401.170,1.0000,-1,-1,-1
838,375,1099.480,553.930,87.580,275.170,1.0000,-1,-1,-1
838,376,1416.480,556.630,107.520,270.080,1.0000,-1,-1,-1
838,377,1325.170,527.470,106.500,313.420,1.0000,-1,-1,-1
838,379,734.680,483.810,107.200,409.220,1.0000,-1,-1,-1
838,380,576.630,512.780,110.990,364.590,1.0000,-1,-1,-1
838,384,397.180,560.530,91.020,284.360,1.0000,-1,-1,-1
838,387,678.580,522.110,144.200,313.080,1.0000,-1,-1,-1
839,371,830.090,509.900,193.970,405.470,1.0000,-1,-1,-1
839,372,457.200,518.290,115.080,338.500,1.0000,-1,-1,-1
839,373,1178.600,530.180,97.900,326.640,1.0000,-1,-1,-1
839,374,998.730,483.610,162.830,403.900,1.0000,-1,-1,-1
839,375,1087.200,554.710,103.340,275.020,1.0000,-1,-1,-1
839,376,1411.610,555.420,105.180,271.390,1.0000,-1,-1,-1
839,377,1319.950,524.230,111.840,316.490,1.0000,-1,-1,-1
839,379,728.870,489.730,110.700,404.190,1.0000,-1,-1,-1
839,380,555.040,510.650,128.580,366.670,1.0000,-1,-1,-1
839,384,397.450,558.460,93.100,286.430,1.0000,-1,-1,-1
840,371,805.210,523.630,229.110,391.740,1.0000,-1,-1,-1
840,372,465.940,493.960,104.340,362.740,1.0000,-1,-1,-1
840,373,1172.160,520.440,102.040,336.530,1.0000,-1,-1,-1
840,374,1012.520,476.150,149.900,411.060,1.0000,-1,-1,-1
840,375,1092.600,549.620,93.640,280.360,1.0000,-1,-1,-1
840,376,1415.160,554.560,101.110,272.050,1.0000,-1,-1,-1
840,377,1320.780,513.410,123.470,327.650,1.0000,-1,-1,-1
840,379,715.370,496.870,124.160,397.410,1.0000,-1,-1,-1
840,380,560.560,490.280,124.070,388.080,1.0000,-1,-1,-1
840,384,365.590,556.130,114.400,289.060,1.0000,-1,-1,-1
840,387,680.420,554.520,153.100,281.500,1.0000,-1,-1,-1
841,371,826.040,531.100,203.910,384.400,1.0000,-1,-1,-1
841,372,411.330,510.740,159.290,346.480,1.0000,-1,-1,-1
841,373,1169.370,517.420,105.440,339.110,1.0000,-1,-1,-1
841,374,1033.390,474.320,120.300,412.970,1.0000,-1,-1,-1
841,375,1097.510,543.860,82.410,285.130,1.0000,-1,-1,-1
841,376,1413.990,555.690,102.010,270.610,1.0000,-1,-1,-1
841,377,1324.820,510.540,123.070,330.680,1.0000,-1,-1,-1
841,379,716.830,496.090,124.450,398.030,1.0000,-1,-1,-1
841,380,570.760,464.260,109.890,413.720,1.0000,-1,-1,-1
841,384,356.600,556.020,116.400,289.080,1.0000,-1,-1,-1
841,387,687.440,547.870,138.450,288.000,1.0000,-1,-1,-1
842,371,862.550,537.020,161.260,378.410,1.0000,-1,-1,-1
842,372,459.420,526.520,114.640,330.490,1.0000,-1,-1,-1
842,373,1162.090,516.180,110.810,340.660,1.0000,-1,-1,-1
842,374,1031.380,470.290,131.040,417.140,1.0000,-1,-1,-1
842,375,1098.910,546.950,81.040,283.020,1.0000,-1,-1,-1
842,376,1410.450,558.220,101.930,267.770,1.0000,-1,-1,-1
842,377,1320.850,512.180,125.640,329.230,1.0000,-1,-1,-1
842,379,698.300,497.170,146.410,396.010,1.0000,-1,-1,-1
842,380,577.720,483.950,104.200,395.140,1.0000,-1,-1,-1
842,384,380.110,556.450,95.330,287.410,1.0000,-1,-1,-1
842,387,689.637,556.015,144.040,279.875,0.8500,-1,-1,-1
843,371,858.480,552.590,165.070,362.830,1.0000,-1,-1,-1
843,372,456.960,528.140,119.450,328.980,1.0000,-1,-1,-1
843,373,1161.170,516.760,112.210,339.820,1.0000,-1,-1,-1
843,374,1031.020,469.250,131.870,418.470,1.0000,-1,-1,-1
843,375,1098.350,548.030,86.030,281.060,1.0000,-1,-1,-1
843,376,1412.120,559.260,98.870,267.020,1.0000,-1,-1,-1
843,377,1320.350,514.480,127.780,326.990,1.0000,-1,-1,-1
843,379,711.340,497.880,134.910,395.790,1.0000,-1,-1,-1
843,380,583.520,496.880,96.330,382.050,1.0000,-1,-1,-1
843,384,387.250,556.770,89.290,286.920,1.0000,-1,-1,-1
843,386,873.500,536.800,105.490,309.590,1.0000,-1,-1,-1
843,387,694.246,556.763,139.510,279.062,0.8500,-1,-1,-1
844,371,851.670,567.100,175.940,347.940,1.0000,-1,-1,-1
844,372,453.930,530.410,122.540,327.530,1.0000,-1,-1,-1
844,373,1163.220,518.400,110.160,338.390,1.0000,-1,-1,-1
844,374,1039.740,469.440,124.050,418.280,1.0000,-1,-1,-1
844,375,1096.000,544.530,97.310,285.490,1.0000,-1,-1,-1
844,376,1418.050,559.980,88.140,266.040,1.0000,-1,-1,-1
844,377,1321.250,517.450,128.000,323.950,1.0000,-1,-1,-1
844,379,729.430,498.780,125.020,394.960,1.0000,-1,-1,-1
844,380,591.980,497.760,79.370,380.820,1.0000,-1,-1,-1
844,384,388.600,556.860,88.260,287.630,1.0000,-1,-1,-1
844,386,884.230,539.520,96.200,309.830,1.0000,-1,-1,-1
844,387,698.855,557.510,134.980,278.250,0.8500,-1,-1,-1
845,371,849.760,574.720,176.940,340.090,1.0000,-1,-1,-1
845,372,455.680,530.740,119.410,327.200,1.0000,-1,-1,-1
845,373,1160.240,520.580,112.440,336.270,1.0000,-1,-1,-1
845,374,1044.320,469.810,126.340,418.050,1.0000,-1,-1,-1
845,375,1097.570,546.830,101.290,284.330,1.0000,-1,-1,-1
845,376,1422.610,560.470,82.150,265.290,1.0000,-1,-1,-1
845,377,1323.530,519.410,127.150,321.980,1.0000,-1,-1,-1
845,379,728.730,499.810,133.340,393.860,1.0000,-1,-1,-1
845,380,594.980,497.250,81.570,381.310,1.0000,-1,-1,-1
845,384,390.710,557.010,85.630,288.140,1.0000,-1,-1,-1
845,386,890.490,540.310,90.090,314.720,1.0000,-1,-1,-1
845,387,703.464,558.257,130.450,277.438,0.8500,-1,-1,-1
846,371,844.210,583.400,177.870,330.850,1.0000,-1,-1,-1
846,372,454.270,528.340,117.840,329.710,1.0000,-1,-1,-1
846,373,1147.890,524.660,137.100,333.540,1.0000,-1,-1,-1
846,374,1051.920,472.360,132.220,415.560,1.0000,-1,-1,-1
846,375,1100.940,547.600,107.400,283.210,1.0000,-1,-1,-1
846,376,1419.080,561.870,84.650,264.270,1.0000,-1,-1,-1
846,377,1329.290,523.300,120.960,319.090,1.0000,-1,-1,-1
846,379,719.700,502.550,159.200,391.510,1.0000,-1,-1,-1
846,380,594.270,497.930,98.800,381.210,1.0000,-1,-1,-1
846,384,393.990,558.200,83.620,286.890,1.0000,-1,-1,-1
846,386,899.450,542.440,92.730,318.910,1.0000,-1,-1,-1
846,387,708.072,559.005,125.920,276.625,0.8500,-1,-1,-1
847,371,844.920,588.440,173.460,325.710,1.0000,-1,-1,-1
847,372,456.380,529.010,116.380,328.760,1.0000,-1,-1,-1
847,373,1149.500,527.270,144.360,330.720,1.0000,-1,-1,-1
847,374,1052.970,474.180,138.800,413.530,1.0000,-1,-1,-1
847,375,1102.400,547.370,111.530,282.030,1.0000,-1,-1,-1
847,376,1419.700,563.680,88.140,263.290,1.0000,-1,-1,-1
847,377,1332.050,526.750,125.690,315.570,1.0000,-1,-1,-1
847,379,720.250,504.540,165.050,388.980,1.0000,-1,-1,-1
847,380,593.900,498.220,109.580,380.690,1.0000,-1,-1,-1
847,384,394.030,558.430,85.180,286.520,1.0000,-1,-1,-1
847,386,902.270,541.890,88.440,317.790,1.0000,-1,-1,-1
847,387,721.420,549.960,91.220,285.150,1.0000,-1,-1,-1
848,371,843.390,598.800,169.930,318.950,1.0000,-1,-1,-1
848,372,477.060,532.550,100.180,325.620,1.0000,-1,-1,-1
848,373,1162.470,531.080,149.650,326.600,1.0000,-1,-1,-1
848,374,1052.480,479.170,155.910,408.400,1.0000,-1,-1,-1
848,375,1104.930,551.210,122.110,280.080,1.0000,-1,-1,-1
848,376,1422.380,567.150,108.280,258.690,1.0000,-1,-1,-1
848,377,1336.700,531.100,140.720,311.000,1.0000,-1,-1,-1
848,379,713.500,508.610,167.580,384.360,1.0000,-1,-1,-1
848,380,590.770,500.720,132.910,377.270,1.0000,-1,-1,-1
848,384,392.150,560.380,94.060,284.810,1.0000,-1,-1,-1
848,386,906.610,542.550,87.910,313.070,1.0000,-1,-1,-1
848,387,717.290,560.500,116.860,275.000,1.0000,-1,-1,-1
849,371,842.960,601.920,169.400,317.530,1.0000,-1,-1,-1
849,372,475.820,535.120,110.300,322.820,1.0000,-1,-1,-1
849,373,1163.710,533.740,159.180,323.930,1.0000,-1,-1,-1
849,374,1050.670,481.580,165.640,405.790,1.0000,-1,-1,-1
849,375,1105.800,552.500,120.120,277.290,1.0000,-1,-1,-1
849,376,1423.150,568.860,118.320,257.770,1.0000,-1,-1,-1
849,377,1338.630,534.760,147.150,307.900,1.0000,-1,-1,-1
849,379,707.650,511.280,169.480,381.520,1.0000,-1,-1,-1
849,380,588.710,504.500,144.960,373.650,1.0000,-1,-1,-1
849,384,391.510,561.630,100.840,283.590,1.0000,-1,-1,-1
849,386,908.040,542.880,89.150,316.950,1.0000,-1,-1,-1
850,371,840.240,610.440,172.670,312.640,1.0000,-1,-1,-1
850,372,470.300,542.380,137.800,315.440,1.0000,-1,-1,-1
850,373,1174.050,539.180,173.480,317.940,1.0000,-1,-1,-1
850,374,1049.070,488.190,183.290,399.170,1.0000,-1,-1,-1
850,375,1105.970,555.400,143.280,274.460,1.0000,-1,-1,-1
850,376,1422.020,572.650,140.280,253.920,1.0000,-1,-1,-1
850,377,1339.820,539.970,159.930,302.720,1.0000,-1,-1,-1
850,379,705.040,518.100,180.110,375.140,1.0000,-1,-1,-1
850,380,586.630,513.130,175.860,361.980,1.0000,-1,-1,-1
850,384,393.820,565.610,111.570,279.900,1.0000,-1,-1,-1
850,386,911.520,543.540,91.020,316.440,1.0000,-1,-1,-1
851,371,837.360,612.720,175.590,310.260,1.0000,-1,-1,-1
851,372,470.730,545.180,145.900,311.900,1.0000,-1,-1,-1
851,373,1180.400,541.580,175.930,315.310,1.0000,-1,-1,-1
851,374,1048.580,491.270,190.140,395.990,1.0000,-1,-1,-1
851,375,1105.020,556.930,151.440,273.060,1.0000,-1,-1,-1
851,376,1420.270,575.090,152.110,251.490,1.0000,-1,-1,-1
851,377,1336.660,542.490,167.900,300.310,1.0000,-1,-1,-1
851,379,706.800,520.330,182.540,372.960,1.0000,-1,-1,-1
851,380,586.690,516.680,178.390,357.900,1.0000,-1,-1,-1
851,384,393.640,567.670,118.170,277.660,1.0000,-1,-1,-1
851,386,913.760,543.870,90.850,319.430,1.0000,-1,-1,-1
852,371,837.500,616.280,176.300,306.110,1.0000,-1,-1,-1
852,372,470.150,548.610,165.200,309.140,1.0000,-1,-1,-1
852,373,1183.160,546.130,186.550,311.900,1.0000,-1,-1,-1
852,374,1048.460,498.590,200.650,388.630,1.0000,-1,-1,-1
852,375,1107.640,559.350,156.460,270.750,1.0000,-1,-1,-1
852,376,1415.770,579.250,171.590,247.660,1.0000,-1,-1,-1
852,377,1331.350,546.710,182.710,295.970,1.0000,-1,-1,-1
852,379,712.240,525.550,181.020,367.200,1.0000,-1,-1,-1
852,380,583.580,524.870,192.480,349.870,1.0000,-1,-1,-1
852,384,394.050,572.010,115.240,273.070,1.0000,-1,-1,-1
852,386,914.010,544.080,94.110,322.330,1.0000,-1,-1,-1
853,371,839.080,619.070,175.670,303.280,1.0000,-1,-1,-1
853,372,469.610,550.920,169.610,307.300,1.0000,-1,-1,-1
853,373,1182.840,548.640,191.360,309.260,1.0000,-1,-1,-1
853,374,1048.780,502.230,204.060,385.230,1.0000,-1,-1,-1
853,375,1108.320,557.290,158.690,272.480,1.0000,-1,-1,-1
853,376,1415.060,581.410,177.390,245.790,1.0000,-1,-1,-1
853,377,1329.890,549.860,189.250,292.540,1.0000,-1,-1,-1
853,379,714.280,527.900,189.850,364.800,1.0000,-1,-1,-1
853,380,583.360,529.550,196.510,345.390,1.0000,-1,-1,-1
853,384,393.550,574.670,134.680,270.490,1.0000,-1,-1,-1
853,386,913.140,544.140,92.500,320.170,1.0000,-1,-1,-1
854,371,845.630,621.510,174.820,300.740,1.0000,-1,-1,-1
854,372,469.610,553.660,174.960,303.800,1.0000,-1,-1,-1
854,373,1181.850,552.090,194.990,305.550,1.0000,-1,-1,-1
854,374,1049.690,507.490,208.710,379.990,1.0000,-1,-1,-1
854,375,1113.090,553.850,156.330,276.130,1.0000,-1,-1,-1
854,376,1414.920,584.480,182.740,242.410,1.0000,-1,-1,-1
854,377,1327.300,554.970,197.220,287.850,1.0000,-1,-1,-1
854,379,717.240,530.710,190.310,362.080,1.0000,-1,-1,-1
854,380,583.940,540.370,202.680,334.340,1.0000,-1,-1,-1
854,384,393.100,579.700,150.830,265.550,1.0000,-1,-1,-1
854,386,913.800,544.410,86.910,321.670,1.0000,-1,-1,-1
855,371,848.180,620.640,176.240,301.900,1.0000,-1,-1,-1
855,372,469.390,554.230,176.740,303.270,1.0000,-1,-1,-1
855,373,1180.350,553.300,196.740,304.120,1.0000,-1,-1,-1
855,374,1050.230,510.500,210.020,377.050,1.0000,-1,-1,-1
855,375,1114.190,554.800,155.360,275.360,1.0000,-1,-1,-1
855,376,1416.180,585.420,183.220,241.350,1.0000,-1,-1,-1
855,377,1327.840,557.450,198.040,285.390,1.0000,-1,-1,-1
855,379,718.130,531.270,187.780,361.640,1.0000,-1,-1,-1
855,380,586.550,542.870,198.960,331.800,1.0000,-1,-1,-1
855,384,392.820,581.840,158.050,263.390,1.0000,-1,-1,-1
855,386,911.900,544.160,85.920,321.800,1.0000,-1,-1,-1
856,371,860.110,622.490,168.730,299.350,1.0000,-1,-1,-1
856,372,468.670,554.900,178.430,302.580,1.0000,-1,-1,-1
856,373,1180.360,554.830,196.440,302.570,1.0000,-1,-1,-1
856,374,1053.760,512.960,209.530,374.700,1.0000,-1,-1,-1
856,375,1113.740,559.100,156.100,270.820,1.0000,-1,-1,-1
856,376,1417.100,585.420,183.290,241.320,1.0000,-1,-1,-1
856,377,1329.300,558.700,197.270,283.730,1.0000,-1,-1,-1
856,379,716.740,530.260,186.810,362.760,1.0000,-1,-1,-1
856,380,586.130,541.480,194.980,333.290,1.0000,-1,-1,-1
856,384,392.190,583.610,159.920,261.650,1.0000,-1,-1,-1
856,386,855.220,543.460,123.900,312.590,1.0000,-1,-1,-1
857,371,864.910,620.450,164.680,300.380,1.0000,-1,-1,-1
857,372,468.430,554.040,178.010,303.460,1.0000,-1,-1,-1
857,373,1179.470,554.970,194.600,302.660,1.0000,-1,-1,-1
857,374,1056.020,512.610,207.680,375.060,1.0000,-1,-1,-1
857,375,1112.800,564.920,157.720,265.290,1.0000,-1,-1,-1
857,376,1416.330,585.110,184.020,241.860,1.0000,-1,-1,-1
857,377,1320.470,558.200,205.910,284.240,1.0000,-1,-1,-1
857,379,718.080,529.110,182.730,363.920,1.0000,-1,-1,-1
857,380,584.810,536.870,209.870,338.090,1.0000,-1,-1,-1
857,384,390.350,582.920,160.320,262.260,1.0000,-1,-1,-1
857,386,871.100,543.240,106.350,307.200,1.0000,-1,-1,-1
858,371,866.220,619.290,160.220,297.640,1.0000,-1,-1,-1
858,372,469.650,555.530,167.660,302.270,1.0000,-1,-1,-1
858,373,1168.700,553.600,190.210,303.790,1.0000,-1,-1,-1
858,374,1049.070,507.980,214.380,379.480,1.0000,-1,-1,-1
858,375,1101.890,560.770,168.010,268.920,1.0000,-1,-1,-1
858,376,1420.300,582.810,176.470,244.900,1.0000,-1,-1,-1
858,377,1310.590,553.860,212.030,288.470,1.0000,-1,-1,-1
858,379,712.480,523.350,190.390,370.260,1.0000,-1,-1,-1
858,380,579.700,522.620,194.370,352.280,1.0000,-1,-1,-1
858,384,378.750,576.380,161.730,268.760,1.0000,-1,-1,-1
858,386,895.190,539.720,97.490,322.210,1.0000,-1,-1,-1
859,371,861.180,617.210,163.540,301.380,1.0000,-1,-1,-1
859,372,469.780,553.290,162.560,304.510,1.0000,-1,-1,-1
859,373,1164.630,551.840,185.690,305.870,1.0000,-1,-1,-1
859,374,1037.630,505.020,224.870,382.330,1.0000,-1,-1,-1
859,375,1100.000,557.410,165.730,272.220,1.0000,-1,-1,-1
859,376,1416.800,580.460,175.350,246.340,1.0000,-1,-1,-1
859,377,1313.770,551.370,199.530,290.300,1.0000,-1,-1,-1
859,379,708.860,519.990,198.930,373.370,1.0000,-1,-1,-1
859,380,579.240,516.910,187.740,358.160,1.0000,-1,-1,-1
859,384,378.860,567.670,141.490,277.550,1.0000,-1,-1,-1
859,386,890.490,536.710,115.020,327.270,1.0000,-1,-1,-1
860,371,849.450,616.390,177.520,305.370,1.0000,-1,-1,-1
860,372,461.560,541.740,158.940,315.160,1.0000,-1,-1,-1
860,373,1164.120,546.850,168.920,309.570,1.0000,-1,-1,-1
860,374,1030.300,496.390,230.070,390.950,1.0000,-1,-1,-1
860,375,1097.470,551.910,153.560,277.840,1.0000,-1,-1,-1
860,376,1414.200,573.230,164.460,252.590,1.0000,-1,-1,-1
860,377,1333.310,542.480,154.860,299.110,1.0000,-1,-1,-1
860,379,710.850,510.870,175.600,383.910,1.0000,-1,-1,-1
860,380,581.540,503.670,158.850,372.650,1.0000,-1,-1,-1
860,384,382.510,555.830,137.270,289.200,1.0000,-1,-1,-1
860,386,897.370,531.610,124.120,335.960,1.0000,-1,-1,-1
861,371,835.780,616.390,201.320,305.520,1.0000,-1,-1,-1
861,372,464.960,533.010,149.280,323.380,1.0000,-1,-1,-1
861,373,1165.730,543.400,158.670,311.380,1.0000,-1,-1,-1
861,374,1036.890,491.610,222.300,395.600,1.0000,-1,-1,-1
861,375,1103.060,549.590,125.740,280.230,1.0000,-1,-1,-1
861,376,1418.040,569.950,150.250,256.460,1.0000,-1,-1,-1
861,377,1332.210,535.360,140.460,306.300,1.0000,-1,-1,-1
861,379,714.730,506.620,168.490,388.040,1.0000,-1,-1,-1
861,380,581.470,482.650,147.460,393.500,1.0000,-1,-1,-1
861,384,385.570,553.020,121.960,292.320,1.0000,-1,-1,-1
861,386,896.250,529.480,121.530,339.150,1.0000,-1,-1,-1
862,371,829.170,621.600,215.690,301.340,1.0000,-1,-1,-1
862,372,456.460,521.040,133.110,336.400,1.0000,-1,-1,-1
862,373,1166.960,534.040,133.610,320.690,1.0000,-1,-1,-1
862,374,1046.590,484.700,198.120,402.550,1.0000,-1,-1,-1
862,375,1103.170,546.360,111.530,282.040,1.0000,-1,-1,-1
862,376,1409.280,563.550,133.470,263.110,1.0000,-1,-1,-1
862,377,1330.830,521.730,116.850,319.520,1.0000,-1,-1,-1
862,379,719.740,496.820,140.930,398.420,1.0000,-1,-1,-1
862,380,584.310,460.480,156.200,415.170,1.0000,-1,-1,-1
862,384,389.260,555.150,91.510,289.570,1.0000,-1,-1,-1
862,386,895.180,526.330,105.240,342.430,1.0000,-1,-1,-1
863,371,830.650,621.640,213.980,301.580,1.0000,-1,-1,-1
863,372,442.740,514.910,146.400,341.780,1.0000,-1,-1,-1
863,373,1168.410,523.300,120.420,333.400,1.0000,-1,-1,-1
863,374,1046.040,483.790,187.170,403.350,1.0000,-1,-1,-1
863,375,1114.750,541.240,88.030,287.440,1.0000,-1,-1,-1
863,376,1411.610,561.390,120.370,263.660,1.0000,-1,-1,-1
863,377,1331.950,521.290,119.990,319.670,1.0000,-1,-1,-1
863,379,717.960,491.670,143.340,403.820,1.0000,-1,-1,-1
863,380,584.770,464.050,157.970,411.540,1.0000,-1,-1,-1
863,384,389.960,553.150,86.440,292.140,1.0000,-1,-1,-1
863,386,892.390,526.290,98.910,341.410,1.0000,-1,-1,-1
864,371,838.910,622.660,209.920,301.450,1.0000,-1,-1,-1
864,372,456.960,493.470,140.180,362.730,1.0000,-1,-1,-1
864,373,1172.560,506.600,99.580,350.090,1.0000,-1,-1,-1
864,374,1036.680,482.860,174.430,404.060,1.0000,-1,-1,-1
864,375,1107.830,532.790,84.200,296.760,1.0000,-1,-1,-1
864,376,1408.260,548.490,108.710,276.350,1.0000,-1,-1,-1
864,377,1328.280,523.190,135.060,317.430,1.0000,-1,-1,-1
864,379,709.330,485.730,146.320,410.020,1.0000,-1,-1,-1
864,380,576.050,493.070,174.260,383.340,1.0000,-1,-1,-1
864,384,389.740,551.450,92.770,293.360,1.0000,-1,-1,-1
864,386,889.220,526.520,86.820,332.370,1.0000,-1,-1,-1
865,371,841.890,622.840,211.780,302.360,1.0000,-1,-1,-1
865,372,448.700,493.770,154.270,362.510,1.0000,-1,-1,-1
865,373,1172.890,499.510,97.860,357.610,1.0000,-1,-1,-1
865,374,1031.650,482.990,169.100,403.420,1.0000,-1,-1,-1
865,375,1103.130,512.740,85.130,315.130,1.0000,-1,-1,-1
865,376,1407.990,549.320,112.100,276.250,1.0000,-1,-1,-1
865,377,1326.630,524.830,137.550,315.770,1.0000,-1,-1,-1
865,379,704.980,484.340,151.120,411.850,1.0000,-1,-1,-1
865,380,564.030,497.990,179.610,378.360,1.0000,-1,-1,-1
865,384,388.810,551.630,92.580,293.050,1.0000,-1,-1,-1
865,386,889.100,527.010,83.840,329.240,1.0000,-1,-1,-1
866,371,847.680,623.040,204.040,303.510,1.0000,-1,-1,-1
866,372,430.730,510.520,164.640,345.710,1.0000,-1,-1,-1
866,373,1173.320,493.230,98.950,362.520,1.0000,-1,-1,-1
866,374,1018.040,482.930,163.310,401.950,1.0000,-1,-1,-1
866,375,1111.750,519.350,75.420,308.870,1.0000,-1,-1,-1
866,376,1411.000,554.060,108.110,270.550,1.0000,-1,-1,-1
866,377,1323.390,526.230,139.050,314.270,1.0000,-1,-1,-1
866,379,704.170,481.550,175.590,414.660,1.0000,-1,-1,-1
866,380,567.840,496.830,167.500,379.620,1.0000,-1,-1,-1
866,384,385.660,551.560,96.080,292.690,1.0000,-1,-1,-1
866,386,882.880,528.140,82.900,335.040,1.0000,-1,-1,-1
867,371,849.850,625.750,199.050,300.680,1.0000,-1,-1,-1
867,372,431.290,514.510,161.370,341.980,1.0000,-1,-1,-1
867,373,1172.970,498.080,105.820,357.330,1.0000,-1,-1,-1
867,374,1010.550,482.860,166.290,400.640,1.0000,-1,-1,-1
867,375,1113.670,523.870,92.170,303.680,1.0000,-1,-1,-1
867,376,1407.880,553.590,107.180,270.570,1.0000,-1,-1,-1
867,377,1322.470,526.200,138.850,314.510,1.0000,-1,-1,-1
867,379,704.990,481.220,184.540,415.190,1.0000,-1,-1,-1
867,380,561.580,496.550,165.800,379.790,1.0000,-1,-1,-1
867,384,383.960,553.550,97.100,290.330,1.0000,-1,-1,-1
867,386,887.800,528.720,76.810,324.960,1.0000,-1,-1,-1
868,371,846.410,630.020,183.090,295.660,1.0000,-1,-1,-1
868,372,444.330,515.990,152.500,340.120,1.0000,-1,-1,-1
868,373,1173.010,516.790,112.930,337.850,1.0000,-1,-1,-1
868,374,1003.200,483.780,185.380,397.470,1.0000,-1,-1,-1
868,375,1111.110,530.890,86.550,297.080,1.0000,-1,-1,-1
868,376,1405.530,555.250,102.000,269.410,1.0000,-1,-1,-1
868,377,1314.480,526.330,131.030,314.280,1.0000,-1,-1,-1
868,379,707.000,481.510,199.570,415.190,1.0000,-1,-1,-1
868,380,544.120,499.550,172.970,377.050,1.0000,-1,-1,-1
868,384,380.640,554.600,101.980,289.190,1.0000,-1,-1,-1
868,386,897.120,529.910,69.970,327.090,1.0000,-1,-1,-1
869,371,843.550,630.320,175.590,294.460,1.0000,-1,-1,-1
869,372,452.340,518.130,142.840,338.080,1.0000,-1,-1,-1
869,373,1173.940,523.330,110.550,331.430,1.0000,-1,-1,-1
869,374,1000.570,485.090,195.900,395.940,1.0000,-1,-1,-1
869,375,1112.180,531.670,86.530,296.670,1.0000,-1,-1,-1
869,376,1404.760,555.870,97.900,269.240,1.0000,-1,-1,-1
869,377,1311.120,526.370,132.280,314.240,1.0000,-1,-1,-1
869,379,708.390,481.600,200.710,414.950,1.0000,-1,-1,-1
869,380,551.520,501.900,165.830,374.830,1.0000,-1,-1,-1
869,384,378.630,555.720,104.950,288.160,1.0000,-1,-1,-1
869,386,903.180,529.890,61.480,328.660,1.0000,-1,-1,-1
870,371,840.850,624.980,193.850,295.680,1.0000,-1,-1,-1
870,372,472.320,527.570,118.840,329.120,1.0000,-1,-1,-1
870,373,1172.200,531.490,108.970,323.660,1.0000,-1,-1,-1
870,374,992.690,486.310,183.230,394.370,1.0000,-1,-1,-1
870,375,1119.480,541.480,76.750,289.500,1.0000,-1,-1,-1
870,376,1402.900,558.150,97.120,267.290,1.0000,-1,-1,-1
870,377,1305.100,527.470,144.250,313.400,1.0000,-1,-1,-1
870,379,709.440,481.440,180.560,415.160,1.0000,-1,-1,-1
870,380,554.020,505.720,165.520,371.110,1.0000,-1,-1,-1
870,384,375.970,560.470,102.980,283.770,1.0000,-1,-1,-1
870,386,906.080,531.090,59.520,320.210,1.0000,-1,-1,-1
871,371,838.700,618.800,208.020,300.790,1.0000,-1,-1,-1
871,372,482.860,530.690,110.750,325.990,1.0000,-1,-1,-1
871,373,1175.110,529.980,103.040,325.060,1.0000,-1,-1,-1
871,374,992.810,488.160,179.280,392.520,1.0000,-1,-1,-1
871,375,1121.080,546.050,77.400,282.990,1.0000,-1,-1,-1
871,376,1400.900,558.620,99.700,267.530,1.0000,-1,-1,-1
871,377,1303.550,528.790,143.910,312.020,1.0000,-1,-1,-1
871,379,712.120,482.470,160.710,413.940,1.0000,-1,-1,-1
871,380,558.320,507.680,163.100,368.960,1.0000,-1,-1,-1
871,384,376.160,563.190,99.970,280.990,1.0000,-1,-1,-1
871,386,903.870,531.060,65.430,316.220,1.0000,-1,-1,-1
872,371,835.960,602.010,244.260,315.230,1.0000,-1,-1,-1
872,372,481.970,539.260,106.810,317.410,1.0000,-1,-1,-1
872,373,1168.510,530.360,106.330,325.660,1.0000,-1,-1,-1
872,374,998.800,494.020,173.380,386.760,1.0000,-1,-1,-1
872,375,1123.960,542.050,79.830,287.260,1.0000,-1,-1,-1
872,376,1388.430,561.770,113.090,263.980,1.0000,-1,-1,-1
872,377,1304.530,536.600,142.770,304.110,1.0000,-1,-1,-1
872,379,715.160,491.330,124.010,405.140,1.0000,-1,-1,-1
872,380,560.610,512.710,146.080,364.230,1.0000,-1,-1,-1
872,384,372.000,572.470,98.690,272.040,1.0000,-1,-1,-1
872,386,903.040,530.890,65.730,316.910,1.0000,-1,-1,-1
873,371,836.470,592.930,246.120,324.150,1.0000,-1,-1,-1
873,372,478.790,543.380,96.320,313.110,1.0000,-1,-1,-1
873,373,1162.200,532.510,114.780,323.620,1.0000,-1,-1,-1
873,374,1001.650,496.980,168.530,383.870,1.0000,-1,-1,-1
873,375,1124.090,551.450,83.090,278.680,1.0000,-1,-1,-1
873,376,1384.270,562.980,117.970,262.930,1.0000,-1,-1,-1
873,377,1305.270,542.560,131.850,298.150,1.0000,-1,-1,-1
873,379,712.140,498.650,130.820,398.150,1.0000,-1,-1,-1
873,380,564.150,515.220,168.280,361.940,1.0000,-1,-1,-1
873,384,371.130,576.340,97.200,268.220,1.0000,-1,-1,-1
873,386,897.900,531.150,69.320,322.050,1.0000,-1,-1,-1
874,371,835.300,572.940,220.200,344.260,1.0000,-1,-1,-1
874,372,471.410,544.840,96.320,311.970,1.0000,-1,-1,-1
874,373,1158.580,539.700,107.720,317.070,1.0000,-1,-1,-1
874,374,1010.810,504.840,160.450,376.130,1.0000,-1,-1,-1
874,375,1122.280,556.860,87.690,273.030,1.0000,-1,-1,-1
874,376,1383.580,566.640,115.900,258.330,1.0000,-1,-1,-1
874,377,1312.270,550.480,122.200,290.350,1.0000,-1,-1,-1
874,379,712.720,509.950,137.740,386.550,1.0000,-1,-1,-1
874,380,576.330,522.160,137.590,355.330,1.0000,-1,-1,-1
874,384,375.720,584.000,95.030,260.780,1.0000,-1,-1,-1
874,386,888.960,532.120,81.330,323.950,1.0000,-1,-1,-1
875,371,835.750,565.620,192.480,351.810,1.0000,-1,-1,-1
875,372,468.970,543.410,99.750,313.430,1.0000,-1,-1,-1
875,373,1155.100,543.160,104.230,313.480,1.0000,-1,-1,-1
875,374,1015.850,506.830,156.500,374.130,1.0000,-1,-1,-1
875,375,1124.980,558.040,87.080,271.840,1.0000,-1,-1,-1
875,376,1379.460,566.450,108.860,258.610,1.0000,-1,-1,-1
875,377,1316.020,552.010,123.880,288.690,1.0000,-1,-1,-1
875,379,709.200,507.630,142.260,388.110,1.0000,-1,-1,-1
875,380,584.700,526.170,139.720,347.930,1.0000,-1,-1,-1
875,384,378.270,585.820,94.810,259.470,1.0000,-1,-1,-1
875,386,884.470,532.590,100.270,327.850,1.0000,-1,-1,-1
876,371,836.110,547.610,166.290,369.610,1.0000,-1,-1,-1
876,372,471.530,546.840,103.570,309.690,1.0000,-1,-1,-1
876,373,1144.060,547.320,125.260,309.770,1.0000,-1,-1,-1
876,374,1029.350,510.130,142.740,372.090,1.0000,-1,-1,-1
876,375,1125.330,558.060,86.930,271.790,1.0000,-1,-1,-1
876,376,1374.610,558.000,94.600,265.420,1.0000,-1,-1,-1
876,377,1323.000,555.310,127.340,284.810,1.0000,-1,-1,-1
876,379,711.490,500.270,131.260,391.930,1.0000,-1,-1,-1
876,380,598.070,533.300,133.110,339.600,1.0000,-1,-1,-1
876,384,385.990,587.920,93.330,256.250,1.0000,-1,-1,-1
877,371,836.450,537.550,165.820,379.790,1.0000,-1,-1,-1
877,372,465.070,552.960,114.310,303.730,1.0000,-1,-1,-1
877,373,1137.830,541.870,136.300,314.850,1.0000,-1,-1,-1
877,374,1033.590,509.630,136.620,373.020,1.0000,-1,-1,-1
877,375,1122.900,559.070,88.830,271.000,1.0000,-1,-1,-1
877,376,1372.570,556.310,98.820,267.650,1.0000,-1,-1,-1
877,377,1327.330,553.740,126.590,286.560,1.0000,-1,-1,-1
877,379,713.510,496.670,125.830,395.560,1.0000,-1,-1,-1
877,380,600.070,535.650,134.380,336.920,1.0000,-1,-1,-1
877,384,391.420,588.570,89.650,254.170,1.0000,-1,-1,-1
878,371,835.120,508.580,168.070,408.760,1.0000,-1,-1,-1
878,372,475.040,554.960,122.740,301.690,1.0000,-1,-1,-1
878,373,1142.470,526.130,135.340,328.920,1.0000,-1,-1,-1
878,374,1044.770,508.690,124.410,374.060,1.0000,-1,-1,-1
878,375,1123.870,563.730,78.400,265.440,1.0000,-1,-1,-1
878,376,1344.890,560.780,126.830,262.940,1.0000,-1,-1,-1
878,377,1337.430,542.590,118.020,299.220,1.0000,-1,-1,-1
878,379,703.780,492.180,134.670,399.840,1.0000,-1,-1,-1
878,380,600.580,541.310,149.580,331.230,1.0000,-1,-1,-1
878,384,391.950,589.520,106.000,251.870,1.0000,-1,-1,-1
878,386,883.470,537.040,92.420,312.420,1.0000,-1,-1,-1
879,371,834.750,493.890,167.520,423.400,1.0000,-1,-1,-1
879,372,471.650,554.450,129.310,301.400,1.0000,-1,-1,-1
879,373,1148.890,512.380,128.940,343.890,1.0000,-1,-1,-1
879,374,1045.550,507.210,123.570,376.120,1.0000,-1,-1,-1
879,375,1122.880,561.040,76.570,267.960,1.0000,-1,-1,-1
879,376,1325.970,561.790,145.460,261.860,1.0000,-1,-1,-1
879,377,1327.080,542.870,129.950,298.740,1.0000,-1,-1,-1
879,379,674.260,494.150,174.450,397.960,1.0000,-1,-1,-1
879,380,600.380,544.460,149.800,327.640,1.0000,-1,-1,-1
879,384,392.050,589.640,105.880,251.850,1.0000,-1,-1,-1
879,386,884.250,565.930,90.640,279.740,1.0000,-1,-1,-1
880,371,833.010,485.220,159.760,432.040,1.0000,-1,-1,-1
880,372,450.560,553.630,138.260,306.220,1.0000,-1,-1,-1
880,373,1167.410,517.350,107.790,343.110,1.0000,-1,-1,-1
880,374,1039.240,504.200,132.930,385.000,1.0000,-1,-1,-1
880,375,1116.660,564.570,80.270,262.860,1.0000,-1,-1,-1
880,376,1299.860,563.060,173.630,260.560,1.0000,-1,-1,-1
880,377,1354.310,550.130,121.090,290.920,1.0000,-1,-1,-1
880,379,616.350,524.070,245.550,368.120,1.0000,-1,-1,-1
880,380,599.830,547.940,180.200,323.790,1.0000,-1,-1,-1
880,384,392.090,586.780,122.190,254.570,1.0000,-1,-1,-1
880,386,885.780,578.210,99.800,272.680,1.0000,-1,-1,-1
881,371,833.270,500.810,171.850,416.970,1.0000,-1,-1,-1
881,372,433.270,553.320,132.680,309.100,1.0000,-1,-1,-1
881,373,1160.650,531.930,133.280,331.290,1.0000,-1,-1,-1
881,374,1036.020,502.070,152.070,397.330,1.0000,-1,-1,-1
881,375,1117.830,561.310,82.580,265.610,1.0000,-1,-1,-1
881,376,1296.000,568.970,177.720,254.720,1.0000,-1,-1,-1
881,377,1358.400,555.770,137.050,286.310,1.0000,-1,-1,-1
881,379,594.370,533.230,275.600,358.780,1.0000,-1,-1,-1
881,380,594.500,547.980,203.710,317.950,1.0000,-1,-1,-1
881,384,392.310,584.730,133.760,255.910,1.0000,-1,-1,-1
881,386,881.970,557.960,104.060,292.970,1.0000,-1,-1,-1
882,371,832.100,512.790,192.250,405.140,1.0000,-1,-1,-1
882,372,405.650,552.840,153.900,316.750,1.0000,-1,-1,-1
882,373,1167.290,550.540,172.420,317.300,1.0000,-1,-1,-1
882,374,1026.630,496.670,177.410,403.550,1.0000,-1,-1,-1
882,375,1109.620,559.450,95.210,272.860,1.0000,-1,-1,-1
882,376,1291.760,577.120,172.540,244.990,1.0000,-1,-1,-1
882,377,1359.970,552.900,171.600,298.650,1.0000,-1,-1,-1
882,379,566.340,527.650,283.330,366.990,1.0000,-1,-1,-1
882,380,597.630,548.040,202.590,324.020,1.0000,-1,-1,-1
882,384,396.630,579.450,140.980,260.130,1.0000,-1,-1,-1
883,371,834.130,511.490,194.780,406.620,1.0000,-1,-1,-1
883,372,387.500,551.740,172.090,320.450,1.0000,-1,-1,-1
883,373,1172.390,549.370,164.110,318.980,1.0000,-1,-1,-1
883,374,1020.770,493.710,168.050,406.530,1.0000,-1,-1,-1
883,375,1104.250,559.120,88.480,272.360,1.0000,-1,-1,-1
883,376,1292.110,575.510,169.610,247.320,1.0000,-1,-1,-1
883,377,1360.270,550.990,146.150,303.720,1.0000,-1,-1,-1
883,379,564.880,527.630,265.220,370.340,1.0000,-1,-1,-1
883,380,602.330,525.170,204.310,345.630,1.0000,-1,-1,-1
884,371,834.750,512.560,167.680,397.030,1.0000,-1,-1,-1
884,372,349.860,541.710,207.810,331.710,1.0000,-1,-1,-1
884,373,1174.350,546.230,85.460,328.140,1.0000,-1,-1,-1
884,374,1011.930,487.560,151.630,412.730,1.0000,-1,-1,-1
884,375,1114.870,557.860,77.690,274.100,1.0000,-1,-1,-1
884,376,1291.740,570.870,123.670,252.790,1.0000,-1,-1,-1
884,377,1361.340,547.510,107.360,307.070,1.0000,-1,-1,-1
884,379,566.320,521.620,250.280,375.710,1.0000,-1,-1,-1
884,380,624.930,571.840,192.000,300.530,1.0000,-1,-1,-1
885,371,834.440,512.840,168.750,391.560,1.0000,-1,-1,-1
885,372,335.120,535.680,222.980,337.740,1.0000,-1,-1,-1
885,373,1173.410,544.030,81.620,331.780,1.0000,-1,-1,-1
885,374,1008.890,485.280,142.970,415.160,1.0000,-1,-1,-1
885,375,1078.300,556.480,119.770,274.770,1.0000,-1,-1,-1
885,376,1281.770,569.140,120.330,253.660,1.0000,-1,-1,-1
885,377,1363.630,544.380,110.700,310.050,1.0000,-1,-1,-1
885,379,564.920,520.750,231.590,375.930,1.0000,-1,-1,-1
885,380,638.260,571.230,179.140,297.280,1.0000,-1,-1,-1
886,371,817.470,513.380,179.150,377.740,1.0000,-1,-1,-1
886,372,335.350,527.500,220.760,346.030,1.0000,-1,-1,-1
886,373,1116.120,537.530,132.950,337.080,1.0000,-1,-1,-1
886,374,990.550,481.010,144.950,419.430,1.0000,-1,-1,-1
886,375,1058.120,554.100,141.130,277.850,1.0000,-1,-1,-1
886,376,1234.210,567.490,142.180,255.480,1.0000,-1,-1,-1
886,377,1344.020,536.830,144.050,317.510,1.0000,-1,-1,-1
886,379,532.140,518.280,249.900,377.390,1.0000,-1,-1,-1
886,380,689.140,536.300,128.640,333.090,1.0000,-1,-1,-1
886,384,385.970,531.560,172.000,309.040,1.0000,-1,-1,-1
887,371,814.640,514.140,185.650,374.820,1.0000,-1,-1,-1
887,372,343.670,524.580,198.360,348.750,1.0000,-1,-1,-1
887,373,1099.240,533.440,153.560,340.890,1.0000,-1,-1,-1
887,374,985.630,477.810,140.350,422.740,1.0000,-1,-1,-1
887,375,1062.700,553.350,137.070,277.470,1.0000,-1,-1,-1
887,376,1231.440,567.000,137.820,255.520,1.0000,-1,-1,-1
887,377,1337.170,534.530,155.280,319.920,1.0000,-1,-1,-1
887,379,530.870,518.910,234.170,376.710,1.0000,-1,-1,-1
887,380,673.010,534.720,147.410,334.780,1.0000,-1,-1,-1
887,384,400.140,526.500,164.320,311.900,1.0000,-1,-1,-1
888,371,811.530,514.600,185.220,373.690,1.0000,-1,-1,-1
888,372,380.850,520.370,160.530,353.060,1.0000,-1,-1,-1
888,373,1104.040,528.560,181.440,346.240,1.0000,-1,-1,-1
888,374,954.920,471.880,151.740,429.000,1.0000,-1,-1,-1
888,375,1077.530,550.840,113.920,279.920,1.0000,-1,-1,-1
888,376,1232.360,566.190,127.250,255.810,1.0000,-1,-1,-1
888,377,1343.150,529.310,158.290,325.050,1.0000,-1,-1,-1
888,379,524.050,519.520,239.240,377.720,1.0000,-1,-1,-1
888,380,706.330,528.290,122.360,341.250,1.0000,-1,-1,-1
888,384,468.320,556.110,106.130,279.700,1.0000,-1,-1,-1
889,371,818.050,515.320,180.740,373.180,1.0000,-1,-1,-1
889,372,381.280,519.200,153.540,354.270,1.0000,-1,-1,-1
889,373,1106.660,526.060,181.360,349.800,1.0000,-1,-1,-1
889,374,948.120,468.690,165.790,432.130,1.0000,-1,-1,-1
889,375,1073.140,549.680,113.800,281.490,1.0000,-1,-1,-1
889,376,1249.110,565.750,105.660,256.360,1.0000,-1,-1,-1
889,377,1343.620,528.410,163.010,326.300,1.0000,-1,-1,-1
889,379,526.530,513.980,236.420,383.680,1.0000,-1,-1,-1
889,380,720.250,524.960,108.500,344.540,1.0000,-1,-1,-1
889,384,452.860,558.430,126.980,276.970,1.0000,-1,-1,-1
889,388,691.260,554.170,100.090,291.570,1.0000,-1,-1,-1
890,371,869.180,515.740,132.900,373.310,1.0000,-1,-1,-1
890,372,359.030,517.650,167.340,355.650,1.0000,-1,-1,-1
890,373,1116.180,513.290,151.920,366.520,1.0000,-1,-1,-1
890,374,940.540,464.920,147.430,436.800,1.0000,-1,-1,-1
890,375,1066.000,532.840,122.610,298.710,1.0000,-1,-1,-1
890,376,1249.790,565.070,96.990,257.010,1.0000,-1,-1,-1
890,377,1366.110,525.660,148.510,329.120,1.0000,-1,-1,-1
890,379,529.080,499.410,230.960,398.400,1.0000,-1,-1,-1
890,380,704.510,522.020,138.940,347.200,1.0000,-1,-1,-1
890,384,481.650,559.050,110.230,277.370,1.0000,-1,-1,-1
890,386,860.790,545.160,132.570,300.730,1.0000,-1,-1,-1
890,388,674.280,544.450,117.670,301.110,1.0000,-1,-1,-1
891,371,873.350,514.640,136.930,375.060,1.0000,-1,-1,-1
891,372,350.650,517.230,171.270,356.270,1.0000,-1,-1,-1
891,373,1118.440,516.270,146.860,364.070,1.0000,-1,-1,-1
891,374,929.390,464.700,168.250,445.810,1.0000,-1,-1,-1
891,375,1078.860,546.430,106.490,285.550,1.0000,-1,-1,-1
891,376,1250.530,564.870,93.010,256.860,1.0000,-1,-1,-1
891,377,1380.880,521.840,137.530,332.510,1.0000,-1,-1,-1
891,379,532.420,496.560,214.000,400.810,1.0000,-1,-1,-1
891,380,710.660,521.540,147.600,346.950,1.0000,-1,-1,-1
891,384,479.090,559.500,112.330,278.000,1.0000,-1,-1,-1
891,386,873.020,542.220,117.740,298.310,1.0000,-1,-1,-1
891,388,674.580,539.680,107.280,305.980,1.0000,-1,-1,-1
892,371,878.190,510.410,168.310,375.570,1.0000,-1,-1,-1
892,372,336.430,515.920,164.320,358.800,1.0000,-1,-1,-1
892,373,1140.380,519.190,112.240,361.900,1.0000,-1,-1,-1
892,374,881.410,465.320,210.800,450.820,1.0000,-1,-1,-1
892,375,1064.510,545.930,111.220,286.290,1.0000,-1,-1,-1
892,376,1254.300,564.770,93.820,256.290,1.0000,-1,-1,-1
892,377,1384.700,511.780,133.070,344.680,1.0000,-1,-1,-1
892,379,503.890,495.120,221.190,402.440,1.0000,-1,-1,-1
892,380,705.580,515.250,158.640,353.800,1.0000,-1,-1,-1
892,384,478.300,561.640,111.360,276.620,1.0000,-1,-1,-1
892,386,877.670,540.140,111.170,301.960,1.0000,-1,-1,-1
892,388,666.080,543.060,100.530,302.220,1.0000,-1,-1,-1
893,371,866.020,509.730,186.850,376.600,1.0000,-1,-1,-1
893,372,328.630,516.320,159.400,360.460,1.0000,-1,-1,-1
893,373,1143.330,517.580,109.610,363.460,1.0000,-1,-1,-1
893,374,862.430,466.630,230.850,451.480,1.0000,-1,-1,-1
893,375,1060.770,545.740,112.650,286.310,1.0000,-1,-1,-1
893,376,1249.810,564.680,98.150,256.530,1.0000,-1,-1,-1
893,377,1369.870,509.150,150.610,349.640,1.0000,-1,-1,-1
893,379,487.610,501.460,221.810,395.600,1.0000,-1,-1,-1
893,380,695.700,512.830,169.220,357.870,1.0000,-1,-1,-1
893,384,482.990,563.610,107.030,274.780,1.0000,-1,-1,-1
893,386,870.590,536.950,122.920,305.320,1.0000,-1,-1,-1
893,388,652.340,540.780,116.560,305.190,1.0000,-1,-1,-1
894,371,852.630,504.280,211.840,374.250,1.0000,-1,-1,-1
894,372,323.090,517.420,155.810,358.290,1.0000,-1,-1,-1
894,373,1122.610,514.450,128.770,368.830,1.0000,-1,-1,-1
894,374,852.270,466.260,243.090,451.990,1.0000,-1,-1,-1
894,375,1051.460,547.270,112.800,287.680,1.0000,-1,-1,-1
894,376,1233.560,565.400,108.800,255.910,1.0000,-1,-1,-1
894,377,1355.500,509.500,172.920,349.090,1.0000,-1,-1,-1
894,379,489.640,498.630,201.660,398.180,1.0000,-1,-1,-1
894,380,694.300,507.170,196.920,364.050,1.0000,-1,-1,-1
894,384,488.850,562.830,113.000,274.620,1.0000,-1,-1,-1
894,386,851.700,539.340,160.990,303.920,1.0000,-1,-1,-1
894,388,642.070,543.270,126.880,305.030,1.0000,-1,-1,-1
895,371,850.530,537.840,187.970,340.200,1.0000,-1,-1,-1
895,372,321.870,517.460,156.520,358.090,1.0000,-1,-1,-1
895,373,1102.730,512.800,147.880,371.890,1.0000,-1,-1,-1
895,374,852.080,465.370,243.100,452.960,1.0000,-1,-1,-1
895,375,1043.700,548.290,120.780,286.670,1.0000,-1,-1,-1
895,376,1228.060,566.460,105.850,254.730,1.0000,-1,-1,-1
895,377,1355.960,509.900,179.370,348.760,1.0000,-1,-1,-1
895,379,486.300,498.010,192.530,398.320,1.0000,-1,-1,-1
895,380,696.490,504.740,190.290,366.430,1.0000,-1,-1,-1
895,384,486.930,561.150,104.840,275.880,1.0000,-1,-1,-1
895,386,853.800,541.380,135.910,301.450,1.0000,-1,-1,-1
895,388,639.770,544.580,127.220,303.660,1.0000,-1,-1,-1
896,371,854.020,537.460,197.650,340.120,1.0000,-1,-1,-1
896,372,321.760,518.070,154.950,358.020,1.0000,-1,-1,-1
896,373,1108.460,511.690,144.270,373.480,1.0000,-1,-1,-1
896,374,859.450,461.720,224.320,456.570,1.0000,-1,-1,-1
896,375,1042.770,550.150,120.120,284.080,1.0000,-1,-1,-1
896,376,1223.530,567.050,100.650,254.090,1.0000,-1,-1,-1
896,377,1356.660,510.510,189.910,348.180,1.0000,-1,-1,-1
896,379,478.200,496.690,184.900,399.610,1.0000,-1,-1,-1
896,380,700.580,499.000,194.580,372.280,1.0000,-1,-1,-1
896,384,475.720,565.360,114.960,271.230,1.0000,-1,-1,-1
896,386,854.110,539.060,146.430,305.030,1.0000,-1,-1,-1
896,388,638.470,546.170,120.170,301.910,1.0000,-1,-1,-1
897,371,860.660,535.610,186.430,341.750,1.0000,-1,-1,-1
897,372,320.840,517.920,153.510,358.160,1.0000,-1,-1,-1
897,373,1105.720,510.500,147.400,374.790,1.0000,-1,-1,-1
897,374,862.550,460.060,211.510,458.420,1.0000,-1,-1,-1
897,375,1042.950,550.140,119.330,284.360,1.0000,-1,-1,-1
897,376,1225.250,566.970,97.080,254.130,1.0000,-1,-1,-1
897,377,1357.540,510.030,191.020,348.640,1.0000,-1,-1,-1
897,379,470.330,496.770,172.250,399.720,1.0000,-1,-1,-1
897,380,698.320,497.540,199.060,373.690,1.0000,-1,-1,-1
897,384,468.610,565.900,119.860,271.210,1.0000,-1,-1,-1
897,386,859.120,539.720,139.260,304.530,1.0000,-1,-1,-1
897,388,638.630,546.330,112.590,301.760,1.0000,-1,-1,-1
898,371,865.960,513.910,189.270,356.590,1.0000,-1,-1,-1
898,372,319.390,517.950,149.100,358.330,1.0000,-1,-1,-1
898,373,1107.510,508.480,145.610,376.880,1.0000,-1,-1,-1
898,374,859.200,456.590,194.090,461.850,1.0000,-1,-1,-1
898,375,1040.770,549.280,121.140,285.500,1.0000,-1,-1,-1
898,376,1224.490,566.660,95.650,254.440,1.0000,-1,-1,-1
898,377,1360.180,510.180,186.160,348.430,1.0000,-1,-1,-1
898,379,458.420,496.940,177.750,399.790,1.0000,-1,-1,-1
898,380,707.630,495.100,193.350,376.220,1.0000,-1,-1,-1
898,384,472.770,566.440,114.590,270.750,1.0000,-1,-1,-1
898,386,857.920,539.930,145.330,304.200,1.0000,-1,-1,-1
898,388,637.460,546.120,117.050,302.160,1.0000,-1,-1,-1
899,371,868.110,506.260,193.630,369.460,1.0000,-1,-1,-1
899,372,317.570,518.110,150.000,358.550,1.0000,-1,-1,-1
899,373,1107.750,507.850,145.390,377.560,1.0000,-1,-1,-1
899,374,855.380,455.220,176.360,463.200,1.0000,-1,-1,-1
899,375,1041.240,548.760,120.650,286.220,1.0000,-1,-1,-1
899,376,1221.510,566.720,97.600,254.270,1.0000,-1,-1,-1
899,377,1362.160,510.190,183.490,347.860,1.0000,-1,-1,-1
899,379,455.410,497.180,179.450,399.550,1.0000,-1,-1,-1
899,380,706.810,499.510,190.130,371.780,1.0000,-1,-1,-1
899,384,479.250,565.240,108.610,272.260,1.0000,-1,-1,-1
899,386,855.910,540.280,146.890,305.250,1.0000,-1,-1,-1
899,388,637.990,545.800,116.120,302.570,1.0000,-1,-1,-1
900,371,871.190,504.480,196.400,372.430,1.0000,-1,-1,-1
900,372,315.540,518.520,151.420,358.130,1.0000,-1,-1,-1
900,373,1104.670,506.920,148.730,378.530,1.0000,-1,-1,-1
900,374,850.160,452.880,159.810,465.710,1.0000,-1,-1,-1
900,375,1043.370,547.960,118.230,286.900,1.0000,-1,-1,-1
900,376,1222.820,566.920,92.990,253.940,1.0000,-1,-1,-1
900,377,1364.880,509.400,181.430,348.180,1.0000,-1,-1,-1
900,379,451.890,497.170,180.950,399.630,1.0000,-1,-1,-1
900,380,707.030,504.710,175.500,366.540,1.0000,-1,-1,-1
900,384,472.170,562.240,117.660,274.920,1.0000,-1,-1,-1
900,386,851.650,540.090,138.980,304.050,1.0000,-1,-1,-1
900,388,636.770,544.450,116.190,304.020,1.0000,-1,-1,-1
901,371,858.720,505.350,208.940,371.050,1.0000,-1,-1,-1
901,372,314.320,519.250,151.300,357.490,1.0000,-1,-1,-1
901,373,1112.570,506.460,140.890,378.850,1.0000,-1,-1,-1
901,374,849.660,451.950,159.170,466.210,1.0000,-1,-1,-1
901,375,1043.390,547.870,118.650,286.820,1.0000,-1,-1,-1
901,376,1223.000,567.010,92.130,253.840,1.0000,-1,-1,-1
901,377,1365.530,509.790,179.240,347.710,1.0000,-1,-1,-1
901,379,451.240,497.470,180.650,399.280,1.0000,-1,-1,-1
901,380,710.580,505.710,171.190,365.570,1.0000,-1,-1,-1
901,384,478.990,559.420,112.090,277.710,1.0000,-1,-1,-1
901,386,853.940,538.010,145.850,306.170,1.0000,-1,-1,-1
901,388,635.770,542.980,116.940,305.660,1.0000,-1,-1,-1
902,371,855.030,507.260,213.560,369.200,1.0000,-1,-1,-1
902,372,309.190,519.140,152.650,357.480,1.0000,-1,-1,-1
902,373,1107.160,504.030,147.350,381.410,1.0000,-1,-1,-1
902,374,848.890,451.340,159.850,466.630,1.0000,-1,-1,-1
902,375,1045.540,547.130,116.750,287.800,1.0000,-1,-1,-1
902,376,1220.890,567.950,91.810,252.690,1.0000,-1,-1,-1
902,377,1367.740,511.030,178.750,346.280,1.0000,-1,-1,-1
902,379,456.840,498.710,174.160,397.920,1.0000,-1,-1,-1
902,380,710.670,507.350,154.860,364.090,1.0000,-1,-1,-1
902,388,633.530,541.660,131.360,307.250,1.0000,-1,-1,-1
903,371,854.620,508.300,214.030,368.080,1.0000,-1,-1,-1
903,372,306.580,519.210,153.440,357.720,1.0000,-1,-1,-1
903,373,1103.160,504.310,153.540,381.110,1.0000,-1,-1,-1
903,374,842.240,452.450,167.970,465.580,1.0000,-1,-1,-1
903,375,1046.070,546.370,116.220,288.640,1.0000,-1,-1,-1
903,376,1221.830,568.650,89.720,252.040,1.0000,-1,-1,-1
903,377,1368.360,511.840,178.360,345.420,1.0000,-1,-1,-1
903,379,454.970,500.130,175.550,396.370,1.0000,-1,-1,-1
903,380,710.530,507.970,158.670,363.410,1.0000,-1,-1,-1
903,388,633.540,542.820,124.050,306.100,1.0000,-1,-1,-1
904,371,853.420,509.110,215.430,367.130,1.0000,-1,-1,-1
904,372,304.460,519.740,153.330,357.500,1.0000,-1,-1,-1
904,373,1096.490,504.480,161.650,380.770,1.0000,-1,-1,-1
904,374,840.230,453.290,170.170,464.780,1.0000,-1,-1,-1
904,375,1045.320,545.620,116.890,289.450,1.0000,-1,-1,-1
904,376,1223.100,569.430,87.320,251.210,1.0000,-1,-1,-1
904,377,1369.220,513.260,171.570,344.030,1.0000,-1,-1,-1
904,379,456.000,502.190,173.010,394.440,1.0000,-1,-1,-1
904,380,710.580,508.880,150.540,362.350,1.0000,-1,-1,-1
904,388,634.330,544.230,124.830,304.700,1.0000,-1,-1,-1
905,371,900.510,512.340,177.970,363.820,1.0000,-1,-1,-1
905,372,300.520,520.640,154.900,356.890,1.0000,-1,-1,-1
905,373,1070.600,508.340,187.430,376.980,1.0000,-1,-1,-1
905,374,840.280,456.400,170.780,461.620,1.0000,-1,-1,-1
905,375,1045.590,544.310,116.680,290.640,1.0000,-1,-1,-1
905,376,1229.870,571.810,80.000,248.890,1.0000,-1,-1,-1
905,377,1370.430,515.630,168.200,341.750,1.0000,-1,-1,-1
905,379,456.030,506.310,169.190,390.280,1.0000,-1,-1,-1
905,380,711.120,510.950,151.570,360.210,1.0000,-1,-1,-1
905,388,633.650,548.480,130.570,300.280,1.0000,-1,-1,-1
906,371,960.470,512.590,117.140,363.700,1.0000,-1,-1,-1
906,372,297.390,520.920,157.490,356.800,1.0000,-1,-1,-1
906,373,1079.370,510.510,181.730,374.890,1.0000,-1,-1,-1
906,374,843.110,457.630,168.420,460.350,1.0000,-1,-1,-1
906,375,1045.620,544.190,116.470,290.720,1.0000,-1,-1,-1
906,376,1232.640,573.240,76.850,247.430,1.0000,-1,-1,-1
906,377,1370.730,516.640,165.460,340.790,1.0000,-1,-1,-1
906,379,455.460,507.750,168.590,388.670,1.0000,-1,-1,-1
906,380,711.790,512.170,148.030,358.940,1.0000,-1,-1,-1
906,388,632.810,549.200,131.140,299.480,1.0000,-1,-1,-1
907,371,964.530,514.700,117.630,361.670,1.0000,-1,-1,-1
907,372,294.320,522.000,159.770,355.700,1.0000,-1,-1,-1
907,373,1086.410,514.400,181.920,370.920,1.0000,-1,-1,-1
907,374,842.360,461.810,172.370,456.250,1.0000,-1,-1,-1
907,375,1046.630,543.990,115.290,290.810,1.0000,-1,-1,-1
907,376,1232.820,575.660,76.680,244.940,1.0000,-1,-1,-1
907,377,1372.090,518.810,163.590,338.680,1.0000,-1,-1,-1
907,379,453.400,511.010,167.360,385.470,1.0000,-1,-1,-1
907,380,709.030,514.260,147.230,356.900,1.0000,-1,-1,-1
907,388,630.230,552.850,133.510,295.790,1.0000,-1,-1,-1
908,371,961.030,515.810,121.960,360.670,1.0000,-1,-1,-1
908,372,293.730,522.430,159.570,355.260,1.0000,-1,-1,-1
908,373,1089.850,516.060,181.600,369.360,1.0000,-1,-1,-1
908,374,848.880,463.650,166.180,454.490,1.0000,-1,-1,-1
908,375,1046.930,544.450,114.680,290.380,1.0000,-1,-1,-1
908,376,1234.950,576.760,74.680,243.890,1.0000,-1,-1,-1
908,377,1372.340,520.130,163.340,337.330,1.0000,-1,-1,-1
908,379,452.920,513.010,166.830,383.540,1.0000,-1,-1,-1
908,380,708.830,515.530,151.980,355.670,1.0000,-1,-1,-1
908,388,628.850,554.460,134.550,294.280,1.0000,-1,-1,-1
909,371,968.130,517.650,116.750,358.640,1.0000,-1,-1,-1
909,372,291.390,523.960,160.060,353.630,1.0000,-1,-1,-1
909,373,1098.100,520.410,180.040,364.920,1.0000,-1,-1,-1
909,374,848.340,467.380,167.770,450.830,1.0000,-1,-1,-1
909,375,1045.190,545.210,116.130,289.490,1.0000,-1,-1,-1
909,376,1235.970,577.700,73.780,243.000,1.0000,-1,-1,-1
909,377,1373.480,523.640,163.560,333.440,1.0000,-1,-1,-1
909,379,451.950,516.130,167.020,380.520,1.0000,-1,-1,-1
909,380,708.420,518.480,151.680,352.660,1.0000,-1,-1,-1
909,388,628.960,556.840,131.220,291.790,1.0000,-1,-1,-1
910,371,970.880,518.950,114.150,357.430,1.0000,-1,-1,-1
910,372,289.410,524.600,161.570,352.770,1.0000,-1,-1,-1
910,373,1097.340,522.580,185.940,362.870,1.0000,-1,-1,-1
910,374,852.450,469.150,163.840,449.000,1.0000,-1,-1,-1
910,375,1046.340,545.200,114.790,289.460,1.0000,-1,-1,-1
910,376,1238.090,578.370,71.820,242.250,1.0000,-1,-1,-1
910,377,1373.880,525.600,162.320,331.490,1.0000,-1,-1,-1
910,379,453.260,517.710,165.140,379.010,1.0000,-1,-1,-1
910,380,709.250,520.120,148.640,350.900,1.0000,-1,-1,-1
910,388,629.590,558.570,129.040,290.150,1.0000,-1,-1,-1
911,371,968.560,520.310,116.040,356.070,1.0000,-1,-1,-1
911,372,289.620,526.020,159.270,351.370,1.0000,-1,-1,-1
911,373,1093.450,526.820,188.980,358.500,1.0000,-1,-1,-1
911,374,851.480,472.340,165.230,445.720,1.0000,-1,-1,-1
911,375,1046.360,545.800,114.990,288.980,1.0000,-1,-1,-1
911,376,1236.130,579.100,74.320,241.420,1.0000,-1,-1,-1
911,377,1374.700,529.500,164.350,327.560,1.0000,-1,-1,-1
911,379,453.570,520.960,164.730,375.730,1.0000,-1,-1,-1
911,380,709.610,523.070,147.640,347.890,1.0000,-1,-1,-1
911,388,629.180,557.260,128.890,291.450,1.0000,-1,-1,-1
912,371,966.790,521.550,119.420,354.810,1.0000,-1,-1,-1
912,372,288.700,526.840,159.340,350.640,1.0000,-1,-1,-1
912,373,1093.070,528.940,187.350,356.340,1.0000,-1,-1,-1
912,374,855.230,474.060,161.850,443.940,1.0000,-1,-1,-1
912,375,1046.450,547.110,114.900,287.530,1.0000,-1,-1,-1
912,376,1237.950,580.010,74.340,240.610,1.0000,-1,-1,-1
912,377,1374.960,530.680,165.520,326.440,1.0000,-1,-1,-1
912,379,453.410,522.400,164.490,374.400,1.0000,-1,-1,-1
912,380,709.570,525.520,147.050,345.380,1.0000,-1,-1,-1
912,388,629.560,557.260,127.050,291.430,1.0000,-1,-1,-1
913,371,968.410,523.100,118.700,353.350,1.0000,-1,-1,-1
913,372,288.780,528.310,159.170,349.170,1.0000,-1,-1,-1
913,373,1097.390,532.620,182.550,352.700,1.0000,-1,-1,-1
913,374,859.090,477.070,158.610,440.950,1.0000,-1,-1,-1
913,375,1047.670,547.900,114.130,286.880,1.0000,-1,-1,-1
913,376,1240.800,581.820,71.580,238.790,1.0000,-1,-1,-1
913,377,1374.720,531.110,169.910,326.160,1.0000,-1,-1,-1
913,379,452.890,525.140,164.840,371.640,1.0000,-1,-1,-1
913,380,709.800,528.390,145.410,342.410,1.0000,-1,-1,-1
913,384,462.710,567.830,131.460,268.310,1.0000,-1,-1,-1
913,388,629.030,559.050,126.790,289.450,1.0000,-1,-1,-1
914,371,968.180,523.840,119.440,352.490,1.0000,-1,-1,-1
914,372,288.470,528.990,159.440,348.380,1.0000,-1,-1,-1
914,373,1097.140,534.470,185.280,350.830,1.0000,-1,-1,-1
914,374,859.750,478.390,158.860,439.640,1.0000,-1,-1,-1
914,375,1046.950,548.900,114.740,285.830,1.0000,-1,-1,-1
914,376,1241.570,582.280,70.680,238.280,1.0000,-1,-1,-1
914,377,1374.680,531.310,170.840,325.910,1.0000,-1,-1,-1
914,379,453.460,527.350,163.480,369.380,1.0000,-1,-1,-1
914,380,711.750,529.170,143.540,341.620,1.0000,-1,-1,-1
914,384,471.820,566.850,122.860,269.610,1.0000,-1,-1,-1
914,388,629.410,557.300,126.540,291.250,1.0000,-1,-1,-1
915,371,967.630,526.100,120.940,350.210,1.0000,-1,-1,-1
915,372,290.500,530.790,158.650,346.730,1.0000,-1,-1,-1
915,373,1104.490,537.400,177.930,347.930,1.0000,-1,-1,-1
915,374,855.240,479.350,162.460,438.650,1.0000,-1,-1,-1
915,375,1048.040,550.460,113.690,284.270,1.0000,-1,-1,-1
915,376,1244.630,584.230,68.340,236.510,1.0000,-1,-1,-1
915,377,1374.830,531.570,174.080,325.600,1.0000,-1,-1,-1
915,379,455.380,529.120,161.550,367.690,1.0000,-1,-1,-1
915,380,712.800,531.330,142.410,339.530,1.0000,-1,-1,-1
915,388,629.700,562.330,127.270,286.250,1.0000,-1,-1,-1
916,371,966.910,527.280,122.830,349.050,1.0000,-1,-1,-1
916,372,290.720,531.560,159.210,345.950,1.0000,-1,-1,-1
916,373,1104.190,538.780,178.450,346.680,1.0000,-1,-1,-1
916,374,851.360,477.960,166.770,440.060,1.0000,-1,-1,-1
916,375,1051.380,552.200,111.470,282.540,1.0000,-1,-1,-1
916,376,1243.300,585.000,69.780,235.500,1.0000,-1,-1,-1
916,377,1374.980,532.020,175.560,325.120,1.0000,-1,-1,-1
916,379,456.110,527.440,160.820,369.350,1.0000,-1,-1,-1
916,380,712.370,532.570,142.830,338.320,1.0000,-1,-1,-1
916,388,628.830,566.700,127.750,281.560,1.0000,-1,-1,-1
917,371,966.990,529.630,122.730,346.630,1.0000,-1,-1,-1
917,372,293.260,534.180,157.590,343.180,1.0000,-1,-1,-1
917,373,1107.320,541.460,175.590,344.050,1.0000,-1,-1,-1
917,374,843.220,474.310,177.200,443.650,1.0000,-1,-1,-1
917,375,1051.660,554.640,111.910,280.180,1.0000,-1,-1,-1
917,376,1242.840,574.990,70.930,245.560,1.0000,-1,-1,-1
917,377,1374.600,533.250,176.970,323.990,1.0000,-1,-1,-1
917,379,456.960,524.860,160.820,371.900,1.0000,-1,-1,-1
917,380,712.230,534.340,143.390,336.640,1.0000,-1,-1,-1
917,388,628.330,567.540,128.540,280.780,1.0000,-1,-1,-1
918,371,969.140,530.670,120.340,345.540,1.0000,-1,-1,-1
918,372,294.270,535.530,157.130,341.850,1.0000,-1,-1,-1
918,373,1110.540,542.510,173.100,342.930,1.0000,-1,-1,-1
918,374,844.210,473.010,176.600,444.930,1.0000,-1,-1,-1
918,375,1051.790,551.840,111.780,282.780,1.0000,-1,-1,-1
918,376,1243.130,586.610,70.920,234.200,1.0000,-1,-1,-1
918,377,1374.050,533.780,177.580,323.400,1.0000,-1,-1,-1
918,379,456.100,522.060,162.430,374.660,1.0000,-1,-1,-1
918,380,713.740,535.100,142.010,335.820,1.0000,-1,-1,-1
918,388,628.850,565.960,127.490,282.170,1.0000,-1,-1,-1
919,371,968.600,533.490,120.800,342.800,1.0000,-1,-1,-1
919,372,295.670,537.510,155.560,339.780,1.0000,-1,-1,-1
919,373,1111.330,544.560,171.110,340.810,1.0000,-1,-1,-1
919,374,846.290,477.270,173.280,440.630,1.0000,-1,-1,-1
919,375,1054.480,546.450,108.950,287.970,1.0000,-1,-1,-1
919,376,1241.900,587.840,72.640,232.860,1.0000,-1,-1,-1
919,377,1373.510,535.150,177.640,322.180,1.0000,-1,-1,-1
919,379,457.650,518.420,162.550,378.340,1.0000,-1,-1,-1
919,380,712.480,536.950,143.950,334.100,1.0000,-1,-1,-1
919,388,627.580,563.960,127.770,284.370,1.0000,-1,-1,-1
920,371,968.610,535.080,120.970,341.350,1.0000,-1,-1,-1
920,372,296.030,538.390,155.570,338.960,1.0000,-1,-1,-1
920,373,1112.340,544.180,170.460,341.180,1.0000,-1,-1,-1
920,374,846.710,478.360,173.190,439.640,1.0000,-1,-1,-1
920,375,1054.290,546.390,109.490,288.040,1.0000,-1,-1,-1
920,376,1241.460,588.360,73.450,232.330,1.0000,-1,-1,-1
920,377,1373.930,536.070,176.760,321.210,1.0000,-1,-1,-1
920,379,459.590,515.540,161.930,381.190,1.0000,-1,-1,-1
920,380,714.060,538.650,142.980,332.400,1.0000,-1,-1,-1
920,384,465.520,564.180,125.540,271.790,1.0000,-1,-1,-1
920,388,627.500,563.870,127.260,284.410,1.0000,-1,-1,-1
921,371,970.480,537.980,118.680,338.400,1.0000,-1,-1,-1
921,372,297.990,541.840,154.090,335.560,1.0000,-1,-1,-1
921,373,1117.930,544.180,162.750,341.210,1.0000,-1,-1,-1
921,374,848.010,482.150,170.590,435.830,1.0000,-1,-1,-1
921,375,1054.620,540.000,110.750,294.360,1.0000,-1,-1,-1
921,376,1240.990,591.890,74.340,228.840,1.0000,-1,-1,-1
921,377,1374.360,537.600,174.880,319.680,1.0000,-1,-1,-1
921,379,461.310,513.090,162.740,383.640,1.0000,-1,-1,-1
921,380,716.570,536.760,141.880,334.200,1.0000,-1,-1,-1
921,388,628.170,562.260,125.940,286.150,1.0000,-1,-1,-1
922,371,968.960,538.680,120.140,337.740,1.0000,-1,-1,-1
922,372,299.400,542.580,152.560,334.880,1.0000,-1,-1,-1
922,373,1127.660,538.060,153.110,347.370,1.0000,-1,-1,-1
922,374,847.990,496.310,170.230,421.720,1.0000,-1,-1,-1
922,375,1051.510,542.400,112.450,292.060,1.0000,-1,-1,-1
922,376,1239.670,593.350,75.590,227.320,1.0000,-1,-1,-1
922,377,1374.440,539.020,167.770,318.290,1.0000,-1,-1,-1
922,379,461.100,512.420,163.570,384.500,1.0000,-1,-1,-1
922,380,719.520,535.590,140.090,335.400,1.0000,-1,-1,-1
922,388,632.120,561.770,121.700,286.740,1.0000,-1,-1,-1
923,371,971.050,541.550,118.590,334.950,1.0000,-1,-1,-1
923,372,301.590,544.820,151.370,332.670,1.0000,-1,-1,-1
923,373,1116.430,532.420,162.910,353.060,1.0000,-1,-1,-1
923,374,849.280,503.750,168.630,414.230,1.0000,-1,-1,-1
923,375,1047.490,555.490,118.760,279.020,1.0000,-1,-1,-1
923,376,1237.740,594.910,77.520,225.740,1.0000,-1,-1,-1
923,377,1373.670,543.320,163.490,313.970,1.0000,-1,-1,-1
923,379,464.560,510.320,160.620,386.570,1.0000,-1,-1,-1
923,380,721.290,533.440,140.510,337.820,1.0000,-1,-1,-1
923,388,633.060,560.010,120.130,288.410,1.0000,-1,-1,-1
924,371,970.190,543.440,119.900,332.700,1.0000,-1,-1,-1
924,372,302.100,545.600,151.430,331.880,1.0000,-1,-1,-1
924,373,1113.230,529.090,166.080,356.360,1.0000,-1,-1,-1
924,374,849.630,504.690,167.890,413.270,1.0000,-1,-1,-1
924,375,1047.600,554.720,124.770,279.830,1.0000,-1,-1,-1
924,376,1237.980,595.760,77.550,224.930,1.0000,-1,-1,-1
924,377,1373.810,545.370,161.640,312.060,1.0000,-1,-1,-1
924,379,465.790,509.970,159.500,386.930,1.0000,-1,-1,-1
924,380,723.120,530.620,139.830,340.750,1.0000,-1,-1,-1
924,388,633.350,559.390,119.660,288.980,1.0000,-1,-1,-1
925,371,970.140,546.630,119.620,329.700,1.0000,-1,-1,-1
925,372,305.630,545.280,148.580,332.330,1.0000,-1,-1,-1
925,373,1118.270,542.910,161.550,342.700,1.0000,-1,-1,-1
925,374,846.570,506.440,169.240,411.540,1.0000,-1,-1,-1
925,375,1047.270,542.530,119.960,292.030,1.0000,-1,-1,-1
925,376,1235.590,596.170,79.380,224.460,1.0000,-1,-1,-1
925,377,1373.540,549.280,158.490,308.190,1.0000,-1,-1,-1
925,379,468.720,525.310,156.300,371.510,1.0000,-1,-1,-1
925,380,727.250,530.810,135.920,340.670,1.0000,-1,-1,-1
925,388,634.010,557.670,118.670,290.730,1.0000,-1,-1,-1
926,371,968.570,547.640,120.330,328.610,1.0000,-1,-1,-1
926,372,307.290,543.180,147.010,334.450,1.0000,-1,-1,-1
926,373,1121.740,549.800,158.280,335.630,1.0000,-1,-1,-1
926,374,845.460,506.600,169.540,411.330,1.0000,-1,-1,-1
926,375,1046.220,556.800,125.770,277.800,1.0000,-1,-1,-1
926,376,1235.000,595.890,79.740,224.710,1.0000,-1,-1,-1
926,377,1374.070,549.660,154.760,307.780,1.0000,-1,-1,-1
926,379,468.970,537.210,156.410,359.610,1.0000,-1,-1,-1
926,380,727.580,525.090,135.550,346.330,1.0000,-1,-1,-1
926,388,635.230,560.600,118.510,287.850,1.0000,-1,-1,-1
927,371,969.600,546.650,115.180,329.600,1.0000,-1,-1,-1
927,372,307.240,544.840,147.020,332.630,1.0000,-1,-1,-1
927,373,1119.430,549.800,158.760,335.770,1.0000,-1,-1,-1
927,374,844.270,505.780,170.140,412.070,1.0000,-1,-1,-1
927,375,1046.410,564.580,117.880,269.860,1.0000,-1,-1,-1
927,376,1235.360,592.360,78.530,228.180,1.0000,-1,-1,-1
927,377,1374.080,547.400,150.900,310.100,1.0000,-1,-1,-1
927,379,468.780,529.420,157.270,367.350,1.0000,-1,-1,-1
927,380,724.960,531.820,137.480,339.580,1.0000,-1,-1,-1
927,388,638.070,569.210,113.810,279.260,1.0000,-1,-1,-1
928,371,968.150,544.870,115.030,331.420,1.0000,-1,-1,-1
928,372,305.610,542.270,148.410,335.130,1.0000,-1,-1,-1
928,373,1137.850,548.110,139.320,337.480,1.0000,-1,-1,-1
928,374,846.650,503.760,167.050,414.200,1.0000,-1,-1,-1
928,375,1046.930,564.190,119.860,270.180,1.0000,-1,-1,-1
928,376,1235.850,590.460,77.610,230.030,1.0000,-1,-1,-1
928,377,1374.750,544.810,149.250,312.620,1.0000,-1,-1,-1
928,379,466.020,518.620,160.540,378.120,1.0000,-1,-1,-1
928,380,721.760,538.680,140.490,332.730,1.0000,-1,-1,-1
928,388,639.010,582.340,112.320,266.220,1.0000,-1,-1,-1
929,371,964.260,537.450,118.310,339.000,1.0000,-1,-1,-1
929,372,304.800,535.990,150.340,341.380,1.0000,-1,-1,-1
929,373,1141.790,539.310,134.690,346.460,1.0000,-1,-1,-1
929,374,866.740,493.730,145.020,424.220,1.0000,-1,-1,-1
929,375,1043.330,564.190,119.720,270.180,1.0000,-1,-1,-1
929,376,1236.580,584.790,75.740,235.710,1.0000,-1,-1,-1
929,377,1375.220,537.230,145.980,320.130,1.0000,-1,-1,-1
929,379,463.800,498.140,164.590,398.730,1.0000,-1,-1,-1
929,380,716.680,527.130,164.610,344.060,1.0000,-1,-1,-1
929,388,639.510,578.200,112.120,270.060,1.0000,-1,-1,-1
930,371,964.130,533.710,117.090,342.730,1.0000,-1,-1,-1
930,372,304.290,531.960,151.530,345.330,1.0000,-1,-1,-1
930,373,1135.940,533.570,141.410,352.210,1.0000,-1,-1,-1
930,374,869.100,488.050,142.670,429.950,1.0000,-1,-1,-1
930,375,1042.780,563.470,120.490,270.860,1.0000,-1,-1,-1
930,376,1236.390,580.660,75.030,239.760,1.0000,-1,-1,-1
930,377,1375.660,533.090,141.880,324.340,1.0000,-1,-1,-1
930,379,461.960,499.480,166.540,397.340,1.0000,-1,-1,-1
930,380,710.840,516.590,168.190,354.640,1.0000,-1,-1,-1
930,388,639.190,566.860,114.490,281.440,1.0000,-1,-1,-1
931,371,962.940,524.970,116.610,351.260,1.0000,-1,-1,-1
931,372,304.530,526.460,154.960,350.610,1.0000,-1,-1,-1
931,373,1136.160,533.110,140.250,352.580,1.0000,-1,-1,-1
931,374,870.350,479.460,140.430,438.590,1.0000,-1,-1,-1
931,375,1041.920,559.850,121.740,274.390,1.0000,-1,-1,-1
931,376,1238.220,575.980,72.440,244.800,1.0000,-1,-1,-1
931,377,1375.120,525.980,138.520,331.400,1.0000,-1,-1,-1
931,379,455.860,492.350,174.000,404.460,1.0000,-1,-1,-1
931,380,710.980,502.210,168.250,368.880,1.0000,-1,-1,-1
931,388,638.050,558.100,114.730,290.040,1.0000,-1,-1,-1
932,371,960.610,520.910,118.720,355.340,1.0000,-1,-1,-1
932,372,304.980,523.630,157.230,353.520,1.0000,-1,-1,-1
932,373,1135.310,531.210,141.210,354.540,1.0000,-1,-1,-1
932,374,869.860,477.920,139.540,440.140,1.0000,-1,-1,-1
932,375,1042.880,559.130,122.520,275.170,1.0000,-1,-1,-1
932,376,1237.900,573.080,72.270,247.540,1.0000,-1,-1,-1
932,377,1373.520,522.140,139.050,335.390,1.0000,-1,-1,-1
932,379,455.270,494.090,175.310,402.590,1.0000,-1,-1,-1
932,380,711.190,495.430,167.680,375.690,1.0000,-1,-1,-1
932,388,636.280,557.980,116.360,290.160,1.0000,-1,-1,-1
933,371,953.450,513.230,125.280,363.020,1.0000,-1,-1,-1
933,372,307.280,518.560,158.030,358.070,1.0000,-1,-1,-1
933,373,1135.050,527.270,141.560,357.950,1.0000,-1,-1,-1
933,374,873.430,470.160,135.520,447.820,1.0000,-1,-1,-1
933,375,1042.580,552.520,123.110,282.210,1.0000,-1,-1,-1
933,376,1239.670,570.450,69.700,250.440,1.0000,-1,-1,-1
933,377,1370.160,516.120,137.390,341.380,1.0000,-1,-1,-1
933,379,455.110,502.290,176.460,394.380,1.0000,-1,-1,-1
933,380,724.320,482.200,152.910,388.840,1.0000,-1,-1,-1
933,388,633.250,556.530,120.580,292.200,1.0000,-1,-1,-1
934,371,960.460,511.770,117.490,364.620,1.0000,-1,-1,-1
934,372,307.770,516.890,158.950,359.670,1.0000,-1,-1,-1
934,373,1135.680,524.900,137.720,360.440,1.0000,-1,-1,-1
934,374,870.380,465.820,138.070,452.170,1.0000,-1,-1,-1
934,375,1043.520,550.580,119.870,284.410,1.0000,-1,-1,-1
934,376,1239.170,569.550,69.510,251.270,1.0000,-1,-1,-1
934,377,1368.510,514.000,138.620,343.640,1.0000,-1,-1,-1
934,379,455.590,501.930,176.380,394.580,1.0000,-1,-1,-1
934,380,725.540,474.460,153.870,396.530,1.0000,-1,-1,-1
934,388,633.290,557.960,120.310,290.810,1.0000,-1,-1,-1
935,371,962.680,507.730,115.060,368.800,1.0000,-1,-1,-1
935,372,308.760,513.700,158.320,362.910,1.0000,-1,-1,-1
935,373,1124.090,520.460,147.650,364.850,1.0000,-1,-1,-1
935,374,858.880,458.460,145.750,459.480,1.0000,-1,-1,-1
935,375,1043.730,549.640,120.200,285.470,1.0000,-1,-1,-1
935,376,1235.950,569.080,71.620,251.470,1.0000,-1,-1,-1
935,377,1367.710,510.830,139.980,346.340,1.0000,-1,-1,-1
935,379,456.930,492.190,174.500,404.450,1.0000,-1,-1,-1
935,380,719.260,474.490,159.100,396.680,1.0000,-1,-1,-1
935,388,630.850,555.480,123.090,293.310,1.0000,-1,-1,-1
936,371,961.790,507.110,115.500,369.360,1.0000,-1,-1,-1
936,372,310.000,512.640,155.590,363.930,1.0000,-1,-1,-1
936,373,1119.400,517.780,151.670,367.660,1.0000,-1,-1,-1
936,374,840.010,455.350,166.700,462.770,1.0000,-1,-1,-1
936,375,1044.670,549.560,121.180,285.180,1.0000,-1,-1,-1
936,376,1235.390,569.040,71.820,251.480,1.0000,-1,-1,-1
936,377,1366.890,510.430,142.680,346.140,1.0000,-1,-1,-1
936,379,459.490,493.500,171.780,403.500,1.0000,-1,-1,-1
936,380,713.110,480.770,165.300,390.390,1.0000,-1,-1,-1
936,388,631.020,547.450,123.160,301.150,1.0000,-1,-1,-1
937,371,962.710,507.800,113.940,368.670,1.0000,-1,-1,-1
937,372,315.010,512.600,149.390,363.880,1.0000,-1,-1,-1
937,373,1112.890,517.630,159.950,366.220,1.0000,-1,-1,-1
937,374,837.100,452.890,165.990,465.240,1.0000,-1,-1,-1
937,375,1045.850,543.060,120.530,291.170,1.0000,-1,-1,-1
937,376,1233.510,569.360,73.020,251.160,1.0000,-1,-1,-1
937,377,1364.900,510.020,145.740,346.640,1.0000,-1,-1,-1
937,379,461.760,494.340,166.820,396.610,1.0000,-1,-1,-1
937,380,726.710,500.250,148.520,370.920,1.0000,-1,-1,-1
937,388,630.660,547.440,125.140,300.900,1.0000,-1,-1,-1
938,371,957.020,510.700,117.740,365.360,1.0000,-1,-1,-1
938,372,315.580,513.590,147.610,363.040,1.0000,-1,-1,-1
938,373,1107.880,517.650,167.380,365.080,1.0000,-1,-1,-1
938,374,819.280,453.410,178.820,464.630,1.0000,-1,-1,-1
938,375,1053.320,544.530,113.180,290.030,1.0000,-1,-1,-1
938,376,1232.010,569.830,74.750,250.950,1.0000,-1,-1,-1
938,377,1364.440,510.510,145.160,345.980,1.0000,-1,-1,-1
938,379,466.140,505.090,160.840,385.500,1.0000,-1,-1,-1
938,380,717.140,505.000,158.300,366.080,1.0000,-1,-1,-1
938,388,630.490,548.550,125.320,299.690,1.0000,-1,-1,-1
939,371,963.630,519.430,109.630,356.620,1.0000,-1,-1,-1
939,372,318.520,517.000,144.780,359.940,1.0000,-1,-1,-1
939,373,1126.080,518.560,152.830,363.440,1.0000,-1,-1,-1
939,374,828.190,456.830,178.950,461.060,1.0000,-1,-1,-1
939,375,1061.270,542.620,106.650,290.660,1.0000,-1,-1,-1
939,376,1228.160,571.730,79.450,249.410,1.0000,-1,-1,-1
939,377,1373.600,511.600,130.870,344.840,1.0000,-1,-1,-1
939,379,481.610,509.680,140.930,380.770,1.0000,-1,-1,-1
939,380,721.760,513.830,150.420,357.080,1.0000,-1,-1,-1
939,388,628.420,548.460,127.210,299.100,1.0000,-1,-1,-1
940,371,959.500,524.280,113.420,351.520,1.0000,-1,-1,-1
940,372,327.890,519.110,136.890,358.090,1.0000,-1,-1,-1
940,373,1151.160,519.180,132.780,362.890,1.0000,-1,-1,-1
940,374,828.650,460.470,179.270,456.500,1.0000,-1,-1,-1
940,375,1064.380,542.740,107.360,291.030,1.0000,-1,-1,-1
940,376,1227.220,573.460,78.730,246.200,1.0000,-1,-1,-1
940,377,1381.960,511.640,120.840,344.830,1.0000,-1,-1,-1
940,379,482.050,509.380,137.850,381.350,1.0000,-1,-1,-1
940,380,712.080,518.230,154.800,352.940,1.0000,-1,-1,-1
940,388,623.830,549.230,130.140,298.300,1.0000,-1,-1,-1
941,371,954.200,531.410,116.660,344.290,1.0000,-1,-1,-1
941,372,335.510,525.090,124.100,351.780,1.0000,-1,-1,-1
941,373,1108.440,518.350,182.060,363.520,1.0000,-1,-1,-1
941,374,843.180,468.000,161.230,447.040,1.0000,-1,-1,-1
941,375,1038.360,542.700,126.400,289.600,1.0000,-1,-1,-1
941,376,1222.910,577.290,79.810,242.380,1.0000,-1,-1,-1
941,377,1367.450,512.070,137.600,344.480,1.0000,-1,-1,-1
941,379,446.330,511.470,171.390,379.130,1.0000,-1,-1,-1
941,380,693.850,523.620,165.040,348.130,1.0000,-1,-1,-1
941,388,613.810,552.680,146.390,294.760,1.0000,-1,-1,-1
941,389,476.530,558.750,136.520,276.610,1.0000,-1,-1,-1
942,371,954.350,531.410,119.290,344.230,1.0000,-1,-1,-1
942,372,330.550,527.110,130.930,348.810,1.0000,-1,-1,-1
942,373,1126.700,517.520,166.870,364.260,1.0000,-1,-1,-1
942,374,825.780,471.820,175.730,443.110,1.0000,-1,-1,-1
942,375,1042.290,542.900,119.620,290.450,1.0000,-1,-1,-1
942,376,1224.380,578.800,79.620,244.860,1.0000,-1,-1,-1
942,377,1366.170,512.440,137.760,343.750,1.0000,-1,-1,-1
942,379,427.900,510.510,190.100,379.830,1.0000,-1,-1,-1
942,380,687.900,527.650,163.370,344.060,1.0000,-1,-1,-1
942,388,620.200,552.600,137.710,295.000,1.0000,-1,-1,-1
942,389,472.950,542.070,144.060,293.630,1.0000,-1,-1,-1
943,371,955.100,527.060,132.090,348.640,1.0000,-1,-1,-1
943,372,333.120,528.750,135.840,347.820,1.0000,-1,-1,-1
943,373,1121.800,514.960,164.750,366.960,1.0000,-1,-1,-1
943,374,834.810,474.500,159.540,443.510,1.0000,-1,-1,-1
943,375,1066.090,542.880,95.020,287.890,1.0000,-1,-1,-1
943,376,1224.810,580.780,81.660,240.250,1.0000,-1,-1,-1
943,377,1367.330,513.400,160.350,343.620,1.0000,-1,-1,-1
943,379,417.700,508.030,203.740,382.120,1.0000,-1,-1,-1
943,380,713.150,531.880,139.740,339.330,1.0000,-1,-1,-1
943,388,600.080,545.480,154.750,300.270,1.0000,-1,-1,-1
943,389,485.010,521.440,135.510,312.340,1.0000,-1,-1,-1
944,371,962.800,522.550,131.450,353.280,1.0000,-1,-1,-1
944,372,342.690,529.190,148.480,344.780,1.0000,-1,-1,-1
944,373,1152.190,514.800,129.140,367.130,1.0000,-1,-1,-1
944,374,825.020,474.300,163.060,446.400,1.0000,-1,-1,-1
944,375,1073.420,543.500,85.710,287.130,1.0000,-1,-1,-1
944,376,1224.890,581.270,81.170,239.850,1.0000,-1,-1,-1
944,377,1368.910,514.430,178.330,346.750,1.0000,-1,-1,-1
944,379,430.180,505.170,207.610,385.110,1.0000,-1,-1,-1
944,380,721.610,533.370,133.100,339.900,1.0000,-1,-1,-1
944,388,607.620,541.090,148.260,305.660,1.0000,-1,-1,-1
945,371,954.940,512.750,146.160,363.990,1.0000,-1,-1,-1
945,372,353.870,527.510,185.410,348.890,1.0000,-1,-1,-1
945,373,1169.870,511.270,167.980,371.260,1.0000,-1,-1,-1
945,374,840.370,467.950,175.300,454.070,1.0000,-1,-1,-1
945,375,1079.930,544.040,120.990,287.760,1.0000,-1,-1,-1
945,376,1214.370,578.800,131.910,242.070,1.0000,-1,-1,-1
945,377,1371.540,514.700,240.800,346.280,1.0000,-1,-1,-1
945,379,491.130,501.400,189.270,390.320,1.0000,-1,-1,-1
945,380,713.410,532.870,177.160,339.780,1.0000,-1,-1,-1
945,388,627.260,534.000,172.800,311.840,1.0000,-1,-1,-1
946,371,948.500,511.690,208.170,361.780,1.0000,-1,-1,-1
946,372,348.530,527.180,228.880,348.740,1.0000,-1,-1,-1
946,373,1163.680,509.640,220.990,372.950,1.0000,-1,-1,-1
946,374,859.730,465.230,165.510,456.380,1.0000,-1,-1,-1
946,375,1081.110,544.300,155.920,287.040,1.0000,-1,-1,-1
946,376,1188.410,581.570,182.660,238.790,1.0000,-1,-1,-1
946,377,1376.980,513.680,222.860,347.370,1.0000,-1,-1,-1
946,379,504.950,498.680,190.430,397.000,1.0000,-1,-1,-1
946,380,708.860,531.430,186.620,341.090,1.0000,-1,-1,-1
946,388,635.090,524.060,168.360,321.100,1.0000,-1,-1,-1
947,371,945.230,509.040,222.420,363.030,1.0000,-1,-1,-1
947,372,340.010,525.250,238.570,351.590,1.0000,-1,-1,-1
947,373,1136.140,507.040,250.020,375.810,1.0000,-1,-1,-1
947,374,849.850,460.270,288.980,461.240,1.0000,-1,-1,-1
947,375,1080.280,541.790,151.370,289.500,1.0000,-1,-1,-1
947,376,1206.040,576.940,163.950,243.270,1.0000,-1,-1,-1
947,377,1384.090,510.120,184.590,350.920,1.0000,-1,-1,-1
947,379,499.300,492.650,184.420,402.090,1.0000,-1,-1,-1
947,380,714.820,529.810,175.680,342.930,1.0000,-1,-1,-1
947,388,645.820,518.120,151.940,326.950,1.0000,-1,-1,-1
948,371,936.550,511.280,212.840,360.090,1.0000,-1,-1,-1
948,372,337.850,524.120,248.200,352.760,1.0000,-1,-1,-1
948,373,1122.830,506.680,239.800,375.970,1.0000,-1,-1,-1
948,374,850.590,457.640,291.470,463.880,1.0000,-1,-1,-1
948,375,1083.470,543.380,136.200,289.210,1.0000,-1,-1,-1
948,376,1199.940,568.510,163.790,252.220,1.0000,-1,-1,-1
948,377,1385.010,509.340,159.640,351.840,1.0000,-1,-1,-1
948,379,498.880,491.480,170.150,403.530,1.0000,-1,-1,-1
948,380,736.160,529.750,163.690,342.810,1.0000,-1,-1,-1
948,388,633.860,528.840,161.840,315.960,1.0000,-1,-1,-1
948,389,526.280,544.760,146.040,289.660,1.0000,-1,-1,-1
949,371,937.230,514.870,157.430,356.620,1.0000,-1,-1,-1
949,372,355.480,521.070,159.050,355.420,1.0000,-1,-1,-1
949,373,1126.000,507.950,201.510,373.980,1.0000,-1,-1,-1
949,374,853.660,456.600,188.690,465.130,1.0000,-1,-1,-1
949,375,1089.290,545.770,112.070,286.770,1.0000,-1,-1,-1
949,376,1210.650,555.530,115.860,265.660,1.0000,-1,-1,-1
949,377,1374.690,510.260,147.540,351.440,1.0000,-1,-1,-1
949,379,476.480,500.850,181.500,394.490,1.0000,-1,-1,-1
949,380,749.450,529.320,129.560,343.010,1.0000,-1,-1,-1
949,388,630.010,534.870,132.160,310.090,1.0000,-1,-1,-1
949,389,524.500,541.160,116.170,294.450,1.0000,-1,-1,-1
950,371,943.410,514.440,130.320,357.230,1.0000,-1,-1,-1
950,372,361.220,520.110,157.570,356.780,1.0000,-1,-1,-1
950,373,1182.900,507.950,134.910,373.870,1.0000,-1,-1,-1
950,374,849.340,457.500,194.700,464.050,1.0000,-1,-1,-1
950,375,1090.450,545.950,103.830,286.110,1.0000,-1,-1,-1
950,376,1220.770,555.970,96.990,264.760,1.0000,-1,-1,-1
950,377,1375.080,511.360,162.430,350.490,1.0000,-1,-1,-1
950,379,469.620,499.730,191.060,395.750,1.0000,-1,-1,-1
950,380,747.970,530.570,119.660,341.970,1.0000,-1,-1,-1
950,388,638.800,543.600,135.890,301.270,1.0000,-1,-1,-1
950,389,527.610,565.800,102.050,269.800,1.0000,-1,-1,-1
951,371,943.300,514.990,151.910,355.740,1.0000,-1,-1,-1
951,372,360.930,519.710,159.860,356.750,1.0000,-1,-1,-1
951,373,1183.720,507.410,146.130,373.620,1.0000,-1,-1,-1
951,374,836.250,457.000,197.370,464.300,1.0000,-1,-1,-1
951,375,1091.040,546.130,122.490,288.000,1.0000,-1,-1,-1
951,376,1229.640,580.780,80.130,238.810,1.0000,-1,-1,-1
951,377,1373.120,514.450,196.340,347.400,1.0000,-1,-1,-1
951,379,450.830,500.520,211.180,395.650,1.0000,-1,-1,-1
951,380,740.850,531.890,151.280,340.420,1.0000,-1,-1,-1
951,388,653.810,544.820,104.740,299.940,1.0000,-1,-1,-1
951,389,527.150,572.050,109.350,262.900,1.0000,-1,-1,-1
952,371,942.170,514.740,167.520,356.120,1.0000,-1,-1,-1
952,372,351.490,519.690,165.400,357.350,1.0000,-1,-1,-1
952,373,1185.360,507.310,180.690,371.370,1.0000,-1,-1,-1
952,374,828.850,456.420,214.040,464.920,1.0000,-1,-1,-1
952,375,1086.040,546.420,127.380,285.790,1.0000,-1,-1,-1
952,376,1226.910,572.620,93.190,249.130,1.0000,-1,-1,-1
952,377,1377.570,514.340,188.450,347.530,1.0000,-1,-1,-1
952,379,447.790,500.490,210.150,396.020,1.0000,-1,-1,-1
952,380,739.350,530.180,127.890,342.920,1.0000,-1,-1,-1
952,388,658.370,544.760,101.310,299.440,1.0000,-1,-1,-1
952,389,515.260,562.570,114.330,273.170,1.0000,-1,-1,-1
953,371,948.030,512.400,167.420,358.420,1.0000,-1,-1,-1
953,372,347.290,516.460,152.050,360.850,1.0000,-1,-1,-1
953,373,1188.980,506.500,201.260,375.270,1.0000,-1,-1,-1
953,374,815.650,453.210,232.900,468.650,1.0000,-1,-1,-1
953,375,1089.230,547.000,130.650,281.220,1.0000,-1,-1,-1
953,377,1379.510,511.620,171.570,350.520,1.0000,-1,-1,-1
953,379,451.290,500.710,187.380,395.840,1.0000,-1,-1,-1
953,380,724.030,516.050,121.800,358.360,1.0000,-1,-1,-1
953,388,669.070,543.180,96.930,301.090,1.0000,-1,-1,-1
953,389,506.900,565.800,131.230,274.280,1.0000,-1,-1,-1
954,371,946.700,511.040,169.280,358.650,1.0000,-1,-1,-1
954,372,339.210,511.820,152.010,366.120,1.0000,-1,-1,-1
954,373,1195.640,505.340,179.230,376.620,1.0000,-1,-1,-1
954,374,808.180,451.470,230.190,469.930,1.0000,-1,-1,-1
954,375,1087.390,547.060,132.260,281.210,1.0000,-1,-1,-1
954,376,1231.910,577.600,120.720,243.150,1.0000,-1,-1,-1
954,377,1373.150,509.100,159.360,352.710,1.0000,-1,-1,-1
954,379,452.120,500.910,187.350,395.660,1.0000,-1,-1,-1
954,380,715.790,510.640,130.730,363.960,1.0000,-1,-1,-1
954,388,679.430,541.250,88.780,303.360,1.0000,-1,-1,-1
954,389,527.710,560.080,110.960,274.370,1.0000,-1,-1,-1
955,371,964.710,509.160,143.570,360.970,1.0000,-1,-1,-1
955,372,353.430,506.440,115.250,371.600,1.0000,-1,-1,-1
955,373,1205.500,502.970,167.600,378.250,1.0000,-1,-1,-1
955,374,807.220,449.910,202.310,483.840,1.0000,-1,-1,-1
955,375,1085.010,545.660,121.960,282.200,1.0000,-1,-1,-1
955,377,1366.600,505.460,136.940,363.460,1.0000,-1,-1,-1
955,379,459.150,500.490,176.980,397.410,1.0000,-1,-1,-1
955,380,710.570,501.730,124.150,382.130,1.0000,-1,-1,-1
955,388,681.710,538.070,83.650,310.970,1.0000,-1,-1,-1
955,389,532.960,561.860,104.950,272.940,1.0000,-1,-1,-1
956,371,970.130,509.620,136.430,363.870,1.0000,-1,-1,-1
956,372,342.030,503.960,120.250,377.930,1.0000,-1,-1,-1
956,373,1208.660,502.070,157.140,381.360,1.0000,-1,-1,-1
956,374,813.980,449.600,182.570,485.110,1.0000,-1,-1,-1
956,375,1085.240,545.140,118.830,282.820,1.0000,-1,-1,-1
956,377,1363.030,505.870,145.700,363.100,1.0000,-1,-1,-1
956,379,465.570,500.900,153.900,404.360,1.0000,-1,-1,-1
956,380,709.700,496.110,128.250,389.320,1.0000,-1,-1,-1
956,388,679.270,540.430,93.380,308.790,1.0000,-1,-1,-1
956,389,542.820,562.320,89.160,274.530,1.0000,-1,-1,-1
957,371,978.690,513.240,150.830,362.730,1.0000,-1,-1,-1
957,372,326.590,490.950,147.150,391.180,1.0000,-1,-1,-1
957,373,1207.460,501.770,151.770,383.410,1.0000,-1,-1,-1
957,374,827.040,450.200,176.510,485.510,1.0000,-1,-1,-1
957,375,1081.830,545.400,121.820,286.390,1.0000,-1,-1,-1
957,376,1217.600,576.920,117.670,248.520,1.0000,-1,-1,-1
957,377,1358.120,507.760,162.190,361.230,1.0000,-1,-1,-1
957,379,484.490,501.170,135.380,404.710,1.0000,-1,-1,-1
957,380,714.990,479.720,127.500,405.640,1.0000,-1,-1,-1
957,388,671.870,538.870,102.860,310.100,1.0000,-1,-1,-1
957,389,544.890,567.240,77.250,271.490,1.0000,-1,-1,-1
958,371,982.670,515.710,146.360,358.730,1.0000,-1,-1,-1
958,372,327.650,489.040,145.130,392.940,1.0000,-1,-1,-1
958,373,1201.540,501.690,157.260,385.010,1.0000,-1,-1,-1
958,374,827.780,451.370,175.810,484.200,1.0000,-1,-1,-1
958,375,1080.180,546.770,123.870,285.310,1.0000,-1,-1,-1
958,377,1357.230,508.810,167.560,360.100,1.0000,-1,-1,-1
958,379,478.450,501.110,141.930,404.040,1.0000,-1,-1,-1
958,380,713.720,479.910,131.540,405.440,1.0000,-1,-1,-1
958,388,671.040,535.940,108.690,312.930,1.0000,-1,-1,-1
958,389,549.980,568.670,73.210,270.180,1.0000,-1,-1,-1
959,371,943.040,518.670,185.720,356.360,1.0000,-1,-1,-1
959,372,336.030,486.560,156.750,395.990,1.0000,-1,-1,-1
959,373,1205.970,502.360,152.700,384.650,1.0000,-1,-1,-1
959,374,828.000,454.630,175.180,480.770,1.0000,-1,-1,-1
959,375,1082.170,550.560,122.060,281.550,1.0000,-1,-1,-1
959,377,1357.400,510.520,167.140,358.380,1.0000,-1,-1,-1
959,379,489.090,499.640,135.530,405.710,1.0000,-1,-1,-1
959,380,714.380,467.660,134.450,417.880,1.0000,-1,-1,-1
959,388,672.560,536.700,106.490,312.030,1.0000,-1,-1,-1
959,389,522.760,569.520,103.800,275.980,1.0000,-1,-1,-1
960,371,946.160,519.140,182.220,356.360,1.0000,-1,-1,-1
960,372,338.800,483.770,153.380,398.720,1.0000,-1,-1,-1
960,373,1211.290,503.180,147.320,383.520,1.0000,-1,-1,-1
960,374,835.540,455.470,168.940,479.980,1.0000,-1,-1,-1
960,375,1086.270,551.670,117.980,280.740,1.0000,-1,-1,-1
960,377,1358.800,511.060,162.240,358.000,1.0000,-1,-1,-1
960,379,451.500,499.460,175.680,405.610,1.0000,-1,-1,-1
960,380,717.470,464.430,130.100,421.300,1.0000,-1,-1,-1
960,388,672.550,537.590,107.020,310.970,1.0000,-1,-1,-1
960,389,529.700,569.380,98.090,271.290,1.0000,-1,-1,-1
961,371,967.900,518.610,162.080,356.670,1.0000,-1,-1,-1
961,372,338.220,511.410,146.150,370.080,1.0000,-1,-1,-1
961,373,1220.450,503.860,138.200,382.990,1.0000,-1,-1,-1
961,374,849.260,457.770,157.070,477.620,1.0000,-1,-1,-1
961,375,1094.230,551.920,110.070,280.270,1.0000,-1,-1,-1
961,377,1364.650,512.010,147.890,357.190,1.0000,-1,-1,-1
961,379,464.940,499.580,163.250,405.680,1.0000,-1,-1,-1
961,380,730.370,469.580,118.240,415.910,1.0000,-1,-1,-1
961,388,673.140,540.660,107.100,307.710,1.0000,-1,-1,-1
961,389,537.020,569.770,93.150,271.830,1.0000,-1,-1,-1
962,371,968.220,518.610,161.690,356.470,1.0000,-1,-1,-1
962,372,336.280,515.950,140.500,365.850,1.0000,-1,-1,-1
962,373,1221.600,504.090,136.410,382.850,1.0000,-1,-1,-1
962,374,858.550,459.350,149.370,476.000,1.0000,-1,-1,-1
962,375,1094.470,551.840,109.780,280.220,1.0000,-1,-1,-1
962,377,1368.040,512.430,144.570,356.360,1.0000,-1,-1,-1
962,379,474.050,499.570,153.790,405.710,1.0000,-1,-1,-1
962,380,732.390,478.440,117.570,407.000,1.0000,-1,-1,-1
962,388,676.300,549.010,106.420,299.320,1.0000,-1,-1,-1
962,389,542.380,569.800,88.720,265.790,1.0000,-1,-1,-1
963,371,971.710,519.250,158.120,355.960,1.0000,-1,-1,-1
963,372,331.880,517.980,132.460,363.470,1.0000,-1,-1,-1
963,373,1222.270,504.110,136.710,383.630,1.0000,-1,-1,-1
963,374,875.610,459.740,134.330,475.440,1.0000,-1,-1,-1
963,375,1094.240,551.160,109.190,281.090,1.0000,-1,-1,-1
963,377,1385.250,512.120,128.200,356.600,1.0000,-1,-1,-1
963,379,491.220,499.590,140.530,405.870,1.0000,-1,-1,-1
963,380,732.100,492.170,120.290,393.430,1.0000,-1,-1,-1
963,388,676.180,551.040,104.900,297.660,1.0000,-1,-1,-1
963,389,545.880,569.290,86.450,265.640,1.0000,-1,-1,-1
964,371,983.790,519.420,146.300,355.980,1.0000,-1,-1,-1
964,372,329.520,518.710,132.390,362.630,1.0000,-1,-1,-1
964,373,1223.370,504.200,135.700,383.540,1.0000,-1,-1,-1
964,374,877.340,459.390,134.930,475.790,1.0000,-1,-1,-1
964,375,1094.360,550.520,108.860,281.680,1.0000,-1,-1,-1
964,377,1388.580,511.880,121.260,357.510,1.0000,-1,-1,-1
964,379,497.190,500.880,135.710,404.800,1.0000,-1,-1,-1
964,380,731.760,496.620,121.960,389.190,1.0000,-1,-1,-1
964,388,675.830,551.340,105.050,297.120,1.0000,-1,-1,-1
964,389,549.730,568.480,82.850,266.870,1.0000,-1,-1,-1
965,371,988.410,518.990,141.720,356.340,1.0000,-1,-1,-1
965,372,326.940,517.990,134.010,363.140,1.0000,-1,-1,-1
965,373,1225.350,502.460,133.880,384.850,1.0000,-1,-1,-1
965,374,878.660,456.330,129.840,480.740,1.0000,-1,-1,-1
965,375,1095.300,548.820,107.560,283.070,1.0000,-1,-1,-1
965,377,1388.070,511.820,112.260,357.660,1.0000,-1,-1,-1
965,379,495.520,501.770,135.860,404.000,1.0000,-1,-1,-1
965,380,731.360,501.620,121.610,384.240,1.0000,-1,-1,-1
965,388,676.290,551.260,103.580,297.640,1.0000,-1,-1,-1
965,389,546.670,567.030,82.910,268.190,1.0000,-1,-1,-1
966,371,988.830,519.180,141.130,356.240,1.0000,-1,-1,-1
966,372,327.060,518.140,133.820,363.020,1.0000,-1,-1,-1
966,373,1225.860,501.510,133.220,386.100,1.0000,-1,-1,-1
966,374,878.840,455.200,124.100,482.740,1.0000,-1,-1,-1
966,375,1096.600,549.010,106.250,283.060,1.0000,-1,-1,-1
966,377,1388.190,511.290,108.740,358.020,1.0000,-1,-1,-1
966,379,496.240,502.020,133.390,403.900,1.0000,-1,-1,-1
966,380,731.500,506.430,119.750,379.130,1.0000,-1,-1,-1
966,388,676.590,551.240,102.470,298.150,1.0000,-1,-1,-1
966,389,550.920,566.310,78.890,269.160,1.0000,-1,-1,-1
967,371,985.680,520.430,144.220,354.660,1.0000,-1,-1,-1
967,372,327.780,517.300,130.400,364.150,1.0000,-1,-1,-1
967,373,1225.680,499.400,133.680,388.430,1.0000,-1,-1,-1
967,374,876.590,451.490,128.000,487.120,1.0000,-1,-1,-1
967,375,1098.960,549.020,103.450,283.490,1.0000,-1,-1,-1
967,377,1388.010,510.370,100.460,359.120,1.0000,-1,-1,-1
967,379,500.140,503.380,126.020,402.150,1.0000,-1,-1,-1
967,380,732.710,507.960,114.120,377.610,1.0000,-1,-1,-1
967,388,676.950,549.950,100.460,300.180,1.0000,-1,-1,-1
967,389,556.370,564.610,71.660,271.250,1.0000,-1,-1,-1
968,371,987.340,521.180,142.220,353.780,1.0000,-1,-1,-1
968,372,328.350,517.390,130.310,363.740,1.0000,-1,-1,-1
968,373,1225.180,498.690,134.650,389.640,1.0000,-1,-1,-1
968,374,874.310,450.100,124.520,488.620,1.0000,-1,-1,-1
968,375,1100.410,548.740,101.570,283.720,1.0000,-1,-1,-1
968,377,1388.200,509.790,99.640,359.860,1.0000,-1,-1,-1
968,379,500.050,503.680,124.910,402.080,1.0000,-1,-1,-1
968,380,733.030,508.530,112.890,377.040,1.0000,-1,-1,-1
968,388,676.470,549.670,102.140,300.390,1.0000,-1,-1,-1
968,389,559.710,564.350,68.700,271.200,1.0000,-1,-1,-1
969,371,985.610,521.230,143.820,353.820,1.0000,-1,-1,-1
969,372,330.210,517.080,130.280,364.530,1.0000,-1,-1,-1
969,373,1225.240,497.580,134.900,390.860,1.0000,-1,-1,-1
969,374,870.920,449.050,127.640,489.620,1.0000,-1,-1,-1
969,375,1102.870,548.560,99.070,283.840,1.0000,-1,-1,-1
969,377,1388.540,508.610,99.540,361.010,1.0000,-1,-1,-1
969,379,501.200,503.860,119.360,402.290,1.0000,-1,-1,-1
969,380,735.040,508.320,107.560,377.350,1.0000,-1,-1,-1
969,388,675.610,548.590,100.740,301.370,1.0000,-1,-1,-1
969,389,561.310,564.120,68.550,273.370,1.0000,-1,-1,-1
970,371,986.040,520.980,143.410,354.020,1.0000,-1,-1,-1
970,372,332.180,516.260,129.810,365.320,1.0000,-1,-1,-1
970,373,1225.660,497.450,134.320,390.610,1.0000,-1,-1,-1
970,374,868.580,448.930,129.270,489.670,1.0000,-1,-1,-1
970,375,1103.400,548.650,98.380,283.490,1.0000,-1,-1,-1
970,377,1388.570,507.750,99.430,361.830,1.0000,-1,-1,-1
970,379,502.110,503.900,121.640,402.320,1.0000,-1,-1,-1
970,380,735.330,508.060,105.170,377.720,1.0000,-1,-1,-1
970,388,675.040,548.290,101.140,302.070,1.0000,-1,-1,-1
970,389,557.840,563.990,73.970,275.060,1.0000,-1,-1,-1
971,371,987.050,520.480,142.720,354.860,1.0000,-1,-1,-1
971,372,336.580,514.810,128.620,366.600,1.0000,-1,-1,-1
971,373,1226.110,497.300,134.060,390.700,1.0000,-1,-1,-1
971,374,863.070,448.750,136.420,489.920,1.0000,-1,-1,-1
971,375,1104.240,548.720,97.110,283.730,1.0000,-1,-1,-1
971,377,1388.190,506.880,99.480,362.760,1.0000,-1,-1,-1
971,379,502.180,502.930,125.240,403.410,1.0000,-1,-1,-1
971,380,735.260,508.000,104.090,377.740,1.0000,-1,-1,-1
971,388,673.110,547.900,103.260,302.200,1.0000,-1,-1,-1
971,389,545.710,563.850,88.540,275.770,1.0000,-1,-1,-1
972,371,987.320,520.120,142.410,355.190,1.0000,-1,-1,-1
972,372,337.940,514.050,129.180,367.430,1.0000,-1,-1,-1
972,373,1226.920,497.320,133.440,391.140,1.0000,-1,-1,-1
972,374,860.250,448.950,140.310,489.710,1.0000,-1,-1,-1
972,375,1104.280,548.760,97.100,283.600,1.0000,-1,-1,-1
972,377,1387.750,506.510,99.750,363.210,1.0000,-1,-1,-1
972,379,502.620,502.560,123.520,404.000,1.0000,-1,-1,-1
972,380,734.390,507.970,104.980,377.470,1.0000,-1,-1,-1
972,388,672.320,547.710,104.170,302.260,1.0000,-1,-1,-1
972,389,548.050,564.010,86.760,276.240,1.0000,-1,-1,-1
973,371,989.920,519.780,139.760,355.670,1.0000,-1,-1,-1
973,372,339.780,512.610,130.310,368.890,1.0000,-1,-1,-1
973,373,1228.610,497.490,131.700,391.080,1.0000,-1,-1,-1
973,374,857.180,448.420,141.030,490.430,1.0000,-1,-1,-1
973,375,1104.090,548.780,97.270,283.670,1.0000,-1,-1,-1
973,377,1385.820,506.410,101.170,362.950,1.0000,-1,-1,-1
973,379,504.350,500.760,122.330,405.160,1.0000,-1,-1,-1
973,380,732.280,507.780,107.010,377.390,1.0000,-1,-1,-1
973,388,669.570,547.490,107.090,302.200,1.0000,-1,-1,-1
973,389,545.540,564.760,90.840,276.040,1.0000,-1,-1,-1
974,371,989.220,519.760,140.510,355.620,1.0000,-1,-1,-1
974,372,340.480,512.040,131.460,369.270,1.0000,-1,-1,-1
974,373,1228.820,497.560,131.190,390.800,1.0000,-1,-1,-1
974,374,856.480,447.400,144.120,491.370,1.0000,-1,-1,-1
974,375,1104.110,549.010,97.330,283.450,1.0000,-1,-1,-1
974,377,1384.910,506.350,101.960,363.120,1.0000,-1,-1,-1
974,379,505.440,499.640,110.980,406.060,1.0000,-1,-1,-1
974,380,731.460,508.090,107.740,377.170,1.0000,-1,-1,-1
974,388,668.590,547.170,107.290,302.300,1.0000,-1,-1,-1
974,389,544.000,564.810,93.750,275.580,1.0000,-1,-1,-1
975,371,988.800,519.260,140.900,356.110,1.0000,-1,-1,-1
975,372,341.220,511.770,136.720,369.230,1.0000,-1,-1,-1
975,373,1229.960,497.800,129.840,390.430,1.0000,-1,-1,-1
975,374,855.890,447.060,143.110,491.820,1.0000,-1,-1,-1
975,375,1104.320,549.400,97.080,282.960,1.0000,-1,-1,-1
975,377,1383.520,506.110,102.870,363.430,1.0000,-1,-1,-1
975,379,504.900,498.890,112.670,406.370,1.0000,-1,-1,-1
975,380,730.700,507.870,108.220,377.620,1.0000,-1,-1,-1
975,388,665.360,546.650,109.900,302.620,1.0000,-1,-1,-1
975,389,540.600,564.730,98.010,275.890,1.0000,-1,-1,-1
976,371,989.700,518.950,139.860,356.110,1.0000,-1,-1,-1
976,372,341.470,511.670,139.690,369.510,1.0000,-1,-1,-1
976,373,1230.650,497.840,129.460,390.720,1.0000,-1,-1,-1
976,374,860.430,446.890,139.430,492.150,1.0000,-1,-1,-1
976,375,1104.460,549.260,97.100,282.910,1.0000,-1,-1,-1
976,377,1383.240,505.980,103.370,363.570,1.0000,-1,-1,-1
976,379,503.470,498.670,119.160,406.380,1.0000,-1,-1,-1
976,380,729.960,507.510,108.920,378.060,1.0000,-1,-1,-1
976,388,664.240,546.510,110.760,302.440,1.0000,-1,-1,-1
976,389,535.040,564.740,103.180,275.790,1.0000,-1,-1,-1
977,371,988.740,518.690,141.850,356.510,1.0000,-1,-1,-1
977,372,343.450,510.750,138.940,369.710,1.0000,-1,-1,-1
977,373,1232.080,497.860,128.290,390.720,1.0000,-1,-1,-1
977,374,861.230,446.710,139.070,492.350,1.0000,-1,-1,-1
977,375,1104.630,549.450,96.630,282.860,1.0000,-1,-1,-1
977,377,1382.000,505.950,104.430,363.450,1.0000,-1,-1,-1
977,379,502.340,498.180,119.910,406.560,1.0000,-1,-1,-1
977,380,728.110,507.470,110.250,378.040,1.0000,-1,-1,-1
977,388,661.010,546.110,113.580,302.950,1.0000,-1,-1,-1
977,389,535.270,564.590,104.400,276.130,1.0000,-1,-1,-1
978,371,988.310,518.820,142.500,356.190,1.0000,-1,-1,-1
978,372,344.310,510.620,138.170,369.530,1.0000,-1,-1,-1
978,373,1232.600,497.940,127.770,390.570,1.0000,-1,-1,-1
978,374,858.930,446.870,141.220,492.210,1.0000,-1,-1,-1
978,375,1104.760,548.850,96.440,283.350,1.0000,-1,-1,-1
978,377,1381.190,505.940,105.370,363.370,1.0000,-1,-1,-1
978,379,501.670,498.130,123.770,406.740,1.0000,-1,-1,-1
978,380,727.280,507.340,111.050,378.070,1.0000,-1,-1,-1
978,388,659.810,546.160,114.140,303.260,1.0000,-1,-1,-1
978,389,536.910,565.330,103.590,275.700,1.0000,-1,-1,-1
979,371,987.940,519.120,144.130,355.830,1.0000,-1,-1,-1
979,372,344.550,510.250,138.770,370.510,1.0000,-1,-1,-1
979,373,1233.040,497.940,127.200,390.330,1.0000,-1,-1,-1
979,374,852.640,446.810,148.480,492.640,1.0000,-1,-1,-1
979,375,1104.960,548.190,96.450,284.440,1.0000,-1,-1,-1
979,377,1379.200,505.780,107.730,363.340,1.0000,-1,-1,-1
979,379,499.500,498.590,129.160,406.100,1.0000,-1,-1,-1
979,380,723.750,507.770,114.310,377.690,1.0000,-1,-1,-1
979,388,657.770,545.670,114.470,303.930,1.0000,-1,-1,-1
979,389,537.990,566.240,102.180,274.790,1.0000,-1,-1,-1
980,371,988.380,519.790,144.100,355.230,1.0000,-1,-1,-1
980,372,344.710,509.930,139.080,370.030,1.0000,-1,-1,-1
980,373,1233.050,497.770,127.180,390.610,1.0000,-1,-1,-1
980,374,849.150,446.790,152.050,492.540,1.0000,-1,-1,-1
980,375,1104.890,548.190,96.530,284.480,1.0000,-1,-1,-1
980,377,1378.040,506.100,109.260,362.870,1.0000,-1,-1,-1
980,379,498.630,498.630,129.100,405.880,1.0000,-1,-1,-1
980,380,722.830,507.830,115.020,377.490,1.0000,-1,-1,-1
980,388,656.740,545.420,113.850,303.960,1.0000,-1,-1,-1
980,389,540.940,566.220,99.260,274.810,1.0000,-1,-1,-1
981,371,988.250,520.520,145.080,354.460,1.0000,-1,-1,-1
981,372,343.100,509.600,140.830,370.080,1.0000,-1,-1,-1
981,373,1231.580,497.700,128.600,390.610,1.0000,-1,-1,-1
981,374,842.680,447.690,158.200,491.150,1.0000,-1,-1,-1
981,375,1104.900,548.070,96.430,284.520,1.0000,-1,-1,-1
981,377,1377.380,506.780,112.950,362.130,1.0000,-1,-1,-1
981,379,496.230,499.310,133.250,405.250,1.0000,-1,-1,-1
981,380,719.770,508.050,118.280,377.250,1.0000,-1,-1,-1
981,388,655.000,544.830,115.610,304.600,1.0000,-1,-1,-1
981,389,540.380,566.210,99.880,275.170,1.0000,-1,-1,-1
982,371,987.640,520.930,145.930,353.950,1.0000,-1,-1,-1
982,372,341.390,509.570,141.770,370.240,1.0000,-1,-1,-1
982,373,1228.050,497.710,132.000,390.670,1.0000,-1,-1,-1
982,374,839.610,448.600,161.070,490.320,1.0000,-1,-1,-1
982,375,1104.840,547.920,96.560,284.630,1.0000,-1,-1,-1
982,377,1376.580,507.400,114.490,361.590,1.0000,-1,-1,-1
982,379,494.980,499.510,132.590,405.300,1.0000,-1,-1,-1
982,380,718.400,508.460,119.670,376.860,1.0000,-1,-1,-1
982,388,654.120,544.850,116.570,304.450,1.0000,-1,-1,-1
982,389,539.560,566.260,100.660,274.990,1.0000,-1,-1,-1
983,371,986.020,521.030,148.290,353.840,1.0000,-1,-1,-1
983,372,337.780,509.320,141.610,370.590,1.0000,-1,-1,-1
983,373,1223.180,498.270,136.960,390.060,1.0000,-1,-1,-1
983,374,834.600,449.840,165.840,489.390,1.0000,-1,-1,-1
983,375,1105.100,547.950,96.260,284.570,1.0000,-1,-1,-1
983,377,1375.220,508.220,118.530,360.650,1.0000,-1,-1,-1
983,379,491.690,499.380,141.310,405.420,1.0000,-1,-1,-1
983,380,716.750,509.170,121.210,376.110,1.0000,-1,-1,-1
983,388,653.830,544.750,116.100,304.490,1.0000,-1,-1,-1
983,389,540.070,567.220,98.700,273.980,1.0000,-1,-1,-1
984,371,985.100,520.740,149.700,354.330,1.0000,-1,-1,-1
984,372,335.370,509.530,141.430,370.500,1.0000,-1,-1,-1
984,373,1219.270,498.740,141.020,389.570,1.0000,-1,-1,-1
984,374,831.690,450.060,168.570,489.270,1.0000,-1,-1,-1
984,375,1104.960,547.930,96.490,284.740,1.0000,-1,-1,-1
984,377,1374.760,508.450,119.460,360.430,1.0000,-1,-1,-1
984,379,490.820,499.820,144.160,405.050,1.0000,-1,-1,-1
984,380,715.200,509.580,122.910,375.760,1.0000,-1,-1,-1
984,388,653.450,544.680,115.470,303.940,1.0000,-1,-1,-1
984,389,541.170,567.050,97.310,273.980,1.0000,-1,-1,-1
985,371,984.560,520.760,150.750,355.090,1.0000,-1,-1,-1
985,372,330.060,509.910,140.290,370.080,1.0000,-1,-1,-1
985,373,1211.750,500.170,148.500,388.180,1.0000,-1,-1,-1
985,374,828.080,451.050,170.290,488.520,1.0000,-1,-1,-1
985,375,1104.390,547.760,97.000,284.900,1.0000,-1,-1,-1
985,377,1374.100,509.020,122.150,359.890,1.0000,-1,-1,-1
985,379,487.310,499.760,146.510,405.700,1.0000,-1,-1,-1
985,380,711.860,510.260,127.320,374.980,1.0000,-1,-1,-1
985,388,652.560,545.170,113.700,303.300,1.0000,-1,-1,-1
985,389,540.410,567.220,97.440,273.710,1.0000,-1,-1,-1
986,371,985.470,520.700,150.050,354.540,1.0000,-1,-1,-1
986,372,326.720,509.810,140.560,370.230,1.0000,-1,-1,-1
986,373,1207.510,501.170,151.670,386.610,1.0000,-1,-1,-1
986,374,825.040,451.670,172.400,487.910,1.0000,-1,-1,-1
986,375,1104.320,547.660,97.220,284.800,1.0000,-1,-1,-1
986,377,1373.990,509.000,123.000,359.760,1.0000,-1,-1,-1
986,379,486.310,499.940,146.480,405.580,1.0000,-1,-1,-1
986,380,710.730,510.780,129.220,374.310,1.0000,-1,-1,-1
986,388,652.510,545.580,112.750,303.030,1.0000,-1,-1,-1
986,389,536.400,566.150,101.140,274.740,1.0000,-1,-1,-1
987,371,947.060,522.750,184.000,353.750,1.0000,-1,-1,-1
987,372,320.280,510.360,141.040,369.720,1.0000,-1,-1,-1
987,373,1198.750,504.270,159.910,383.250,1.0000,-1,-1,-1
987,374,820.470,453.250,176.970,487.180,1.0000,-1,-1,-1
987,375,1101.620,547.680,100.110,284.860,1.0000,-1,-1,-1
987,377,1373.750,510.000,126.490,358.640,1.0000,-1,-1,-1
987,379,486.120,501.020,146.040,403.960,1.0000,-1,-1,-1
987,380,707.470,511.600,134.180,374.290,1.0000,-1,-1,-1
987,388,652.380,548.870,112.500,299.430,1.0000,-1,-1,-1
987,389,539.150,568.200,97.460,272.360,1.0000,-1,-1,-1
988,371,979.720,524.580,150.230,351.330,1.0000,-1,-1,-1
988,372,317.980,510.440,141.830,369.870,1.0000,-1,-1,-1
988,373,1193.810,506.440,164.340,380.990,1.0000,-1,-1,-1
988,374,818.240,454.620,179.050,486.020,1.0000,-1,-1,-1
988,375,1096.980,547.400,105.320,285.420,1.0000,-1,-1,-1
988,377,1374.430,510.740,128.230,358.120,1.0000,-1,-1,-1
988,379,488.050,501.790,147.030,403.110,1.0000,-1,-1,-1
988,380,705.850,512.150,136.160,373.700,1.0000,-1,-1,-1
988,388,652.520,552.240,110.690,296.380,1.0000,-1,-1,-1
988,389,539.650,568.750,95.250,271.510,1.0000,-1,-1,-1
989,371,980.700,529.070,150.210,346.760,1.0000,-1,-1,-1
989,372,313.100,510.540,144.390,370.050,1.0000,-1,-1,-1
989,373,1188.110,513.970,170.200,373.540,1.0000,-1,-1,-1
989,374,814.890,457.830,182.510,482.840,1.0000,-1,-1,-1
989,375,1096.410,548.310,106.770,284.490,1.0000,-1,-1,-1
989,377,1376.100,512.010,131.830,356.840,1.0000,-1,-1,-1
989,379,494.330,502.530,139.600,401.960,1.0000,-1,-1,-1
989,380,702.980,513.320,139.080,372.200,1.0000,-1,-1,-1
989,388,652.570,558.900,110.950,289.570,1.0000,-1,-1,-1
989,389,545.200,568.470,89.390,272.000,1.0000,-1,-1,-1
990,371,983.420,529.130,149.160,346.520,1.0000,-1,-1,-1
990,372,313.580,510.120,142.600,370.760,1.0000,-1,-1,-1
990,373,1186.880,516.770,171.320,369.740,1.0000,-1,-1,-1
990,374,812.160,457.690,185.360,482.800,1.0000,-1,-1,-1
990,375,1100.400,548.630,102.920,283.660,1.0000,-1,-1,-1
990,377,1377.390,512.880,134.120,355.950,1.0000,-1,-1,-1
990,379,494.030,500.990,139.270,403.460,1.0000,-1,-1,-1
990,380,701.290,513.050,139.470,372.320,1.0000,-1,-1,-1
990,388,652.840,559.450,110.650,288.760,1.0000,-1,-1,-1
990,389,543.660,566.980,90.050,273.080,1.0000,-1,-1,-1
991,371,991.400,523.030,127.620,351.690,1.0000,-1,-1,-1
991,372,317.560,506.060,136.110,374.400,1.0000,-1,-1,-1
991,373,1188.480,516.610,158.620,367.040,1.0000,-1,-1,-1
991,374,809.850,453.360,175.290,481.170,1.0000,-1,-1,-1
991,375,1102.950,547.730,100.500,284.480,1.0000,-1,-1,-1
991,377,1376.670,512.510,137.460,356.750,1.0000,-1,-1,-1
991,379,494.350,495.940,129.640,405.140,1.0000,-1,-1,-1
991,380,699.690,509.970,138.770,374.490,1.0000,-1,-1,-1
991,388,653.240,558.560,112.490,288.890,1.0000,-1,-1,-1
991,389,546.730,563.500,85.430,276.410,1.0000,-1,-1,-1
992,371,995.330,518.420,108.670,355.960,1.0000,-1,-1,-1
992,372,321.330,504.860,131.200,374.970,1.0000,-1,-1,-1
992,373,1192.100,510.310,154.600,372.710,1.0000,-1,-1,-1
992,374,813.490,449.190,165.520,480.530,1.0000,-1,-1,-1
992,375,1104.710,544.840,98.340,287.040,1.0000,-1,-1,-1
992,377,1377.610,511.830,136.540,357.010,1.0000,-1,-1,-1
992,379,503.490,491.590,122.740,409.160,1.0000,-1,-1,-1
992,380,701.290,505.720,132.190,375.140,1.0000,-1,-1,-1
992,388,654.920,556.380,112.380,289.550,1.0000,-1,-1,-1
992,389,544.830,560.070,86.920,280.450,1.0000,-1,-1,-1
993,371,999.860,515.080,89.280,359.670,1.0000,-1,-1,-1
993,372,333.010,503.970,117.600,378.390,1.0000,-1,-1,-1
993,373,1213.990,495.090,119.230,393.270,1.0000,-1,-1,-1
993,374,826.510,441.030,139.240,484.410,1.0000,-1,-1,-1
993,375,1110.840,536.740,91.030,296.670,1.0000,-1,-1,-1
993,377,1394.780,506.670,115.530,358.130,1.0000,-1,-1,-1
993,379,517.920,489.930,100.260,414.870,1.0000,-1,-1,-1
993,380,708.160,500.400,113.380,381.470,1.0000,-1,-1,-1
993,388,661.720,550.230,115.740,298.830,1.0000,-1,-1,-1
993,389,548.750,556.780,84.990,283.090,1.0000,-1,-1,-1
994,371,997.420,516.180,105.460,358.820,1.0000,-1,-1,-1
994,372,333.870,505.680,117.910,376.470,1.0000,-1,-1,-1
994,373,1228.940,492.580,92.270,398.700,1.0000,-1,-1,-1
994,374,837.650,441.140,124.040,482.870,1.0000,-1,-1,-1
994,375,1113.930,534.740,76.890,298.990,1.0000,-1,-1,-1
994,377,1411.740,505.920,97.460,361.010,1.0000,-1,-1,-1
994,379,515.280,494.230,97.150,410.570,1.0000,-1,-1,-1
994,380,714.500,501.490,118.540,379.160,1.0000,-1,-1,-1
994,388,668.140,548.830,104.560,301.040,1.0000,-1,-1,-1
994,389,551.370,557.020,82.950,282.340,1.0000,-1,-1,-1
995,371,993.880,522.090,114.370,352.350,1.0000,-1,-1,-1
995,372,334.340,512.850,120.020,369.850,1.0000,-1,-1,-1
995,373,1226.740,495.140,93.500,395.940,1.0000,-1,-1,-1
995,374,841.070,450.130,143.230,472.850,1.0000,-1,-1,-1
995,375,1118.470,536.380,66.760,296.760,1.0000,-1,-1,-1
995,377,1410.670,511.390,104.740,355.720,1.0000,-1,-1,-1
995,379,511.580,502.110,103.480,402.520,1.0000,-1,-1,-1
995,380,709.490,508.490,134.760,371.210,1.0000,-1,-1,-1
995,388,676.670,550.610,98.110,298.970,1.0000,-1,-1,-1
995,389,544.870,561.570,91.680,278.390,1.0000,-1,-1,-1
996,371,993.400,523.180,115.900,351.260,1.0000,-1,-1,-1
996,372,331.530,517.990,123.660,364.710,1.0000,-1,-1,-1
996,373,1223.510,488.340,97.160,402.780,1.0000,-1,-1,-1
996,374,844.280,457.180,140.340,465.570,1.0000,-1,-1,-1
996,375,1117.120,538.980,69.030,294.810,1.0000,-1,-1,-1
996,377,1411.070,515.910,104.400,351.230,1.0000,-1,-1,-1
996,379,511.330,504.850,104.120,399.580,1.0000,-1,-1,-1
996,380,705.970,512.810,139.690,366.970,1.0000,-1,-1,-1
996,388,675.730,553.530,98.780,296.060,1.0000,-1,-1,-1
996,389,541.750,561.980,95.690,279.100,1.0000,-1,-1,-1
996,390,855.120,514.160,116.480,337.290,1.0000,-1,-1,-1
997,371,996.870,523.380,114.840,351.060,1.0000,-1,-1,-1
997,372,329.820,517.600,126.640,365.030,1.0000,-1,-1,-1
997,373,1214.100,480.300,118.180,409.980,1.0000,-1,-1,-1
997,374,832.660,462.400,156.950,460.180,1.0000,-1,-1,-1
997,375,1117.300,543.120,70.890,290.420,1.0000,-1,-1,-1
997,377,1409.970,519.160,108.210,348.260,1.0000,-1,-1,-1
997,379,511.170,506.490,106.390,398.140,1.0000,-1,-1,-1
997,380,710.350,517.420,136.630,362.460,1.0000,-1,-1,-1
997,388,672.470,555.070,100.560,294.340,1.0000,-1,-1,-1
997,389,538.330,563.660,100.110,275.950,1.0000,-1,-1,-1
997,390,862.060,540.520,104.950,311.710,1.0000,-1,-1,-1
998,371,1001.920,523.380,107.760,351.140,1.0000,-1,-1,-1
998,372,327.570,515.830,128.880,366.610,1.0000,-1,-1,-1
998,373,1208.720,481.500,123.260,408.880,1.0000,-1,-1,-1
998,374,833.460,461.730,155.470,460.540,1.0000,-1,-1,-1
998,375,1118.170,542.470,69.820,290.940,1.0000,-1,-1,-1
998,377,1411.540,518.230,104.640,349.120,1.0000,-1,-1,-1
998,379,510.900,505.440,111.860,399.200,1.0000,-1,-1,-1
998,380,710.140,518.040,138.420,361.790,1.0000,-1,-1,-1
998,388,671.840,554.580,97.940,294.970,1.0000,-1,-1,-1
998,389,538.010,563.640,100.150,275.620,1.0000,-1,-1,-1
998,390,853.770,532.750,115.310,319.660,1.0000,-1,-1,-1
999,371,1004.790,523.200,96.170,351.240,1.0000,-1,-1,-1
999,372,321.740,513.120,132.780,369.690,1.0000,-1,-1,-1
999,373,1199.280,502.410,125.810,388.310,1.0000,-1,-1,-1
999,374,842.550,457.960,141.160,464.440,1.0000,-1,-1,-1
999,375,1120.960,540.850,66.190,293.030,1.0000,-1,-1,-1
999,377,1410.530,514.290,109.940,352.780,1.0000,-1,-1,-1
999,379,509.770,502.510,126.930,402.190,1.0000,-1,-1,-1
999,380,709.810,514.620,141.260,365.150,1.0000,-1,-1,-1
999,388,671.380,554.040,99.510,296.040,1.0000,-1,-1,-1
999,389,547.380,563.040,83.230,276.330,1.0000,-1,-1,-1
999,390,868.720,533.400,106.130,318.480,1.0000,-1,-1,-1
1000,371,1006.950,523.260,87.790,351.130,1.0000,-1,-1,-1
1000,372,319.140,512.110,134.000,370.920,1.0000,-1,-1,-1
1000,373,1205.790,502.380,120.820,388.140,1.0000,-1,-1,-1
1000,374,842.730,457.420,135.830,465.070,1.0000,-1,-1,-1
1000,375,1120.360,540.760,66.780,293.100,1.0000,-1,-1,-1
1000,377,1409.860,511.640,113.830,355.420,1.0000,-1,-1,-1
1000,379,506.730,501.230,130.620,403.670,1.0000,-1,-1,-1
1000,380,712.680,513.300,138.380,366.370,1.0000,-1,-1,-1
1000,388,671.130,553.430,97.550,296.560,1.0000,-1,-1,-1
1000,389,542.520,561.010,84.860,279.460,1.0000,-1,-1,-1
1000,390,874.840,540.100,108.510,312.430,1.0000,-1,-1,-1
1001,371,1008.150,522.240,90.920,352.050,1.0000,-1,-1,-1
1001,372,313.940,510.600,162.490,372.740,1.0000,-1,-1,-1
1001,373,1204.970,500.070,124.990,390.370,1.0000,-1,-1,-1
1001,374,839.670,457.580,142.280,464.870,1.0000,-1,-1,-1
1001,375,1116.030,541.650,70.450,292.290,1.0000,-1,-1,-1
1001,377,1404.850,506.690,121.330,360.510,1.0000,-1,-1,-1
1001,379,494.440,498.540,145.210,406.300,1.0000,-1,-1,-1
1001,380,714.640,508.530,133.230,371.250,1.0000,-1,-1,-1
1001,388,672.800,552.040,93.260,298.260,1.0000,-1,-1,-1
1001,389,539.980,570.770,99.660,268.690,1.0000,-1,-1,-1
1001,390,870.890,540.570,111.010,311.980,1.0000,-1,-1,-1
1002,371,1005.080,521.050,92.930,353.180,1.0000,-1,-1,-1
1002,372,311.010,510.100,187.160,373.620,1.0000,-1,-1,-1
1002,373,1205.680,499.900,124.780,391.340,1.0000,-1,-1,-1
1002,374,836.340,458.680,146.320,463.840,1.0000,-1,-1,-1
1002,375,1113.720,541.870,72.160,292.070,1.0000,-1,-1,-1
1002,377,1403.890,504.860,120.470,362.230,1.0000,-1,-1,-1
1002,379,492.070,498.510,157.160,406.410,1.0000,-1,-1,-1
1002,380,714.020,507.240,147.560,372.550,1.0000,-1,-1,-1
1002,388,670.290,551.150,96.530,299.150,1.0000,-1,-1,-1
1002,389,533.290,572.410,115.200,266.800,1.0000,-1,-1,-1
1002,390,868.180,540.750,115.540,311.580,1.0000,-1,-1,-1
1002,391,1232.460,565.240,97.340,255.730,1.0000,-1,-1,-1
1003,371,991.850,516.420,125.420,357.900,1.0000,-1,-1,-1
1003,372,303.720,508.470,229.470,375.300,1.0000,-1,-1,-1
1003,373,1211.000,499.260,119.450,391.540,1.0000,-1,-1,-1
1003,374,832.340,458.260,148.920,464.430,1.0000,-1,-1,-1
1003,375,1108.210,541.680,77.510,292.120,1.0000,-1,-1,-1
1003,377,1395.710,502.970,118.540,364.030,1.0000,-1,-1,-1
1003,379,489.960,499.860,175.750,405.310,1.0000,-1,-1,-1
1003,380,717.130,505.290,153.210,374.420,1.0000,-1,-1,-1
1003,388,665.990,550.150,99.810,300.200,1.0000,-1,-1,-1
1003,389,532.680,544.270,118.980,294.260,1.0000,-1,-1,-1
1003,390,860.800,539.610,132.050,312.720,1.0000,-1,-1,-1
1004,371,982.050,513.820,145.640,360.400,1.0000,-1,-1,-1
1004,372,301.010,505.840,231.060,377.640,1.0000,-1,-1,-1
1004,373,1208.960,501.800,134.480,389.270,1.0000,-1,-1,-1
1004,374,832.770,456.600,151.610,466.230,1.0000,-1,-1,-1
1004,375,1107.130,541.820,82.740,292.300,1.0000,-1,-1,-1
1004,377,1390.210,502.330,125.920,364.410,1.0000,-1,-1,-1
1004,379,486.410,500.430,179.890,404.870,1.0000,-1,-1,-1
1004,380,718.390,504.700,143.350,374.890,1.0000,-1,-1,-1
1004,388,664.550,550.090,95.790,299.930,1.0000,-1,-1,-1
1004,389,513.420,565.120,139.310,273.920,1.0000,-1,-1,-1
1004,390,860.120,542.120,131.490,309.760,1.0000,-1,-1,-1
1005,371,987.470,511.560,145.530,362.480,1.0000,-1,-1,-1
1005,372,293.940,501.630,240.780,382.220,1.0000,-1,-1,-1
1005,373,1202.420,507.130,194.360,384.370,1.0000,-1,-1,-1
1005,374,838.110,450.350,188.530,472.280,1.0000,-1,-1,-1
1005,375,1106.130,542.120,102.650,292.020,1.0000,-1,-1,-1
1005,377,1383.590,503.720,175.250,362.960,1.0000,-1,-1,-1
1005,379,481.510,499.420,154.430,405.860,1.0000,-1,-1,-1
1005,380,722.880,503.810,143.240,375.780,1.0000,-1,-1,-1
1005,388,665.580,550.800,95.270,299.330,1.0000,-1,-1,-1
1005,389,518.830,547.960,116.700,291.630,1.0000,-1,-1,-1
1005,390,855.500,524.230,116.920,326.720,1.0000,-1,-1,-1
1006,371,980.600,511.760,134.490,362.070,1.0000,-1,-1,-1
1006,372,291.380,498.240,233.660,385.350,1.0000,-1,-1,-1
1006,373,1203.800,509.570,201.620,381.520,1.0000,-1,-1,-1
1006,374,838.200,448.380,194.200,474.320,1.0000,-1,-1,-1
1006,375,1103.840,542.360,107.260,291.400,1.0000,-1,-1,-1
1006,377,1382.710,503.360,179.030,362.980,1.0000,-1,-1,-1
1006,379,480.550,498.140,149.510,407.040,1.0000,-1,-1,-1
1006,380,726.280,503.570,107.370,376.080,1.0000,-1,-1,-1
1006,388,667.710,550.970,91.730,298.990,1.0000,-1,-1,-1
1006,389,527.180,556.010,108.420,283.660,1.0000,-1,-1,-1
1006,390,854.520,514.730,120.160,335.880,1.0000,-1,-1,-1
1007,371,983.650,514.370,126.290,359.910,1.0000,-1,-1,-1
1007,372,288.720,495.560,194.690,387.830,1.0000,-1,-1,-1
1007,373,1209.070,508.270,178.120,383.670,1.0000,-1,-1,-1
1007,374,839.320,446.000,197.130,477.190,1.0000,-1,-1,-1
1007,375,1107.030,542.480,91.770,291.070,1.0000,-1,-1,-1
1007,377,1386.000,501.590,153.830,365.370,1.0000,-1,-1,-1
1007,379,488.870,495.110,127.390,410.020,1.0000,-1,-1,-1
1007,380,729.790,505.720,103.810,374.000,1.0000,-1,-1,-1
1007,388,668.990,551.330,99.950,298.610,1.0000,-1,-1,-1
1007,389,518.890,561.480,114.340,279.200,1.0000,-1,-1,-1
1007,390,864.070,515.680,112.380,335.780,1.0000,-1,-1,-1
1007,391,1249.400,555.970,120.500,265.550,1.0000,-1,-1,-1
1008,371,983.910,514.650,126.440,359.770,1.0000,-1,-1,-1
1008,372,288.910,495.390,164.190,387.950,1.0000,-1,-1,-1
1008,373,1218.050,504.600,117.190,387.120,1.0000,-1,-1,-1
1008,374,838.900,443.720,184.260,479.400,1.0000,-1,-1,-1
1008,375,1107.310,542.330,82.000,291.230,1.0000,-1,-1,-1
1008,377,1397.910,499.030,137.160,368.440,1.0000,-1,-1,-1
1008,379,489.070,493.030,126.270,412.610,1.0000,-1,-1,-1
1008,380,706.380,500.970,130.590,379.320,1.0000,-1,-1,-1
1008,388,669.260,550.160,102.970,299.330,1.0000,-1,-1,-1
1008,389,522.120,553.530,109.720,287.070,1.0000,-1,-1,-1
1008,390,868.330,519.530,111.410,332.230,1.0000,-1,-1,-1
1008,391,1254.060,565.940,131.750,255.920,1.0000,-1,-1,-1
1009,371,986.730,514.070,115.960,360.450,1.0000,-1,-1,-1
1009,372,296.310,497.750,153.400,385.130,1.0000,-1,-1,-1
1009,373,1227.590,492.090,88.340,399.400,1.0000,-1,-1,-1
1009,374,837.460,441.460,154.380,481.580,1.0000,-1,-1,-1
1009,375,1105.810,537.550,78.410,295.920,1.0000,-1,-1,-1
1009,377,1407.250,492.070,126.400,374.940,1.0000,-1,-1,-1
1009,379,487.990,487.570,126.270,418.150,1.0000,-1,-1,-1
1009,380,728.050,498.940,111.980,381.600,1.0000,-1,-1,-1
1009,388,669.800,545.030,96.770,304.560,1.0000,-1,-1,-1
1009,389,526.500,545.690,104.670,294.960,1.0000,-1,-1,-1
1009,390,870.440,529.520,117.150,322.310,1.0000,-1,-1,-1
1009,391,1257.930,561.520,116.750,260.870,1.0000,-1,-1,-1
1010,371,989.490,513.130,111.050,361.390,1.0000,-1,-1,-1
1010,372,303.680,500.980,147.030,381.950,1.0000,-1,-1,-1
1010,373,1223.950,486.580,89.460,403.630,1.0000,-1,-1,-1
1010,374,836.710,441.390,125.530,481.570,1.0000,-1,-1,-1
1010,375,1105.970,535.270,77.120,298.280,1.0000,-1,-1,-1
1010,377,1410.700,486.810,126.460,380.880,1.0000,-1,-1,-1
1010,379,496.390,485.240,119.930,420.610,1.0000,-1,-1,-1
1010,380,735.310,496.920,104.760,383.910,1.0000,-1,-1,-1
1010,388,670.310,541.830,97.330,306.940,1.0000,-1,-1,-1
1010,389,531.460,547.040,100.450,292.900,1.0000,-1,-1,-1
1010,390,868.590,533.290,107.240,318.490,1.0000,-1,-1,-1
1010,391,1256.860,560.150,108.110,262.550,1.0000,-1,-1,-1
1011,371,995.890,511.760,95.680,362.830,1.0000,-1,-1,-1
1011,372,310.610,509.280,140.970,374.130,1.0000,-1,-1,-1
1011,373,1203.670,481.420,116.270,407.790,1.0000,-1,-1,-1
1011,374,834.960,442.850,123.490,479.900,1.0000,-1,-1,-1
1011,375,1108.930,532.370,73.720,301.300,1.0000,-1,-1,-1
1011,377,1404.250,484.280,126.260,383.060,1.0000,-1,-1,-1
1011,379,498.040,487.270,120.200,418.480,1.0000,-1,-1,-1
1011,380,734.470,480.830,107.110,400.030,1.0000,-1,-1,-1
1011,388,669.580,531.980,95.280,317.520,1.0000,-1,-1,-1
1011,389,531.100,545.650,103.790,294.570,1.0000,-1,-1,-1
1011,390,867.960,530.950,108.580,320.830,1.0000,-1,-1,-1
1011,391,1256.770,556.430,75.790,266.050,1.0000,-1,-1,-1
1012,371,999.380,513.240,93.950,361.530,1.0000,-1,-1,-1
1012,372,315.450,512.470,135.820,371.090,1.0000,-1,-1,-1
1012,373,1206.460,482.840,119.280,405.570,1.0000,-1,-1,-1
1012,374,834.360,446.630,126.980,476.370,1.0000,-1,-1,-1
1012,375,1110.820,534.970,73.000,298.880,1.0000,-1,-1,-1
1012,377,1401.130,486.080,125.930,382.130,1.0000,-1,-1,-1
1012,379,496.730,490.300,121.170,415.880,1.0000,-1,-1,-1
1012,380,733.430,471.780,110.390,407.440,1.0000,-1,-1,-1
1012,388,669.340,529.910,95.900,319.110,1.0000,-1,-1,-1
1012,389,526.410,535.620,109.010,304.340,1.0000,-1,-1,-1
1012,390,867.940,522.470,111.570,329.330,1.0000,-1,-1,-1
1012,391,1254.460,553.820,76.180,268.040,1.0000,-1,-1,-1
1013,371,1001.230,517.320,94.010,357.420,1.0000,-1,-1,-1
1013,372,319.680,516.640,134.100,366.710,1.0000,-1,-1,-1
1013,373,1221.090,474.300,102.490,415.840,1.0000,-1,-1,-1
1013,374,834.270,455.540,131.030,467.350,1.0000,-1,-1,-1
1013,375,1112.510,542.170,74.250,291.930,1.0000,-1,-1,-1
1013,377,1404.320,495.280,118.310,373.400,1.0000,-1,-1,-1
1013,379,495.940,499.730,125.600,406.100,1.0000,-1,-1,-1
1013,380,732.400,461.680,110.010,419.360,1.0000,-1,-1,-1
1013,388,667.110,535.500,99.880,315.050,1.0000,-1,-1,-1
1013,389,525.100,540.400,110.200,299.470,1.0000,-1,-1,-1
1013,390,867.020,524.130,113.040,327.830,1.0000,-1,-1,-1
1014,371,1001.540,517.830,95.330,356.750,1.0000,-1,-1,-1
1014,372,319.660,516.510,137.470,366.950,1.0000,-1,-1,-1
1014,373,1220.600,472.400,105.570,417.830,1.0000,-1,-1,-1
1014,374,835.090,456.930,130.340,465.970,1.0000,-1,-1,-1
1014,375,1112.480,542.030,76.150,291.710,1.0000,-1,-1,-1
1014,377,1409.780,502.280,112.000,366.170,1.0000,-1,-1,-1
1014,379,497.720,498.650,120.870,407.360,1.0000,-1,-1,-1
1014,380,721.930,449.260,120.130,431.330,1.0000,-1,-1,-1
1014,388,668.230,539.670,100.700,310.960,1.0000,-1,-1,-1
1014,389,526.090,549.840,110.850,289.630,1.0000,-1,-1,-1
1014,390,865.840,521.410,114.350,330.540,1.0000,-1,-1,-1
1015,371,1003.860,514.640,97.440,359.970,1.0000,-1,-1,-1
1015,372,321.470,509.020,142.120,374.460,1.0000,-1,-1,-1
1015,373,1197.630,473.310,132.650,417.020,1.0000,-1,-1,-1
1015,374,835.150,456.490,131.560,466.150,1.0000,-1,-1,-1
1015,375,1112.240,540.080,80.900,294.250,1.0000,-1,-1,-1
1015,377,1407.460,500.690,112.360,367.640,1.0000,-1,-1,-1
1015,379,495.840,492.930,128.590,412.630,1.0000,-1,-1,-1
1015,380,717.490,440.240,128.580,439.970,1.0000,-1,-1,-1
1015,388,671.270,541.200,97.440,309.060,1.0000,-1,-1,-1
1015,389,529.460,557.490,109.530,281.960,1.0000,-1,-1,-1
1015,390,874.110,546.040,108.070,305.710,1.0000,-1,-1,-1
1016,371,1003.420,513.730,99.800,360.810,1.0000,-1,-1,-1
1016,372,317.640,506.860,149.660,376.450,1.0000,-1,-1,-1
1016,373,1183.270,485.550,143.580,405.830,1.0000,-1,-1,-1
1016,374,836.110,456.120,132.260,466.620,1.0000,-1,-1,-1
1016,375,1107.920,540.180,88.100,294.110,1.0000,-1,-1,-1
1016,377,1403.500,499.360,120.480,369.110,1.0000,-1,-1,-1
1016,379,494.290,492.220,133.030,413.450,1.0000,-1,-1,-1
1016,380,704.010,435.070,143.300,444.640,1.0000,-1,-1,-1
1016,388,671.730,539.060,96.960,311.170,1.0000,-1,-1,-1
1016,389,533.840,556.430,105.250,283.560,1.0000,-1,-1,-1
1016,390,878.650,548.840,105.330,302.860,1.0000,-1,-1,-1
1016,391,1250.080,549.310,85.490,272.590,1.0000,-1,-1,-1
1017,371,1002.480,515.500,102.610,359.580,1.0000,-1,-1,-1
1017,372,305.630,508.020,168.880,375.420,1.0000,-1,-1,-1
1017,373,1175.370,497.070,154.280,394.220,1.0000,-1,-1,-1
1017,374,835.030,457.450,137.810,465.540,1.0000,-1,-1,-1
1017,375,1093.530,543.110,105.200,290.590,1.0000,-1,-1,-1
1017,377,1396.280,502.390,134.650,366.080,1.0000,-1,-1,-1
1017,379,491.260,496.440,145.040,409.310,1.0000,-1,-1,-1
1017,380,714.730,442.540,133.180,436.910,1.0000,-1,-1,-1
1017,388,669.530,538.660,96.110,311.570,1.0000,-1,-1,-1
1017,389,529.830,568.130,106.470,271.220,1.0000,-1,-1,-1
1017,390,873.950,551.400,108.560,300.200,1.0000,-1,-1,-1
1017,391,1249.670,564.570,91.980,257.390,1.0000,-1,-1,-1
1018,371,998.330,517.450,107.490,357.640,1.0000,-1,-1,-1
1018,372,298.420,509.870,178.130,373.470,1.0000,-1,-1,-1
1018,373,1175.410,496.860,154.730,393.930,1.0000,-1,-1,-1
1018,374,833.910,459.990,138.640,463.140,1.0000,-1,-1,-1
1018,375,1088.180,543.340,110.470,290.110,1.0000,-1,-1,-1
1018,377,1392.260,505.470,140.220,362.920,1.0000,-1,-1,-1
1018,379,491.660,496.370,130.400,409.210,1.0000,-1,-1,-1
1018,380,706.590,451.600,138.790,427.800,1.0000,-1,-1,-1
1018,388,669.560,541.420,95.700,309.120,1.0000,-1,-1,-1
1018,389,527.240,567.670,107.380,272.210,1.0000,-1,-1,-1
1018,390,875.940,540.570,104.710,311.610,1.0000,-1,-1,-1
1018,391,1250.900,568.570,92.640,253.300,1.0000,-1,-1,-1
1019,371,997.930,515.180,111.050,359.870,1.0000,-1,-1,-1
1019,372,290.970,507.840,184.020,375.640,1.0000,-1,-1,-1
1019,373,1195.550,495.850,144.690,394.980,1.0000,-1,-1,-1
1019,374,829.940,462.540,147.230,460.410,1.0000,-1,-1,-1
1019,375,1086.350,542.010,110.500,292.070,1.0000,-1,-1,-1
1019,377,1387.300,503.670,149.060,364.880,1.0000,-1,-1,-1
1019,379,498.590,490.990,122.300,415.340,1.0000,-1,-1,-1
1019,380,705.990,476.110,134.880,403.820,1.0000,-1,-1,-1
1019,388,668.780,539.650,95.310,310.990,1.0000,-1,-1,-1
1019,389,533.290,565.690,104.920,273.380,1.0000,-1,-1,-1
1019,390,869.280,529.800,109.350,322.230,1.0000,-1,-1,-1
1019,391,1253.470,566.850,90.450,255.450,1.0000,-1,-1,-1
1020,371,997.860,513.000,113.870,362.240,1.0000,-1,-1,-1
1020,372,297.840,504.930,173.050,378.890,1.0000,-1,-1,-1
1020,373,1200.660,493.990,141.520,396.910,1.0000,-1,-1,-1
1020,374,828.570,463.460,153.450,459.440,1.0000,-1,-1,-1
1020,375,1090.490,540.900,104.610,292.600,1.0000,-1,-1,-1
1020,377,1383.730,501.320,154.360,367.020,1.0000,-1,-1,-1
1020,379,501.010,488.990,119.860,417.520,1.0000,-1,-1,-1
1020,380,717.940,493.420,124.240,386.530,1.0000,-1,-1,-1
1020,388,668.090,537.200,90.560,313.320,1.0000,-1,-1,-1
1020,389,536.300,562.930,100.750,276.320,1.0000,-1,-1,-1
1020,390,868.100,531.110,116.130,321.140,1.0000,-1,-1,-1
1020,391,1255.210,565.810,88.300,256.660,1.0000,-1,-1,-1
1021,371,1001.880,509.460,114.180,364.670,1.0000,-1,-1,-1
1021,372,314.760,503.580,168.780,379.940,1.0000,-1,-1,-1
1021,373,1202.420,491.310,139.860,400.760,1.0000,-1,-1,-1
1021,374,826.900,464.320,142.560,458.380,1.0000,-1,-1,-1
1021,375,1095.130,542.210,104.160,292.180,1.0000,-1,-1,-1
1021,377,1372.340,503.560,165.200,364.810,1.0000,-1,-1,-1
1021,379,499.970,490.780,121.850,416.420,1.0000,-1,-1,-1
1021,380,722.420,493.350,124.680,385.400,1.0000,-1,-1,-1
1021,388,667.130,533.810,89.190,316.430,1.0000,-1,-1,-1
1021,389,532.790,554.190,90.900,285.160,1.0000,-1,-1,-1
1021,390,857.390,535.720,132.650,315.230,1.0000,-1,-1,-1
1021,391,1248.400,560.030,93.540,261.900,1.0000,-1,-1,-1
1022,371,1001.790,510.030,112.170,364.720,1.0000,-1,-1,-1
1022,372,316.670,505.120,151.880,378.430,1.0000,-1,-1,-1
1022,373,1202.350,491.930,128.370,400.480,1.0000,-1,-1,-1
1022,374,826.510,466.370,142.630,456.370,1.0000,-1,-1,-1
1022,375,1095.210,544.420,119.280,289.880,1.0000,-1,-1,-1
1022,377,1369.490,508.860,164.770,359.490,1.0000,-1,-1,-1
1022,379,498.940,495.780,143.280,412.110,1.0000,-1,-1,-1
1022,380,721.690,495.690,138.530,383.990,1.0000,-1,-1,-1
1022,388,668.420,534.090,91.220,316.020,1.0000,-1,-1,-1
1022,389,531.900,563.580,110.890,275.980,1.0000,-1,-1,-1
1022,390,857.710,530.940,142.040,318.810,1.0000,-1,-1,-1
1022,391,1250.880,556.230,91.200,264.920,1.0000,-1,-1,-1
1023,371,948.480,514.240,161.260,362.300,1.0000,-1,-1,-1
1023,372,326.430,511.280,144.050,372.540,1.0000,-1,-1,-1
1023,373,1206.500,497.700,120.390,395.780,1.0000,-1,-1,-1
1023,374,822.960,467.710,142.310,454.940,1.0000,-1,-1,-1
1023,375,1093.140,545.670,116.410,288.970,1.0000,-1,-1,-1
1023,377,1367.180,515.650,157.180,352.740,1.0000,-1,-1,-1
1023,379,500.360,500.480,170.260,407.020,1.0000,-1,-1,-1
1023,380,728.140,505.060,147.860,373.590,1.0000,-1,-1,-1
1023,388,662.550,539.130,95.900,312.190,1.0000,-1,-1,-1
1023,389,539.710,564.380,90.220,274.990,1.0000,-1,-1,-1
1023,390,866.550,538.880,120.830,310.860,1.0000,-1,-1,-1
1023,391,1248.700,549.350,83.570,272.940,1.0000,-1,-1,-1
1024,371,997.050,516.400,113.940,360.300,1.0000,-1,-1,-1
1024,372,326.210,512.580,147.270,371.240,1.0000,-1,-1,-1
1024,373,1210.560,499.440,94.500,393.910,1.0000,-1,-1,-1
1024,374,820.610,467.950,147.370,454.880,1.0000,-1,-1,-1
1024,375,1089.630,545.990,87.370,288.720,1.0000,-1,-1,-1
1024,377,1369.940,515.820,149.190,352.710,1.0000,-1,-1,-1
1024,379,500.090,501.360,154.970,406.130,1.0000,-1,-1,-1
1024,380,703.300,511.760,137.480,367.110,1.0000,-1,-1,-1
1024,388,663.390,540.330,95.560,311.320,1.0000,-1,-1,-1
1024,389,544.980,564.420,89.590,275.090,1.0000,-1,-1,-1
1024,390,868.170,534.290,145.750,317.820,1.0000,-1,-1,-1
1024,391,1265.230,551.140,62.920,271.190,1.0000,-1,-1,-1
1025,371,997.330,518.940,92.270,357.650,1.0000,-1,-1,-1
1025,372,326.430,511.470,145.210,372.250,1.0000,-1,-1,-1
1025,373,1207.280,500.440,102.270,393.130,1.0000,-1,-1,-1
1025,374,812.840,465.170,176.480,457.480,1.0000,-1,-1,-1
1025,375,1078.550,547.130,102.830,287.460,1.0000,-1,-1,-1
1025,377,1380.220,514.830,135.160,353.670,1.0000,-1,-1,-1
1025,379,500.280,500.300,108.490,407.600,1.0000,-1,-1,-1
1025,380,711.730,513.290,142.210,365.900,1.0000,-1,-1,-1
1025,388,665.940,539.770,96.290,311.770,1.0000,-1,-1,-1
1025,389,544.030,564.010,81.730,275.110,1.0000,-1,-1,-1
1025,390,887.220,548.610,106.440,304.130,1.0000,-1,-1,-1
1025,391,1251.240,563.290,83.010,259.640,1.0000,-1,-1,-1
1026,371,997.280,518.860,90.340,357.770,1.0000,-1,-1,-1
1026,372,326.280,509.920,139.620,373.100,1.0000,-1,-1,-1
1026,373,1160.520,500.560,152.320,392.810,1.0000,-1,-1,-1
1026,374,810.590,462.000,179.870,460.650,1.0000,-1,-1,-1
1026,375,1081.800,546.970,101.360,288.430,1.0000,-1,-1,-1
1026,377,1387.170,513.510,125.930,355.000,1.0000,-1,-1,-1
1026,379,502.920,498.140,101.250,409.060,1.0000,-1,-1,-1
1026,380,715.990,510.120,142.430,369.120,1.0000,-1,-1,-1
1026,388,664.820,538.900,92.770,312.700,1.0000,-1,-1,-1
1026,389,548.680,565.170,82.600,273.490,1.0000,-1,-1,-1
1026,390,893.730,546.490,100.820,299.880,1.0000,-1,-1,-1
1026,391,1239.770,562.520,101.870,260.400,1.0000,-1,-1,-1
1027,371,995.830,518.820,112.320,356.940,1.0000,-1,-1,-1
1027,372,328.170,509.700,150.350,371.510,1.0000,-1,-1,-1
1027,373,1125.100,502.580,200.810,390.250,1.0000,-1,-1,-1
1027,374,815.290,448.750,165.170,481.510,1.0000,-1,-1,-1
1027,375,1080.440,548.150,110.020,286.780,1.0000,-1,-1,-1
1027,377,1400.770,511.240,118.120,357.840,1.0000,-1,-1,-1
1027,379,483.150,495.390,160.810,410.960,1.0000,-1,-1,-1
1027,380,728.390,498.670,111.410,382.040,1.0000,-1,-1,-1
1027,388,659.890,538.550,99.490,312.750,1.0000,-1,-1,-1
1027,390,896.040,554.160,98.530,294.540,1.0000,-1,-1,-1
1027,391,1236.080,537.690,111.930,284.540,1.0000,-1,-1,-1
1028,371,978.660,518.830,128.510,357.450,1.0000,-1,-1,-1
1028,372,325.570,506.780,159.650,373.550,1.0000,-1,-1,-1
1028,373,1134.000,503.720,193.530,388.360,1.0000,-1,-1,-1
1028,374,816.240,443.340,164.780,487.900,1.0000,-1,-1,-1
1028,375,1083.220,550.490,109.820,284.810,1.0000,-1,-1,-1
1028,377,1409.660,508.570,117.830,360.950,1.0000,-1,-1,-1
1028,379,468.720,495.760,148.710,401.750,1.0000,-1,-1,-1
1028,380,717.110,494.360,124.960,386.030,1.0000,-1,-1,-1
1028,388,656.400,538.670,104.600,312.950,1.0000,-1,-1,-1
1028,389,539.180,565.410,109.620,270.260,1.0000,-1,-1,-1
1028,390,896.090,549.930,95.560,297.820,1.0000,-1,-1,-1
1028,391,1232.630,528.170,115.200,294.070,1.0000,-1,-1,-1
1029,371,969.080,520.900,152.800,355.160,1.0000,-1,-1,-1
1029,372,337.280,511.300,150.040,366.760,1.0000,-1,-1,-1
1029,373,1204.580,500.430,131.000,391.030,1.0000,-1,-1,-1
1029,374,825.370,436.290,164.120,494.590,1.0000,-1,-1,-1
1029,375,1097.050,552.130,98.980,283.810,1.0000,-1,-1,-1
1029,377,1382.130,505.100,167.120,364.100,1.0000,-1,-1,-1
1029,379,457.360,492.940,176.100,403.880,1.0000,-1,-1,-1
1029,380,714.820,500.310,124.780,376.690,1.0000,-1,-1,-1
1029,388,638.620,537.720,129.040,314.790,1.0000,-1,-1,-1
1029,389,538.450,563.400,112.760,273.040,1.0000,-1,-1,-1
1029,391,1246.350,539.990,99.810,283.910,1.0000,-1,-1,-1
1030,371,978.510,522.810,151.060,346.440,1.0000,-1,-1,-1
1030,372,334.790,509.380,156.390,368.990,1.0000,-1,-1,-1
1030,373,1222.890,499.410,133.540,382.710,1.0000,-1,-1,-1
1030,374,826.490,436.230,155.820,494.690,1.0000,-1,-1,-1
1030,375,1102.200,548.980,94.060,286.830,1.0000,-1,-1,-1
1030,377,1378.300,502.690,173.350,362.530,1.0000,-1,-1,-1
1030,379,458.540,486.150,190.310,409.680,1.0000,-1,-1,-1
1030,380,669.880,499.370,189.380,377.270,1.0000,-1,-1,-1
1030,388,637.860,536.800,138.640,312.230,1.0000,-1,-1,-1
1030,389,540.860,563.730,107.880,261.150,1.0000,-1,-1,-1
1030,391,1247.720,524.030,110.260,298.930,1.0000,-1,-1,-1
1031,371,981.360,524.080,146.570,345.330,1.0000,-1,-1,-1
1031,372,292.440,507.630,241.440,370.810,1.0000,-1,-1,-1
1031,373,1219.940,505.450,144.960,376.140,1.0000,-1,-1,-1
1031,374,778.100,436.100,221.380,494.550,1.0000,-1,-1,-1
1031,375,1105.090,527.360,108.640,302.450,1.0000,-1,-1,-1
1031,377,1390.780,500.750,157.140,362.930,1.0000,-1,-1,-1
1031,379,484.700,479.010,191.470,415.280,1.0000,-1,-1,-1
1031,380,678.400,503.220,164.240,372.190,1.0000,-1,-1,-1
1031,388,650.010,536.110,131.750,311.770,1.0000,-1,-1,-1
1031,389,516.350,556.140,128.010,279.450,1.0000,-1,-1,-1
1032,371,985.470,523.610,149.590,346.290,1.0000,-1,-1,-1
1032,372,297.420,521.400,236.510,357.180,1.0000,-1,-1,-1
1032,373,1219.590,506.600,149.230,373.740,1.0000,-1,-1,-1
1032,374,794.740,438.180,204.320,492.250,1.0000,-1,-1,-1
1032,375,1104.240,531.130,102.080,299.000,1.0000,-1,-1,-1
1032,377,1409.690,500.810,158.650,362.380,1.0000,-1,-1,-1
1032,379,489.720,478.410,191.240,415.370,1.0000,-1,-1,-1
1032,380,684.100,516.200,168.890,359.240,1.0000,-1,-1,-1
1032,388,655.020,550.050,126.540,297.970,1.0000,-1,-1,-1
1032,389,521.100,548.460,119.230,286.420,1.0000,-1,-1,-1
1032,391,1251.560,542.080,105.510,278.520,1.0000,-1,-1,-1
1033,371,1007.870,517.350,134.760,352.620,1.0000,-1,-1,-1
1033,372,335.610,518.740,153.990,359.780,1.0000,-1,-1,-1
1033,373,1205.000,500.800,165.000,378.110,1.0000,-1,-1,-1
1033,374,826.840,445.910,176.240,484.700,1.0000,-1,-1,-1
1033,375,1109.540,546.960,90.570,283.000,1.0000,-1,-1,-1
1033,377,1410.900,499.120,179.430,363.850,1.0000,-1,-1,-1
1033,379,472.340,488.510,196.600,406.120,1.0000,-1,-1,-1
1033,380,726.670,485.140,127.930,389.640,1.0000,-1,-1,-1
1033,388,668.340,546.290,107.360,301.340,1.0000,-1,-1,-1
1033,389,537.100,560.410,108.450,274.310,1.0000,-1,-1,-1
1033,391,1263.030,566.560,88.540,254.250,1.0000,-1,-1,-1
1034,371,1020.050,512.160,112.210,357.710,1.0000,-1,-1,-1
1034,372,347.040,512.810,133.700,365.970,1.0000,-1,-1,-1
1034,373,1200.980,494.390,168.180,384.410,1.0000,-1,-1,-1
1034,374,828.980,449.740,185.190,481.130,1.0000,-1,-1,-1
1034,375,1089.220,542.210,98.900,288.320,1.0000,-1,-1,-1
1034,377,1397.400,497.980,191.620,364.710,1.0000,-1,-1,-1
1034,379,465.790,496.760,199.270,398.490,1.0000,-1,-1,-1
1034,380,732.430,506.500,120.330,368.280,1.0000,-1,-1,-1
1034,388,653.410,539.290,115.480,308.220,1.0000,-1,-1,-1
1034,389,533.070,561.590,111.460,272.430,1.0000,-1,-1,-1
1034,390,899.850,564.820,98.780,280.890,1.0000,-1,-1,-1
1034,391,1259.350,572.030,87.460,248.850,1.0000,-1,-1,-1
1035,371,996.280,502.580,123.780,364.790,1.0000,-1,-1,-1
1035,372,353.690,501.570,133.510,374.470,1.0000,-1,-1,-1
1035,373,1170.340,482.650,162.780,394.090,1.0000,-1,-1,-1
1035,374,834.490,454.600,189.340,476.140,1.0000,-1,-1,-1
1035,375,1073.690,535.220,111.110,292.620,1.0000,-1,-1,-1
1035,377,1382.130,488.710,199.080,372.580,1.0000,-1,-1,-1
1035,379,469.270,495.610,191.980,400.480,1.0000,-1,-1,-1
1035,380,730.560,493.400,113.350,380.610,1.0000,-1,-1,-1
1035,388,645.750,528.670,95.170,315.340,1.0000,-1,-1,-1
1035,389,528.230,548.930,134.500,287.490,1.0000,-1,-1,-1
1035,390,903.890,554.310,101.120,289.930,1.0000,-1,-1,-1
1035,391,1250.290,569.720,109.470,250.800,1.0000,-1,-1,-1
1036,371,985.950,498.840,140.830,369.000,1.0000,-1,-1,-1
1036,372,353.190,497.420,137.570,372.620,1.0000,-1,-1,-1
1036,373,1160.940,479.770,165.150,401.010,1.0000,-1,-1,-1
1036,374,838.350,454.970,179.900,475.710,1.0000,-1,-1,-1
1036,375,1079.670,534.590,104.750,292.470,1.0000,-1,-1,-1
1036,377,1386.100,487.160,181.610,373.880,1.0000,-1,-1,-1
1036,379,453.580,494.130,210.480,402.380,1.0000,-1,-1,-1
1036,380,738.280,488.490,101.640,384.800,1.0000,-1,-1,-1
1036,388,640.510,526.180,107.190,317.230,1.0000,-1,-1,-1
1036,389,524.360,551.600,141.930,284.500,1.0000,-1,-1,-1
1036,390,903.310,523.090,105.790,321.350,1.0000,-1,-1,-1
1036,391,1251.640,555.410,101.860,266.000,1.0000,-1,-1,-1
1037,371,983.850,499.070,139.450,368.600,1.0000,-1,-1,-1
1037,372,329.590,496.330,160.910,384.430,1.0000,-1,-1,-1
1037,373,1162.010,482.500,174.220,399.280,1.0000,-1,-1,-1
1037,374,854.460,461.590,171.210,469.100,1.0000,-1,-1,-1
1037,375,1082.720,536.040,124.020,293.620,1.0000,-1,-1,-1
1037,377,1388.210,487.780,168.470,374.640,1.0000,-1,-1,-1
1037,379,448.680,493.310,217.360,403.690,1.0000,-1,-1,-1
1037,380,713.370,486.800,150.340,386.200,1.0000,-1,-1,-1
1037,388,629.040,528.080,126.970,319.800,1.0000,-1,-1,-1
1037,389,517.840,554.140,147.380,282.870,1.0000,-1,-1,-1
1037,390,886.210,528.070,127.260,315.390,1.0000,-1,-1,-1
1037,391,1247.170,551.270,115.630,268.030,1.0000,-1,-1,-1
1038,371,974.030,501.660,149.910,366.130,1.0000,-1,-1,-1
1038,372,329.190,497.200,164.690,383.030,1.0000,-1,-1,-1
1038,373,1153.650,484.030,185.330,398.670,1.0000,-1,-1,-1
1038,374,862.670,464.990,153.970,465.700,1.0000,-1,-1,-1
1038,375,1082.290,535.920,130.910,295.650,1.0000,-1,-1,-1
1038,377,1395.320,492.280,164.270,369.710,1.0000,-1,-1,-1
1038,379,447.940,493.040,214.800,415.240,1.0000,-1,-1,-1
1038,380,706.440,490.490,164.050,383.570,1.0000,-1,-1,-1
1038,388,624.400,530.730,132.180,316.380,1.0000,-1,-1,-1
1038,389,518.370,548.560,139.670,288.320,1.0000,-1,-1,-1
1038,390,877.210,527.240,140.160,318.000,1.0000,-1,-1,-1
1038,391,1244.540,546.920,117.780,275.800,1.0000,-1,-1,-1
1039,371,958.720,515.490,165.890,352.020,1.0000,-1,-1,-1
1039,372,326.670,502.210,184.220,378.620,1.0000,-1,-1,-1
1039,373,1147.940,479.690,190.920,403.190,1.0000,-1,-1,-1
1039,374,863.010,469.490,145.550,461.260,1.0000,-1,-1,-1
1039,375,1082.330,527.020,131.420,303.050,1.0000,-1,-1,-1
1039,377,1410.960,501.950,164.660,359.740,1.0000,-1,-1,-1
1039,379,452.040,495.980,197.040,412.730,1.0000,-1,-1,-1
1039,380,686.860,501.680,184.200,376.290,1.0000,-1,-1,-1
1039,388,624.260,538.880,130.360,309.730,1.0000,-1,-1,-1
1039,389,517.180,561.160,132.270,276.070,1.0000,-1,-1,-1
1039,390,864.690,516.530,145.280,331.470,1.0000,-1,-1,-1
1039,391,1250.920,565.340,101.460,257.600,1.0000,-1,-1,-1
1040,371,956.850,521.470,169.080,346.110,1.0000,-1,-1,-1
1040,372,311.510,506.340,203.780,375.560,1.0000,-1,-1,-1
1040,373,1149.180,483.700,189.350,400.440,1.0000,-1,-1,-1
1040,374,863.040,471.410,144.960,459.380,1.0000,-1,-1,-1
1040,375,1082.320,525.530,131.850,305.180,1.0000,-1,-1,-1
1040,377,1409.360,504.650,168.410,356.990,1.0000,-1,-1,-1
1040,379,442.650,497.070,199.110,411.950,1.0000,-1,-1,-1
1040,380,694.640,508.730,170.670,367.710,1.0000,-1,-1,-1
1040,388,626.020,535.050,129.930,313.510,1.0000,-1,-1,-1
1040,389,516.450,561.250,135.170,276.440,1.0000,-1,-1,-1
1040,390,862.270,525.220,143.720,323.650,1.0000,-1,-1,-1
1040,391,1253.190,567.000,94.110,255.260,1.0000,-1,-1,-1
1041,371,956.700,522.800,168.380,344.590,1.0000,-1,-1,-1
1041,372,299.830,509.160,221.540,372.270,1.0000,-1,-1,-1
1041,373,1166.580,499.640,172.080,384.350,1.0000,-1,-1,-1
1041,374,862.690,476.610,145.880,453.980,1.0000,-1,-1,-1
1041,375,1081.190,536.520,133.500,294.160,1.0000,-1,-1,-1
1041,377,1404.760,505.440,171.160,356.260,1.0000,-1,-1,-1
1041,379,445.300,497.460,201.450,411.170,1.0000,-1,-1,-1
1041,380,696.740,515.110,147.090,361.540,1.0000,-1,-1,-1
1041,388,630.760,525.920,126.930,322.970,1.0000,-1,-1,-1
1041,389,513.280,561.770,134.380,275.750,1.0000,-1,-1,-1
1041,390,862.560,524.060,144.740,324.390,1.0000,-1,-1,-1
1041,391,1256.480,566.770,89.740,255.610,1.0000,-1,-1,-1
1042,371,952.530,516.710,171.800,351.600,1.0000,-1,-1,-1
1042,372,298.720,511.050,221.900,371.010,1.0000,-1,-1,-1
1042,373,1167.840,498.320,170.560,385.430,1.0000,-1,-1,-1
1042,374,865.090,479.170,145.480,451.950,1.0000,-1,-1,-1
1042,375,1082.210,547.880,132.150,283.000,1.0000,-1,-1,-1
1042,377,1401.400,505.940,160.950,355.800,1.0000,-1,-1,-1
1042,379,451.010,497.470,207.320,411.090,1.0000,-1,-1,-1
1042,380,688.870,513.670,147.460,362.430,1.0000,-1,-1,-1
1042,388,630.330,534.650,126.830,313.700,1.0000,-1,-1,-1
1042,389,513.710,546.410,128.710,290.620,1.0000,-1,-1,-1
1042,390,863.410,536.240,127.260,312.700,1.0000,-1,-1,-1
1042,391,1256.230,567.240,89.800,255.050,1.0000,-1,-1,-1
1043,371,947.910,508.170,174.100,358.210,1.0000,-1,-1,-1
1043,372,306.450,514.240,209.800,367.490,1.0000,-1,-1,-1
1043,373,1167.520,496.310,170.960,387.000,1.0000,-1,-1,-1
1043,374,874.250,483.450,144.380,447.700,1.0000,-1,-1,-1
1043,375,1081.960,548.810,132.040,281.910,1.0000,-1,-1,-1
1043,377,1398.730,507.940,160.320,353.870,1.0000,-1,-1,-1
1043,379,455.750,497.660,234.650,411.330,1.0000,-1,-1,-1
1043,380,716.250,513.590,123.110,363.190,1.0000,-1,-1,-1
1043,388,631.130,540.960,131.410,308.730,1.0000,-1,-1,-1
1043,389,506.130,547.650,137.710,289.940,1.0000,-1,-1,-1
1043,390,869.340,534.170,130.190,315.070,1.0000,-1,-1,-1
1043,391,1255.120,563.140,91.180,259.000,1.0000,-1,-1,-1
1044,371,931.890,504.620,183.820,360.510,1.0000,-1,-1,-1
1044,372,318.510,516.360,195.440,364.950,1.0000,-1,-1,-1
1044,373,1166.160,496.250,172.960,386.170,1.0000,-1,-1,-1
1044,374,881.340,485.310,140.950,446.330,1.0000,-1,-1,-1
1044,375,1085.460,548.120,128.820,281.680,1.0000,-1,-1,-1
1044,377,1401.680,510.650,157.930,351.200,1.0000,-1,-1,-1
1044,379,466.760,498.290,215.590,410.490,1.0000,-1,-1,-1
1044,380,724.050,514.260,123.270,362.090,1.0000,-1,-1,-1
1044,388,633.180,540.680,129.180,308.940,1.0000,-1,-1,-1
1044,390,870.400,534.550,129.120,314.380,1.0000,-1,-1,-1
1044,391,1256.370,566.880,90.040,255.410,1.0000,-1,-1,-1
1045,371,941.640,502.710,150.400,359.220,1.0000,-1,-1,-1
1045,372,328.900,518.620,172.540,363.180,1.0000,-1,-1,-1
1045,373,1163.670,499.900,175.450,381.260,1.0000,-1,-1,-1
1045,374,891.610,489.640,140.500,443.170,1.0000,-1,-1,-1
1045,375,1096.650,548.250,117.530,281.270,1.0000,-1,-1,-1
1045,377,1383.170,518.000,172.760,344.320,1.0000,-1,-1,-1
1045,379,462.150,502.440,184.210,398.440,1.0000,-1,-1,-1
1045,380,731.380,518.450,120.130,358.110,1.0000,-1,-1,-1
1045,388,645.670,540.960,116.800,300.950,1.0000,-1,-1,-1
1045,389,528.540,575.580,115.120,261.480,1.0000,-1,-1,-1
1045,390,878.540,537.310,119.150,309.350,1.0000,-1,-1,-1
1045,391,1257.270,573.600,89.350,247.810,1.0000,-1,-1,-1
1046,371,936.120,515.610,149.800,348.530,1.0000,-1,-1,-1
1046,372,329.130,520.900,161.690,360.550,1.0000,-1,-1,-1
1046,373,1163.180,503.960,176.300,377.640,1.0000,-1,-1,-1
1046,374,896.150,491.780,140.480,441.050,1.0000,-1,-1,-1
1046,375,1105.150,548.750,108.820,281.430,1.0000,-1,-1,-1
1046,377,1374.350,524.290,176.670,337.910,1.0000,-1,-1,-1
1046,379,459.730,506.350,177.520,390.340,1.0000,-1,-1,-1
1046,380,738.420,519.850,129.040,358.340,1.0000,-1,-1,-1
1046,388,650.990,542.500,113.810,303.820,1.0000,-1,-1,-1
1046,389,531.750,575.680,107.200,261.640,1.0000,-1,-1,-1
1046,390,884.910,538.830,116.900,310.480,1.0000,-1,-1,-1
1046,391,1256.950,555.880,91.460,265.480,1.0000,-1,-1,-1
1047,371,891.510,534.700,192.930,331.210,1.0000,-1,-1,-1
1047,372,328.930,526.260,184.730,355.160,1.0000,-1,-1,-1
1047,373,1162.180,514.560,177.270,375.130,1.0000,-1,-1,-1
1047,374,895.210,496.870,141.660,436.080,1.0000,-1,-1,-1
1047,375,1108.960,549.590,106.190,282.440,1.0000,-1,-1,-1
1047,377,1365.510,536.750,184.510,325.450,1.0000,-1,-1,-1
1047,379,468.620,514.740,170.710,381.860,1.0000,-1,-1,-1
1047,380,754.800,521.980,111.510,371.600,1.0000,-1,-1,-1
1047,388,653.590,548.960,112.720,303.320,1.0000,-1,-1,-1
1047,389,535.070,569.760,104.640,267.150,1.0000,-1,-1,-1
1047,390,886.580,546.380,117.180,309.390,1.0000,-1,-1,-1
1047,391,1261.050,574.840,92.700,247.100,1.0000,-1,-1,-1
1048,371,876.170,537.310,208.590,329.640,1.0000,-1,-1,-1
1048,372,329.040,529.850,193.940,351.460,1.0000,-1,-1,-1
1048,373,1161.860,518.580,178.550,371.640,1.0000,-1,-1,-1
1048,374,896.260,498.990,139.830,434.010,1.0000,-1,-1,-1
1048,375,1109.890,550.490,104.910,281.090,1.0000,-1,-1,-1
1048,377,1363.900,540.970,186.750,321.240,1.0000,-1,-1,-1
1048,379,478.030,519.140,174.780,377.540,1.0000,-1,-1,-1
1048,380,756.180,522.040,109.310,381.300,1.0000,-1,-1,-1
1048,388,654.260,553.230,113.270,299.380,1.0000,-1,-1,-1
1048,389,540.230,566.020,97.780,270.420,1.0000,-1,-1,-1
1048,390,876.390,554.080,151.210,310.790,1.0000,-1,-1,-1
1048,391,1263.310,574.450,90.840,247.550,1.0000,-1,-1,-1
1049,371,874.960,550.120,209.050,316.550,1.0000,-1,-1,-1
1049,372,301.590,525.580,225.850,355.940,1.0000,-1,-1,-1
1049,373,1162.080,522.960,178.310,366.990,1.0000,-1,-1,-1
1049,374,902.470,501.440,136.060,433.210,1.0000,-1,-1,-1
1049,375,1099.900,551.320,114.220,280.380,1.0000,-1,-1,-1
1049,377,1363.000,543.040,189.490,319.090,1.0000,-1,-1,-1
1049,379,486.020,528.300,178.970,371.790,1.0000,-1,-1,-1
1049,380,733.770,517.830,129.930,390.400,1.0000,-1,-1,-1
1049,388,652.840,563.110,115.130,289.600,1.0000,-1,-1,-1
1049,389,538.840,581.900,97.360,255.940,1.0000,-1,-1,-1
1049,390,875.040,544.590,209.260,322.020,1.0000,-1,-1,-1
1049,391,1263.780,572.680,88.850,249.230,1.0000,-1,-1,-1
1050,371,876.640,540.010,205.710,326.130,1.0000,-1,-1,-1
1050,372,272.730,525.840,254.950,355.570,1.0000,-1,-1,-1
1050,373,1157.270,523.830,183.270,366.040,1.0000,-1,-1,-1
1050,374,909.050,502.030,136.910,433.080,1.0000,-1,-1,-1
1050,375,1071.250,551.520,143.280,280.540,1.0000,-1,-1,-1
1050,377,1361.880,541.420,191.630,320.640,1.0000,-1,-1,-1
1050,379,488.510,530.780,166.550,368.790,1.0000,-1,-1,-1
1050,380,728.000,515.480,136.470,392.800,1.0000,-1,-1,-1
1050,388,638.280,567.730,130.600,284.610,1.0000,-1,-1,-1
1050,389,526.930,583.410,109.450,253.350,1.0000,-1,-1,-1
1050,390,876.030,537.460,206.670,328.740,1.0000,-1,-1,-1
1050,391,1257.250,570.830,93.350,251.240,1.0000,-1,-1,-1
1051,371,849.830,533.640,219.330,330.840,1.0000,-1,-1,-1
1051,372,253.400,538.900,274.560,342.660,1.0000,-1,-1,-1
1051,373,1099.450,525.200,242.110,364.530,1.0000,-1,-1,-1
1051,374,909.400,502.090,138.350,432.860,1.0000,-1,-1,-1
1051,375,1037.430,551.540,177.560,280.610,1.0000,-1,-1,-1
1051,377,1334.330,534.640,219.220,327.290,1.0000,-1,-1,-1
1051,379,501.600,530.200,154.250,369.590,1.0000,-1,-1,-1
1051,380,720.190,509.850,141.460,398.650,1.0000,-1,-1,-1
1051,388,615.880,573.970,153.280,278.420,1.0000,-1,-1,-1
1051,390,849.010,533.420,219.970,332.350,1.0000,-1,-1,-1
1051,391,1241.760,566.640,105.130,255.950,1.0000,-1,-1,-1
1052,371,858.750,530.530,200.960,335.420,1.0000,-1,-1,-1
1052,372,257.960,548.020,283.200,333.840,1.0000,-1,-1,-1
1052,373,1100.270,525.460,240.400,364.500,1.0000,-1,-1,-1
1052,374,903.400,502.110,148.360,429.120,1.0000,-1,-1,-1
1052,375,1035.700,551.700,176.460,280.620,1.0000,-1,-1,-1
1052,377,1322.630,530.670,230.320,330.910,1.0000,-1,-1,-1
1052,379,493.680,526.980,153.030,372.820,1.0000,-1,-1,-1
1052,380,716.870,505.630,148.710,402.700,1.0000,-1,-1,-1
1052,388,607.070,576.790,162.030,275.830,1.0000,-1,-1,-1
1052,390,857.470,530.510,202.210,335.910,1.0000,-1,-1,-1
1052,391,1238.320,564.420,107.090,259.340,1.0000,-1,-1,-1
1053,371,855.230,526.460,159.250,338.900,1.0000,-1,-1,-1
1053,372,287.790,546.180,262.040,334.830,1.0000,-1,-1,-1
1053,373,1103.250,526.340,234.780,363.930,1.0000,-1,-1,-1
1053,374,920.960,500.310,135.840,425.700,1.0000,-1,-1,-1
1053,375,1031.110,552.200,167.470,279.640,1.0000,-1,-1,-1
1053,377,1332.920,522.530,201.260,338.970,1.0000,-1,-1,-1
1053,379,479.050,518.790,168.210,381.570,1.0000,-1,-1,-1
1053,380,716.780,498.990,157.250,409.220,1.0000,-1,-1,-1
1053,388,640.390,579.230,123.140,273.100,1.0000,-1,-1,-1
1053,391,1238.700,563.230,101.330,259.180,1.0000,-1,-1,-1
1054,372,316.620,543.380,235.490,337.150,1.0000,-1,-1,-1
1054,373,1117.620,526.320,214.340,364.170,1.0000,-1,-1,-1
1054,374,908.720,497.930,149.730,425.130,1.0000,-1,-1,-1
1054,375,1040.730,556.700,150.460,275.550,1.0000,-1,-1,-1
1054,377,1323.630,519.940,194.200,340.690,1.0000,-1,-1,-1
1054,379,483.210,514.010,167.510,386.580,1.0000,-1,-1,-1
1054,380,720.660,496.550,159.640,411.870,1.0000,-1,-1,-1
1054,388,639.970,574.850,120.890,277.270,1.0000,-1,-1,-1
1054,391,1239.220,563.120,97.790,260.240,1.0000,-1,-1,-1
1055,372,358.700,531.490,168.700,347.650,1.0000,-1,-1,-1
1055,373,1120.280,505.250,186.470,385.320,1.0000,-1,-1,-1
1055,374,909.270,488.090,157.620,428.110,1.0000,-1,-1,-1
1055,375,1050.240,551.090,126.130,281.040,1.0000,-1,-1,-1
1055,377,1323.820,514.570,167.000,344.570,1.0000,-1,-1,-1
1055,379,508.310,507.120,151.330,394.370,1.0000,-1,-1,-1
1055,380,735.200,490.150,153.090,419.000,1.0000,-1,-1,-1
1055,388,638.590,566.960,122.250,285.120,1.0000,-1,-1,-1
1055,389,503.190,533.790,117.390,306.480,1.0000,-1,-1,-1
1055,391,1229.260,562.310,105.150,265.460,1.0000,-1,-1,-1
1056,371,846.690,520.340,117.580,346.670,1.0000,-1,-1,-1
1056,372,380.890,523.160,144.620,355.930,1.0000,-1,-1,-1
1056,373,1128.440,515.930,167.940,374.650,1.0000,-1,-1,-1
1056,374,908.360,482.470,158.250,431.070,1.0000,-1,-1,-1
1056,375,1051.780,549.290,117.350,283.070,1.0000,-1,-1,-1
1056,377,1308.270,512.080,174.600,346.760,1.0000,-1,-1,-1
1056,379,506.260,505.240,166.310,395.070,1.0000,-1,-1,-1
1056,380,746.230,486.150,143.570,423.270,1.0000,-1,-1,-1
1056,388,644.550,560.590,111.620,291.390,1.0000,-1,-1,-1
1056,389,510.620,533.680,121.150,305.950,1.0000,-1,-1,-1
1056,390,842.590,520.330,124.630,346.270,1.0000,-1,-1,-1
1056,391,1226.020,561.350,107.410,266.490,1.0000,-1,-1,-1
1057,371,843.570,517.180,138.520,347.710,1.0000,-1,-1,-1
1057,372,385.040,504.740,145.260,374.010,1.0000,-1,-1,-1
1057,373,1133.940,505.530,141.370,384.270,1.0000,-1,-1,-1
1057,374,904.050,469.230,164.810,436.320,1.0000,-1,-1,-1
1057,375,1043.160,544.950,123.370,286.060,1.0000,-1,-1,-1
1057,377,1297.550,506.690,168.650,350.870,1.0000,-1,-1,-1
1057,379,519.520,499.820,171.400,400.080,1.0000,-1,-1,-1
1057,380,765.500,474.630,132.190,435.920,1.0000,-1,-1,-1
1057,388,636.850,543.760,103.900,303.980,1.0000,-1,-1,-1
1057,389,519.240,533.640,119.450,307.410,1.0000,-1,-1,-1
1057,390,836.460,516.730,144.470,349.410,1.0000,-1,-1,-1
1057,391,1232.120,559.900,101.320,263.460,1.0000,-1,-1,-1
1058,371,852.620,538.940,122.860,324.610,1.0000,-1,-1,-1
1058,372,361.380,495.590,166.500,383.070,1.0000,-1,-1,-1
1058,373,1133.930,500.370,131.160,390.020,1.0000,-1,-1,-1
1058,374,904.570,463.470,164.020,437.450,1.0000,-1,-1,-1
1058,375,1040.990,545.330,119.860,285.080,1.0000,-1,-1,-1
1058,377,1303.140,505.510,153.860,352.340,1.0000,-1,-1,-1
1058,379,525.000,498.720,173.860,400.890,1.0000,-1,-1,-1
1058,380,760.290,467.520,144.590,452.270,1.0000,-1,-1,-1
1058,388,635.980,535.730,101.140,315.140,1.0000,-1,-1,-1
1058,389,523.620,544.630,93.780,297.020,1.0000,-1,-1,-1
1058,391,1226.070,559.390,106.460,263.680,1.0000,-1,-1,-1
1059,371,856.280,541.780,95.000,311.200,1.0000,-1,-1,-1
1059,372,374.660,474.250,157.560,404.290,1.0000,-1,-1,-1
1059,373,1109.870,497.330,138.640,393.490,1.0000,-1,-1,-1
1059,374,907.350,455.300,161.540,439.570,1.0000,-1,-1,-1
1059,375,1031.620,546.960,126.460,287.340,1.0000,-1,-1,-1
1059,377,1279.940,506.900,168.970,350.650,1.0000,-1,-1,-1
1059,379,521.710,497.710,189.900,401.860,1.0000,-1,-1,-1
1059,380,745.860,458.920,161.780,464.290,1.0000,-1,-1,-1
1059,388,629.080,528.480,104.370,328.710,1.0000,-1,-1,-1
1059,389,519.930,556.560,91.850,284.330,1.0000,-1,-1,-1
1059,390,748.350,511.270,157.140,363.160,1.0000,-1,-1,-1
1059,391,1218.620,562.410,123.170,262.530,1.0000,-1,-1,-1
1060,371,858.080,541.910,85.080,322.650,1.0000,-1,-1,-1
1060,372,382.330,463.550,160.050,415.350,1.0000,-1,-1,-1
1060,373,1086.650,498.050,162.570,394.420,1.0000,-1,-1,-1
1060,374,902.620,453.870,167.380,439.810,1.0000,-1,-1,-1
1060,375,1032.970,547.410,123.720,287.220,1.0000,-1,-1,-1
1060,377,1280.300,508.070,169.030,349.620,1.0000,-1,-1,-1
1060,379,518.260,497.230,198.850,403.200,1.0000,-1,-1,-1
1060,380,737.540,456.060,168.980,467.140,1.0000,-1,-1,-1
1060,388,634.700,525.300,104.180,331.570,1.0000,-1,-1,-1
1060,389,514.770,558.300,89.340,282.470,1.0000,-1,-1,-1
1060,390,738.900,522.290,164.260,352.020,1.0000,-1,-1,-1
1060,391,1217.940,563.500,126.610,261.360,1.0000,-1,-1,-1
1061,371,860.200,541.290,82.650,305.590,1.0000,-1,-1,-1
1061,372,385.070,461.390,160.940,417.370,1.0000,-1,-1,-1
1061,373,1093.120,498.190,149.490,394.260,1.0000,-1,-1,-1
1061,374,907.900,455.500,164.780,437.810,1.0000,-1,-1,-1
1061,375,1032.930,550.780,121.060,283.740,1.0000,-1,-1,-1
1061,377,1280.590,509.460,169.440,348.420,1.0000,-1,-1,-1
1061,379,516.460,496.290,211.800,404.740,1.0000,-1,-1,-1
1061,380,736.080,451.440,175.930,471.290,1.0000,-1,-1,-1
1061,388,637.940,508.990,116.880,346.600,1.0000,-1,-1,-1
1061,389,505.530,559.380,101.150,281.370,1.0000,-1,-1,-1
1061,390,736.800,538.090,168.750,337.330,1.0000,-1,-1,-1
1061,391,1215.660,563.910,128.860,260.740,1.0000,-1,-1,-1
1062,371,859.760,541.590,81.710,304.600,1.0000,-1,-1,-1
1062,372,387.420,454.600,158.870,424.200,1.0000,-1,-1,-1
1062,373,1094.410,497.320,143.710,395.100,1.0000,-1,-1,-1
1062,374,906.420,469.210,167.330,424.110,1.0000,-1,-1,-1
1062,375,1033.080,551.400,119.870,283.200,1.0000,-1,-1,-1
1062,377,1278.790,509.760,170.980,348.110,1.0000,-1,-1,-1
1062,379,518.360,495.950,211.980,405.010,1.0000,-1,-1,-1
1062,380,734.000,449.600,181.600,473.600,1.0000,-1,-1,-1
1062,388,638.290,504.710,112.940,350.880,1.0000,-1,-1,-1
1062,389,500.230,559.400,104.880,281.450,1.0000,-1,-1,-1
1062,390,735.050,545.150,168.510,329.500,1.0000,-1,-1,-1
1062,391,1214.990,563.530,126.250,261.020,1.0000,-1,-1,-1
1063,371,857.560,542.200,83.660,303.670,1.0000,-1,-1,-1
1063,372,392.040,471.620,153.560,407.420,1.0000,-1,-1,-1
1063,373,1085.040,496.860,150.030,395.410,1.0000,-1,-1,-1
1063,374,905.810,471.970,171.690,421.240,1.0000,-1,-1,-1
1063,375,1032.950,550.920,118.920,283.840,1.0000,-1,-1,-1
1063,377,1279.160,509.890,170.680,348.030,1.0000,-1,-1,-1
1063,379,507.900,495.530,225.380,405.380,1.0000,-1,-1,-1
1063,380,733.550,445.740,187.910,477.120,1.0000,-1,-1,-1
1063,388,644.890,509.000,100.380,346.720,1.0000,-1,-1,-1
1063,389,504.680,559.510,98.950,281.710,1.0000,-1,-1,-1
1063,390,730.070,531.720,158.060,342.720,1.0000,-1,-1,-1
1063,391,1214.270,563.220,103.040,261.190,1.0000,-1,-1,-1
1064,371,850.190,542.010,90.440,304.440,1.0000,-1,-1,-1
1064,372,394.660,481.290,150.370,397.340,1.0000,-1,-1,-1
1064,373,1085.480,497.060,149.040,394.990,1.0000,-1,-1,-1
1064,374,905.200,472.050,172.090,421.220,1.0000,-1,-1,-1
1064,375,1032.650,550.880,118.450,283.960,1.0000,-1,-1,-1
1064,377,1277.800,510.410,172.730,347.400,1.0000,-1,-1,-1
1064,379,508.290,495.640,226.450,405.220,1.0000,-1,-1,-1
1064,380,738.280,446.030,193.480,476.570,1.0000,-1,-1,-1
1064,388,642.530,515.710,99.590,340.040,1.0000,-1,-1,-1
1064,389,506.330,559.490,104.080,281.140,1.0000,-1,-1,-1
1064,390,727.820,523.490,168.720,350.520,1.0000,-1,-1,-1
1064,391,1214.580,563.130,99.600,261.230,1.0000,-1,-1,-1
1065,372,398.380,499.120,153.660,377.320,1.0000,-1,-1,-1
1065,373,1077.190,496.570,157.160,394.960,1.0000,-1,-1,-1
1065,374,910.530,472.170,143.530,421.250,1.0000,-1,-1,-1
1065,375,1027.400,551.000,123.260,283.760,1.0000,-1,-1,-1
1065,377,1278.950,511.510,172.790,345.950,1.0000,-1,-1,-1
1065,379,515.050,496.170,218.510,404.120,1.0000,-1,-1,-1
1065,380,740.040,447.190,204.320,473.810,1.0000,-1,-1,-1
1065,388,642.250,526.050,100.850,329.470,1.0000,-1,-1,-1
1065,389,509.640,556.920,108.780,282.820,1.0000,-1,-1,-1
1065,390,721.300,523.490,188.810,350.120,1.0000,-1,-1,-1
1065,391,1215.040,563.500,99.170,260.800,1.0000,-1,-1,-1
1066,372,401.020,512.690,162.900,362.600,1.0000,-1,-1,-1
1066,373,1081.290,496.270,153.160,395.170,1.0000,-1,-1,-1
1066,374,913.270,472.640,138.820,420.850,1.0000,-1,-1,-1
1066,375,1025.970,550.980,124.700,283.770,1.0000,-1,-1,-1
1066,377,1278.490,512.390,176.350,345.430,1.0000,-1,-1,-1
1066,379,516.230,496.340,217.160,403.970,1.0000,-1,-1,-1
1066,380,742.660,448.910,203.390,471.460,1.0000,-1,-1,-1
1066,388,642.540,531.730,103.170,323.720,1.0000,-1,-1,-1
1066,389,512.960,555.510,102.950,283.260,1.0000,-1,-1,-1
1066,390,710.970,522.860,163.120,350.990,1.0000,-1,-1,-1
1066,391,1216.130,563.510,98.240,260.880,1.0000,-1,-1,-1
1067,372,404.110,518.030,189.230,357.600,1.0000,-1,-1,-1
1067,373,1080.710,496.050,166.360,395.130,1.0000,-1,-1,-1
1067,374,913.750,469.880,137.920,423.660,1.0000,-1,-1,-1
1067,375,1029.320,551.230,121.210,283.450,1.0000,-1,-1,-1
1067,377,1279.830,515.650,182.030,342.150,1.0000,-1,-1,-1
1067,379,518.490,501.290,215.890,398.690,1.0000,-1,-1,-1
1067,380,751.100,451.770,199.620,468.700,1.0000,-1,-1,-1
1067,388,643.440,532.690,100.270,322.540,1.0000,-1,-1,-1
1067,389,516.160,556.070,94.740,287.560,1.0000,-1,-1,-1
1067,390,711.180,523.170,149.220,350.920,1.0000,-1,-1,-1
1067,391,1215.560,564.380,99.300,260.140,1.0000,-1,-1,-1
1068,372,405.770,517.670,188.400,358.960,1.0000,-1,-1,-1
1068,373,1076.210,497.060,180.060,393.870,1.0000,-1,-1,-1
1068,374,913.310,469.700,138.480,423.840,1.0000,-1,-1,-1
1068,375,1029.490,551.240,121.160,283.570,1.0000,-1,-1,-1
1068,377,1279.600,518.310,184.460,339.430,1.0000,-1,-1,-1
1068,379,518.590,506.770,215.920,393.290,1.0000,-1,-1,-1
1068,380,751.820,455.000,199.950,465.390,1.0000,-1,-1,-1
1068,388,643.180,534.190,96.360,321.050,1.0000,-1,-1,-1
1068,389,516.950,557.280,94.970,284.800,1.0000,-1,-1,-1
1068,390,703.470,522.810,147.670,351.140,1.0000,-1,-1,-1
1068,391,1213.490,565.220,102.570,259.210,1.0000,-1,-1,-1
1069,372,398.520,515.740,204.200,360.480,1.0000,-1,-1,-1
1069,373,1074.050,506.040,195.490,384.800,1.0000,-1,-1,-1
1069,374,918.210,468.000,133.740,425.770,1.0000,-1,-1,-1
1069,375,1030.090,551.460,120.820,283.370,1.0000,-1,-1,-1
1069,377,1276.640,526.090,189.410,331.800,1.0000,-1,-1,-1
1069,379,521.210,517.400,212.670,382.620,1.0000,-1,-1,-1
1069,380,754.160,457.740,197.570,462.530,1.0000,-1,-1,-1
1069,388,644.980,537.980,92.900,317.080,1.0000,-1,-1,-1
1069,389,520.920,560.650,86.860,280.570,1.0000,-1,-1,-1
1069,390,698.340,523.330,157.400,350.800,1.0000,-1,-1,-1
1069,391,1214.880,568.010,101.260,256.350,1.0000,-1,-1,-1
1070,372,394.320,516.030,209.750,359.970,1.0000,-1,-1,-1
1070,373,1073.010,511.180,199.670,379.550,1.0000,-1,-1,-1
1070,374,921.650,467.730,130.300,426.100,1.0000,-1,-1,-1
1070,375,1031.040,551.640,121.240,283.200,1.0000,-1,-1,-1
1070,377,1277.340,529.040,188.850,328.720,1.0000,-1,-1,-1
1070,379,521.390,522.610,212.850,377.420,1.0000,-1,-1,-1
1070,380,755.980,460.710,195.710,459.380,1.0000,-1,-1,-1
1070,388,645.090,539.390,94.510,316.230,1.0000,-1,-1,-1
1070,389,521.770,561.600,85.140,279.340,1.0000,-1,-1,-1
1070,390,695.510,523.740,159.910,350.500,1.0000,-1,-1,-1
1070,391,1214.100,569.330,104.380,254.970,1.0000,-1,-1,-1
1071,372,392.070,515.820,212.330,360.290,1.0000,-1,-1,-1
1071,373,1069.530,520.920,203.010,370.020,1.0000,-1,-1,-1
1071,374,927.950,470.450,127.830,423.250,1.0000,-1,-1,-1
1071,375,1028.770,552.470,124.560,282.390,1.0000,-1,-1,-1
1071,377,1278.560,535.910,187.420,321.870,1.0000,-1,-1,-1
1071,379,522.110,534.120,211.990,365.820,1.0000,-1,-1,-1
1071,380,759.320,462.580,192.660,457.440,1.0000,-1,-1,-1
1071,388,646.340,544.610,93.430,312.000,1.0000,-1,-1,-1
1071,389,521.980,562.590,84.430,278.430,1.0000,-1,-1,-1
1071,390,688.700,525.620,172.980,348.520,1.0000,-1,-1,-1
1071,391,1219.240,570.970,98.560,253.190,1.0000,-1,-1,-1
1072,372,391.960,515.390,214.100,360.980,1.0000,-1,-1,-1
1072,373,1067.630,525.870,204.930,364.930,1.0000,-1,-1,-1
1072,374,927.380,474.070,132.720,419.680,1.0000,-1,-1,-1
1072,375,1027.820,552.640,125.400,282.220,1.0000,-1,-1,-1
1072,377,1280.020,538.760,186.060,318.920,1.0000,-1,-1,-1
1072,379,523.160,539.980,209.560,360.400,1.0000,-1,-1,-1
1072,380,760.180,464.800,192.000,455.080,1.0000,-1,-1,-1
1072,388,642.150,544.710,97.380,312.270,1.0000,-1,-1,-1
1072,389,522.660,563.480,84.360,277.170,1.0000,-1,-1,-1
1072,390,685.300,526.340,171.570,347.720,1.0000,-1,-1,-1
1072,391,1222.840,571.830,98.450,252.520,1.0000,-1,-1,-1
1073,372,390.990,520.530,214.820,356.070,1.0000,-1,-1,-1
1073,373,1065.000,535.390,207.700,355.560,1.0000,-1,-1,-1
1073,374,929.810,479.530,135.430,414.230,1.0000,-1,-1,-1
1073,375,1027.680,553.600,124.060,281.270,1.0000,-1,-1,-1
1073,377,1278.710,546.040,186.630,311.690,1.0000,-1,-1,-1
1073,379,523.320,550.280,208.290,350.360,1.0000,-1,-1,-1
1073,380,764.070,468.800,188.480,451.170,1.0000,-1,-1,-1
1073,388,612.870,547.970,130.980,307.330,1.0000,-1,-1,-1
1073,389,523.280,560.080,88.550,281.420,1.0000,-1,-1,-1
1073,390,686.440,523.970,171.580,350.080,1.0000,-1,-1,-1
1073,391,1226.480,573.730,95.160,250.650,1.0000,-1,-1,-1
1074,372,390.540,526.340,215.680,350.090,1.0000,-1,-1,-1
1074,373,1062.600,539.230,209.790,351.750,1.0000,-1,-1,-1
1074,374,933.950,482.600,134.650,411.080,1.0000,-1,-1,-1
1074,375,1029.130,553.880,121.770,281.010,1.0000,-1,-1,-1
1074,377,1279.460,549.340,185.200,308.430,1.0000,-1,-1,-1
1074,379,523.440,554.770,207.310,346.290,1.0000,-1,-1,-1
1074,380,767.610,470.260,184.760,449.710,1.0000,-1,-1,-1
1074,388,610.030,549.030,133.780,307.100,1.0000,-1,-1,-1
1074,389,523.470,564.410,85.160,276.840,1.0000,-1,-1,-1
1074,390,687.270,522.310,170.350,351.950,1.0000,-1,-1,-1
1074,391,1230.570,574.570,91.290,249.770,1.0000,-1,-1,-1
1075,372,393.000,551.510,214.700,325.060,1.0000,-1,-1,-1
1075,373,1062.130,547.880,210.340,343.140,1.0000,-1,-1,-1
1075,374,939.060,487.890,135.140,405.790,1.0000,-1,-1,-1
1075,375,1030.210,555.130,120.360,279.910,1.0000,-1,-1,-1
1075,377,1279.970,556.340,183.840,301.590,1.0000,-1,-1,-1
1075,379,523.810,565.350,204.170,335.710,1.0000,-1,-1,-1
1075,380,769.520,474.660,181.960,445.530,1.0000,-1,-1,-1
1075,388,594.850,556.940,150.120,294.950,1.0000,-1,-1,-1
1075,389,523.230,566.350,87.830,274.970,1.0000,-1,-1,-1
1075,390,687.790,518.700,168.470,355.720,1.0000,-1,-1,-1
1075,391,1246.480,575.770,74.030,248.280,1.0000,-1,-1,-1
1076,372,394.330,555.390,208.730,321.560,1.0000,-1,-1,-1
1076,373,1060.120,552.570,213.230,338.340,1.0000,-1,-1,-1
1076,374,941.350,490.330,136.060,403.360,1.0000,-1,-1,-1
1076,375,1053.580,555.530,96.880,279.530,1.0000,-1,-1,-1
1076,377,1279.920,560.020,183.070,297.910,1.0000,-1,-1,-1
1076,379,524.160,570.860,202.130,330.180,1.0000,-1,-1,-1
1076,380,770.980,477.040,181.450,443.250,1.0000,-1,-1,-1
1076,388,586.890,559.920,158.970,291.080,1.0000,-1,-1,-1
1076,389,523.020,568.960,96.530,272.700,1.0000,-1,-1,-1
1076,390,687.710,518.850,167.950,355.690,1.0000,-1,-1,-1
1076,391,1253.020,576.840,69.560,247.050,1.0000,-1,-1,-1
1077,372,396.760,563.460,207.500,313.580,1.0000,-1,-1,-1
1077,373,1061.830,562.060,212.080,328.960,1.0000,-1,-1,-1
1077,374,941.470,495.090,150.040,398.830,1.0000,-1,-1,-1
1077,375,1059.730,556.800,90.610,278.130,1.0000,-1,-1,-1
1077,377,1279.690,568.260,183.020,289.760,1.0000,-1,-1,-1
1077,379,524.940,579.250,198.050,321.750,1.0000,-1,-1,-1
1077,380,772.930,479.660,183.310,440.710,1.0000,-1,-1,-1
1077,388,594.890,561.350,150.850,291.180,1.0000,-1,-1,-1
1077,389,524.640,571.700,97.840,269.480,1.0000,-1,-1,-1
1077,390,684.950,514.720,168.990,359.760,1.0000,-1,-1,-1
1077,391,1251.720,578.020,69.680,245.920,1.0000,-1,-1,-1
1078,372,398.430,566.950,201.610,310.580,1.0000,-1,-1,-1
1078,373,1061.470,567.090,210.630,323.920,1.0000,-1,-1,-1
1078,374,943.540,497.030,152.860,396.850,1.0000,-1,-1,-1
1078,375,1060.570,557.150,89.060,277.640,1.0000,-1,-1,-1
1078,377,1279.250,571.390,183.230,286.580,1.0000,-1,-1,-1
1078,379,523.560,585.840,197.380,315.590,1.0000,-1,-1,-1
1078,380,774.920,481.540,183.370,438.750,1.0000,-1,-1,-1
1078,388,596.700,561.570,148.980,288.390,1.0000,-1,-1,-1
1078,389,523.620,572.750,96.960,267.060,1.0000,-1,-1,-1
1078,390,683.950,529.300,168.180,345.090,1.0000,-1,-1,-1
1078,391,1242.120,578.590,79.040,245.350,1.0000,-1,-1,-1
1079,372,403.820,575.310,193.040,302.130,1.0000,-1,-1,-1
1079,373,1062.420,577.450,208.250,313.750,1.0000,-1,-1,-1
1079,374,947.730,500.750,148.700,392.910,1.0000,-1,-1,-1
1079,375,1061.460,558.600,87.330,276.220,1.0000,-1,-1,-1
1079,377,1277.770,580.030,183.660,277.970,1.0000,-1,-1,-1
1079,379,524.890,598.110,191.120,303.680,1.0000,-1,-1,-1
1079,380,781.430,485.040,180.040,435.210,1.0000,-1,-1,-1
1079,388,612.780,566.140,133.180,284.600,1.0000,-1,-1,-1
1079,389,523.750,575.260,98.890,269.730,1.0000,-1,-1,-1
1079,390,686.500,512.480,163.940,362.320,1.0000,-1,-1,-1
1079,391,1235.100,580.010,87.970,244.190,1.0000,-1,-1,-1
1080,372,405.500,578.870,193.500,298.860,1.0000,-1,-1,-1
1080,373,1062.130,582.200,206.110,308.770,1.0000,-1,-1,-1
1080,374,949.230,502.860,145.540,390.970,1.0000,-1,-1,-1
1080,375,1061.230,559.310,87.280,276.020,1.0000,-1,-1,-1
1080,377,1277.860,583.450,182.390,274.910,1.0000,-1,-1,-1
1080,379,524.490,601.600,189.980,300.500,1.0000,-1,-1,-1
1080,380,781.880,487.270,182.480,432.980,1.0000,-1,-1,-1
1080,388,613.340,563.410,133.240,285.870,1.0000,-1,-1,-1
1080,389,521.000,576.120,98.560,271.270,1.0000,-1,-1,-1
1080,390,686.640,533.360,162.520,341.030,1.0000,-1,-1,-1
1080,391,1231.110,580.440,91.590,243.840,1.0000,-1,-1,-1
1081,372,408.750,586.090,189.850,292.020,1.0000,-1,-1,-1
1081,373,1063.880,592.390,200.240,298.260,1.0000,-1,-1,-1
1081,374,950.910,505.930,144.260,387.770,1.0000,-1,-1,-1
1081,375,1063.020,560.720,91.160,275.040,1.0000,-1,-1,-1
1081,377,1276.880,591.760,179.340,266.550,1.0000,-1,-1,-1
1081,379,527.670,609.400,181.570,293.500,1.0000,-1,-1,-1
1081,380,784.220,489.760,187.570,430.410,1.0000,-1,-1,-1
1081,388,615.040,562.420,131.780,286.230,1.0000,-1,-1,-1
1081,389,523.800,576.850,96.420,271.520,1.0000,-1,-1,-1
1081,390,689.180,535.060,159.790,339.090,1.0000,-1,-1,-1
1081,391,1233.030,582.220,90.860,241.650,1.0000,-1,-1,-1
1082,372,410.680,590.280,181.140,286.600,1.0000,-1,-1,-1
1082,373,1066.520,597.010,195.520,293.480,1.0000,-1,-1,-1
1082,374,952.500,504.050,143.560,389.570,1.0000,-1,-1,-1
1082,375,1064.150,561.380,89.980,274.650,1.0000,-1,-1,-1
1082,377,1276.030,596.320,178.600,262.270,1.0000,-1,-1,-1
1082,379,527.170,610.660,181.620,292.430,1.0000,-1,-1,-1
1082,380,785.760,491.040,193.610,429.050,1.0000,-1,-1,-1
1082,388,614.950,561.890,131.700,292.360,1.0000,-1,-1,-1
1082,389,521.900,577.400,98.460,270.310,1.0000,-1,-1,-1
1082,390,692.360,535.100,155.090,338.890,1.0000,-1,-1,-1
1082,391,1232.640,583.040,91.050,240.890,1.0000,-1,-1,-1
1083,372,416.000,596.440,178.540,280.610,1.0000,-1,-1,-1
1083,373,1071.100,607.000,189.280,290.800,1.0000,-1,-1,-1
1083,374,952.430,500.470,141.770,393.150,1.0000,-1,-1,-1
1083,375,1069.050,563.210,89.830,272.700,1.0000,-1,-1,-1
1083,377,1274.840,602.690,176.040,255.880,1.0000,-1,-1,-1
1083,379,527.120,616.180,170.480,286.520,1.0000,-1,-1,-1
1083,380,789.180,492.860,198.950,427.200,1.0000,-1,-1,-1
1083,388,615.310,559.380,131.300,295.840,1.0000,-1,-1,-1
1083,389,526.310,579.000,92.800,268.650,1.0000,-1,-1,-1
1083,390,696.700,532.030,149.480,342.010,1.0000,-1,-1,-1
1083,391,1236.170,584.950,88.180,238.920,1.0000,-1,-1,-1
1084,372,417.040,597.090,175.060,281.400,1.0000,-1,-1,-1
1084,373,1071.380,612.110,187.600,287.340,1.0000,-1,-1,-1
1084,374,952.590,498.740,145.410,394.830,1.0000,-1,-1,-1
1084,375,1067.660,563.960,92.340,272.010,1.0000,-1,-1,-1
1084,377,1275.290,606.700,173.700,251.960,1.0000,-1,-1,-1
1084,379,524.670,614.200,170.570,289.430,1.0000,-1,-1,-1
1084,380,790.900,492.840,196.880,427.260,1.0000,-1,-1,-1
1084,388,615.140,556.660,131.200,298.320,1.0000,-1,-1,-1
1084,389,518.760,579.990,101.820,269.690,1.0000,-1,-1,-1
1084,390,699.780,530.650,146.230,343.410,1.0000,-1,-1,-1
1084,391,1237.880,585.820,86.840,238.160,1.0000,-1,-1,-1
1085,372,419.360,605.110,164.320,277.600,1.0000,-1,-1,-1
1085,373,1073.920,620.180,182.140,280.290,1.0000,-1,-1,-1
1085,374,951.790,497.470,141.660,396.080,1.0000,-1,-1,-1
1085,375,1066.750,566.940,97.920,268.310,1.0000,-1,-1,-1
1085,377,1275.170,612.310,170.410,246.790,1.0000,-1,-1,-1
1085,379,517.640,612.080,172.090,298.780,1.0000,-1,-1,-1
1085,380,791.980,490.160,196.620,429.900,1.0000,-1,-1,-1
1085,388,610.750,553.890,133.710,300.840,1.0000,-1,-1,-1
1085,389,518.640,581.840,97.540,266.700,1.0000,-1,-1,-1
1085,390,706.280,529.460,140.700,344.530,1.0000,-1,-1,-1
1085,391,1240.360,588.200,88.200,235.970,1.0000,-1,-1,-1
1086,372,420.100,611.860,164.380,271.480,1.0000,-1,-1,-1
1086,373,1079.820,624.010,176.110,276.930,1.0000,-1,-1,-1
1086,374,951.350,502.610,143.600,390.950,1.0000,-1,-1,-1
1086,375,1067.870,567.720,98.930,267.490,1.0000,-1,-1,-1
1086,377,1274.320,613.720,170.540,246.500,1.0000,-1,-1,-1
1086,379,517.050,611.970,170.880,299.560,1.0000,-1,-1,-1
1086,380,791.680,488.700,195.810,431.360,1.0000,-1,-1,-1
1086,388,610.530,552.250,133.040,302.260,1.0000,-1,-1,-1
1086,389,522.540,582.330,91.880,263.760,1.0000,-1,-1,-1
1086,390,707.300,528.560,140.240,345.370,1.0000,-1,-1,-1
1086,391,1238.360,588.780,91.190,235.470,1.0000,-1,-1,-1
1087,372,420.930,615.170,164.980,269.270,1.0000,-1,-1,-1
1087,373,1082.260,630.080,174.000,271.240,1.0000,-1,-1,-1
1087,374,950.440,506.780,139.680,386.840,1.0000,-1,-1,-1
1087,375,1062.240,570.350,99.370,263.940,1.0000,-1,-1,-1
1087,377,1272.920,617.990,168.900,242.210,1.0000,-1,-1,-1
1087,379,519.240,614.070,166.980,298.110,1.0000,-1,-1,-1
1087,380,793.700,485.030,188.160,435.190,1.0000,-1,-1,-1
1087,388,610.160,551.230,132.700,303.390,1.0000,-1,-1,-1
1087,389,527.990,584.160,89.150,252.550,1.0000,-1,-1,-1
1087,390,709.610,525.340,137.100,348.600,1.0000,-1,-1,-1
1087,391,1224.490,590.820,107.630,233.720,1.0000,-1,-1,-1
1088,372,421.080,617.850,163.270,267.090,1.0000,-1,-1,-1
1088,373,1080.200,632.910,176.810,268.400,1.0000,-1,-1,-1
1088,374,949.700,518.180,140.850,375.450,1.0000,-1,-1,-1
1088,375,1060.830,571.760,102.160,262.600,1.0000,-1,-1,-1
1088,377,1272.540,618.920,168.350,241.710,1.0000,-1,-1,-1
1088,379,525.790,615.130,159.960,297.390,1.0000,-1,-1,-1
1088,380,794.360,483.030,181.630,437.220,1.0000,-1,-1,-1
1088,388,612.640,550.820,129.940,303.930,1.0000,-1,-1,-1
1088,389,523.350,585.360,90.760,249.520,1.0000,-1,-1,-1
1088,390,710.890,524.410,140.480,349.670,1.0000,-1,-1,-1
1088,391,1224.460,591.450,109.060,232.960,1.0000,-1,-1,-1
1089,372,422.120,622.600,162.060,263.100,1.0000,-1,-1,-1
1089,373,1083.330,635.380,174.320,265.960,1.0000,-1,-1,-1
1089,374,950.460,523.100,141.180,370.520,1.0000,-1,-1,-1
1089,375,1068.900,574.380,95.390,258.780,1.0000,-1,-1,-1
1089,377,1272.510,619.700,167.800,241.020,1.0000,-1,-1,-1
1089,379,529.170,618.400,155.600,294.310,1.0000,-1,-1,-1
1089,380,796.380,480.000,178.180,440.470,1.0000,-1,-1,-1
1089,388,611.130,547.210,130.570,307.520,1.0000,-1,-1,-1
1089,389,505.830,586.080,111.550,249.310,1.0000,-1,-1,-1
1089,390,716.980,520.690,137.640,353.290,1.0000,-1,-1,-1
1089,391,1224.790,592.000,121.200,232.730,1.0000,-1,-1,-1
1090,372,423.400,623.650,161.010,261.930,1.0000,-1,-1,-1
1090,373,1088.320,635.660,169.660,265.500,1.0000,-1,-1,-1
1090,374,951.430,522.450,139.270,371.160,1.0000,-1,-1,-1
1090,375,1064.290,575.540,101.190,258.470,1.0000,-1,-1,-1
1090,377,1272.350,620.060,167.690,240.820,1.0000,-1,-1,-1
1090,379,526.570,627.670,158.140,284.790,1.0000,-1,-1,-1
1090,380,795.770,480.140,180.750,439.980,1.0000,-1,-1,-1
1090,388,612.050,546.960,129.010,307.530,1.0000,-1,-1,-1
1090,389,504.680,586.560,107.850,249.970,1.0000,-1,-1,-1
1090,390,719.300,522.800,136.260,350.990,1.0000,-1,-1,-1
1090,391,1225.180,591.860,125.540,232.950,1.0000,-1,-1,-1
1091,372,425.470,627.910,164.850,258.320,1.0000,-1,-1,-1
1091,373,1094.750,636.100,163.210,265.070,1.0000,-1,-1,-1
1091,374,952.700,518.950,133.230,374.720,1.0000,-1,-1,-1
1091,375,1061.760,576.540,109.230,257.320,1.0000,-1,-1,-1
1091,377,1272.610,620.810,166.430,240.500,1.0000,-1,-1,-1
1091,379,527.090,629.830,158.460,282.460,1.0000,-1,-1,-1
1091,380,792.850,481.810,180.410,438.430,1.0000,-1,-1,-1
1091,388,612.290,558.870,127.800,295.880,1.0000,-1,-1,-1
1091,389,505.410,586.530,106.610,249.270,1.0000,-1,-1,-1
1091,390,722.120,530.980,133.260,343.090,1.0000,-1,-1,-1
1091,391,1224.920,591.050,132.180,233.590,1.0000,-1,-1,-1
1092,372,426.120,629.420,163.310,256.640,1.0000,-1,-1,-1
1092,373,1093.250,636.290,164.380,264.730,1.0000,-1,-1,-1
1092,374,954.150,516.210,130.870,377.540,1.0000,-1,-1,-1
1092,375,1063.070,576.430,107.660,257.670,1.0000,-1,-1,-1
1092,377,1273.110,621.140,165.050,240.040,1.0000,-1,-1,-1
1092,379,508.290,632.580,177.620,279.450,1.0000,-1,-1,-1
1092,380,818.730,493.720,151.940,426.410,1.0000,-1,-1,-1
1092,388,613.410,564.240,125.710,290.090,1.0000,-1,-1,-1
1092,389,505.770,585.740,109.320,253.430,1.0000,-1,-1,-1
1092,390,723.140,543.040,121.910,330.950,1.0000,-1,-1,-1
1092,391,1224.850,590.050,131.370,234.890,1.0000,-1,-1,-1
1093,372,428.610,630.340,165.290,255.680,1.0000,-1,-1,-1
1093,373,1091.620,637.710,165.740,263.300,1.0000,-1,-1,-1
1093,374,954.740,510.070,135.120,383.560,1.0000,-1,-1,-1
1093,375,1059.340,574.170,120.700,259.780,1.0000,-1,-1,-1
1093,377,1272.650,621.880,164.170,239.500,1.0000,-1,-1,-1
1093,379,503.050,633.650,185.750,278.280,1.0000,-1,-1,-1
1093,380,807.820,486.670,155.830,433.210,1.0000,-1,-1,-1
1093,388,616.600,575.440,121.530,278.680,1.0000,-1,-1,-1
1093,389,505.140,583.140,107.890,257.730,1.0000,-1,-1,-1
1093,390,719.410,551.660,122.580,322.110,1.0000,-1,-1,-1
1093,391,1222.600,585.960,127.980,239.280,1.0000,-1,-1,-1
1094,372,430.490,630.520,166.320,255.340,1.0000,-1,-1,-1
1094,373,1093.080,638.410,164.590,262.610,1.0000,-1,-1,-1
1094,374,957.590,505.890,129.290,387.840,1.0000,-1,-1,-1
1094,375,1059.160,571.820,118.540,260.910,1.0000,-1,-1,-1
1094,377,1273.330,621.860,163.070,239.510,1.0000,-1,-1,-1
1094,379,510.610,632.840,179.000,278.800,1.0000,-1,-1,-1
1094,380,785.590,470.940,177.860,448.790,1.0000,-1,-1,-1
1094,388,617.360,573.530,121.300,280.760,1.0000,-1,-1,-1
1094,389,504.780,581.870,107.790,260.370,1.0000,-1,-1,-1
1094,390,715.010,543.570,125.900,330.160,1.0000,-1,-1,-1
1094,391,1222.970,583.710,128.920,241.540,1.0000,-1,-1,-1
1095,372,432.300,630.920,164.200,254.590,1.0000,-1,-1,-1
1095,373,1093.480,638.440,164.960,262.630,1.0000,-1,-1,-1
1095,374,955.030,500.120,135.990,393.370,1.0000,-1,-1,-1
1095,375,1055.090,566.830,114.760,266.700,1.0000,-1,-1,-1
1095,377,1271.910,621.770,164.660,239.520,1.0000,-1,-1,-1
1095,379,498.710,629.500,192.280,281.580,1.0000,-1,-1,-1
1095,380,783.900,446.920,179.350,472.820,1.0000,-1,-1,-1
1095,388,614.720,565.950,124.030,288.370,1.0000,-1,-1,-1
1095,389,504.280,579.480,107.250,261.710,1.0000,-1,-1,-1
1095,390,706.280,526.110,133.060,347.700,1.0000,-1,-1,-1
1095,391,1222.690,578.210,124.000,246.690,1.0000,-1,-1,-1
1096,372,433.150,632.180,164.250,253.320,1.0000,-1,-1,-1
1096,373,1093.250,638.000,165.100,263.000,1.0000,-1,-1,-1
1096,374,955.210,496.720,137.710,396.770,1.0000,-1,-1,-1
1096,375,1050.180,564.340,117.590,269.270,1.0000,-1,-1,-1
1096,377,1273.690,621.840,162.820,239.420,1.0000,-1,-1,-1
1096,379,500.120,630.010,192.280,280.940,1.0000,-1,-1,-1
1096,380,783.310,435.900,181.100,483.950,1.0000,-1,-1,-1
1096,388,617.070,559.100,122.660,294.890,1.0000,-1,-1,-1
1096,389,504.880,577.400,107.530,261.840,1.0000,-1,-1,-1
1096,390,701.770,526.800,138.420,347.010,1.0000,-1,-1,-1
1096,391,1218.760,575.130,131.650,249.760,1.0000,-1,-1,-1
1097,372,434.230,632.700,164.680,252.950,1.0000,-1,-1,-1
1097,373,1090.340,637.100,168.010,263.690,1.0000,-1,-1,-1
1097,374,963.320,491.080,135.180,402.340,1.0000,-1,-1,-1
1097,375,1049.130,558.750,118.270,275.350,1.0000,-1,-1,-1
1097,377,1273.510,621.750,162.760,239.420,1.0000,-1,-1,-1
1097,379,515.730,627.180,173.660,283.740,1.0000,-1,-1,-1
1097,380,788.360,420.200,188.290,499.660,1.0000,-1,-1,-1
1097,388,615.160,553.930,126.480,299.890,1.0000,-1,-1,-1
1097,389,504.290,573.850,110.100,263.670,1.0000,-1,-1,-1
1097,390,706.570,527.420,136.270,346.650,1.0000,-1,-1,-1
1097,391,1219.140,569.400,111.590,255.340,1.0000,-1,-1,-1
1098,372,434.770,633.650,164.000,252.160,1.0000,-1,-1,-1
1098,373,1090.500,637.170,168.030,263.630,1.0000,-1,-1,-1
1098,374,962.130,488.380,138.830,404.770,1.0000,-1,-1,-1
1098,375,1050.230,556.330,119.360,277.320,1.0000,-1,-1,-1
1098,377,1272.970,621.870,162.820,239.350,1.0000,-1,-1,-1
1098,379,528.600,628.070,161.220,282.810,1.0000,-1,-1,-1
1098,380,793.590,411.390,189.400,508.220,1.0000,-1,-1,-1
1098,388,616.700,551.600,124.970,301.950,1.0000,-1,-1,-1
1098,389,503.230,571.740,111.280,265.440,1.0000,-1,-1,-1
1098,390,707.080,521.000,122.590,353.100,1.0000,-1,-1,-1
1098,391,1218.950,567.910,117.050,256.720,1.0000,-1,-1,-1
1099,372,434.580,633.060,161.740,252.900,1.0000,-1,-1,-1
1099,373,1088.170,638.230,170.900,262.540,1.0000,-1,-1,-1
1099,374,953.460,483.950,150.810,409.160,1.0000,-1,-1,-1
1099,375,1051.230,552.270,110.920,282.100,1.0000,-1,-1,-1
1099,377,1274.680,621.940,161.140,239.260,1.0000,-1,-1,-1
1099,379,526.280,627.430,162.410,283.570,1.0000,-1,-1,-1
1099,380,818.370,397.230,161.290,522.330,1.0000,-1,-1,-1
1099,388,616.020,551.990,126.280,301.490,1.0000,-1,-1,-1
1099,389,504.120,568.590,110.040,268.500,1.0000,-1,-1,-1
1099,390,705.800,519.910,130.890,353.840,1.0000,-1,-1,-1
1099,391,1217.320,565.710,105.320,258.990,1.0000,-1,-1,-1
1100,372,434.330,629.990,162.230,255.800,1.0000,-1,-1,-1
1100,373,1088.150,638.530,171.400,262.150,1.0000,-1,-1,-1
1100,374,957.190,482.770,148.400,410.330,1.0000,-1,-1,-1
1100,375,1053.290,550.480,106.450,284.460,1.0000,-1,-1,-1
1100,377,1274.420,621.830,161.320,239.420,1.0000,-1,-1,-1
1100,379,527.300,627.120,159.780,283.870,1.0000,-1,-1,-1
1100,380,816.730,397.660,168.970,522.140,1.0000,-1,-1,-1
1100,388,615.370,551.420,127.260,302.330,1.0000,-1,-1,-1
1100,389,504.130,567.280,110.800,269.990,1.0000,-1,-1,-1
1100,390,705.910,518.980,133.460,355.040,1.0000,-1,-1,-1
1100,391,1217.230,565.740,108.040,258.950,1.0000,-1,-1,-1
1101,372,434.150,635.250,164.560,250.590,1.0000,-1,-1,-1
1101,373,1089.480,637.480,170.080,263.270,1.0000,-1,-1,-1
1101,374,957.600,482.260,149.110,410.510,1.0000,-1,-1,-1
1101,375,1050.770,547.270,107.960,288.800,1.0000,-1,-1,-1
1101,377,1276.590,621.670,158.760,239.540,1.0000,-1,-1,-1
1101,379,526.060,627.950,160.750,282.960,1.0000,-1,-1,-1
1101,380,796.030,403.520,187.670,516.340,1.0000,-1,-1,-1
1101,388,616.920,551.740,126.450,302.630,1.0000,-1,-1,-1
1101,389,503.290,564.270,110.620,274.010,1.0000,-1,-1,-1
1101,390,697.670,519.670,128.920,354.120,1.0000,-1,-1,-1
1101,391,1217.080,565.870,103.650,258.860,1.0000,-1,-1,-1
1102,372,433.730,635.450,163.730,250.160,1.0000,-1,-1,-1
1102,373,1090.100,636.340,169.280,264.520,1.0000,-1,-1,-1
1102,374,954.210,482.990,149.990,410.090,1.0000,-1,-1,-1
1102,375,1051.010,545.890,106.090,289.920,1.0000,-1,-1,-1
1102,377,1277.060,621.720,157.110,239.640,1.0000,-1,-1,-1
1102,379,525.450,627.750,160.920,283.150,1.0000,-1,-1,-1
1102,380,800.370,412.010,179.930,507.880,1.0000,-1,-1,-1
1102,388,611.600,550.820,132.140,303.200,1.0000,-1,-1,-1
1102,389,502.010,563.380,111.550,274.430,1.0000,-1,-1,-1
1102,390,685.980,512.230,144.840,361.340,1.0000,-1,-1,-1
1102,391,1216.800,566.450,101.940,258.590,1.0000,-1,-1,-1
1103,372,432.270,634.590,170.370,250.620,1.0000,-1,-1,-1
1103,373,1089.950,634.560,170.390,265.320,1.0000,-1,-1,-1
1103,374,953.510,487.320,145.110,402.040,1.0000,-1,-1,-1
1103,375,1054.790,544.660,101.100,290.720,1.0000,-1,-1,-1
1103,377,1278.000,621.750,155.740,239.150,1.0000,-1,-1,-1
1103,379,527.290,629.040,158.970,281.790,1.0000,-1,-1,-1
1103,380,804.240,431.600,185.340,488.350,1.0000,-1,-1,-1
1103,388,610.320,541.070,132.990,313.110,1.0000,-1,-1,-1
1103,389,500.360,561.140,111.160,274.130,1.0000,-1,-1,-1
1103,390,686.740,513.700,152.620,359.710,1.0000,-1,-1,-1
1103,391,1229.320,568.800,93.220,255.150,1.0000,-1,-1,-1
1104,372,431.190,635.820,174.070,248.900,1.0000,-1,-1,-1
1104,373,1092.190,633.770,168.720,263.150,1.0000,-1,-1,-1
1104,374,956.530,490.420,143.040,397.970,1.0000,-1,-1,-1
1104,375,1064.560,544.450,90.290,290.880,1.0000,-1,-1,-1
1104,377,1278.570,621.540,155.220,239.500,1.0000,-1,-1,-1
1104,379,530.950,631.280,154.720,279.650,1.0000,-1,-1,-1
1104,380,805.410,442.660,190.090,477.670,1.0000,-1,-1,-1
1104,388,606.240,542.000,139.990,311.760,1.0000,-1,-1,-1
1104,389,497.310,560.440,114.780,274.170,1.0000,-1,-1,-1
1104,390,684.120,516.740,144.880,356.810,1.0000,-1,-1,-1
1104,391,1218.320,570.180,99.720,253.550,1.0000,-1,-1,-1
1105,372,428.550,633.620,170.960,245.870,1.0000,-1,-1,-1
1105,373,1111.070,627.660,149.280,261.790,1.0000,-1,-1,-1
1105,374,955.860,496.550,140.090,392.060,1.0000,-1,-1,-1
1105,375,1072.830,543.910,83.530,289.340,1.0000,-1,-1,-1
1105,377,1269.770,620.520,164.280,238.950,1.0000,-1,-1,-1
1105,379,537.700,632.250,148.030,278.450,1.0000,-1,-1,-1
1105,380,808.590,473.710,192.080,448.720,1.0000,-1,-1,-1
1105,388,602.900,544.820,137.300,309.340,1.0000,-1,-1,-1
1105,389,480.980,558.740,129.770,277.890,1.0000,-1,-1,-1
1105,390,678.470,522.670,149.880,351.050,1.0000,-1,-1,-1
1105,391,1199.180,573.540,120.510,250.900,1.0000,-1,-1,-1
1106,372,430.470,633.300,165.770,243.110,1.0000,-1,-1,-1
1106,373,1124.020,631.430,136.140,259.230,1.0000,-1,-1,-1
1106,374,961.830,498.940,131.810,389.690,1.0000,-1,-1,-1
1106,375,1061.200,543.500,101.420,290.690,1.0000,-1,-1,-1
1106,377,1285.880,619.460,147.880,238.720,1.0000,-1,-1,-1
1106,379,531.570,632.040,153.100,277.740,1.0000,-1,-1,-1
1106,380,811.330,479.750,182.630,442.870,1.0000,-1,-1,-1
1106,388,599.380,546.090,139.080,307.890,1.0000,-1,-1,-1
1106,389,474.140,558.280,134.370,278.590,1.0000,-1,-1,-1
1106,390,687.150,528.010,142.170,345.610,1.0000,-1,-1,-1
1106,391,1210.670,575.250,113.300,248.950,1.0000,-1,-1,-1
1107,372,434.600,632.630,157.410,243.610,1.0000,-1,-1,-1
1107,373,1140.520,631.200,121.330,258.890,1.0000,-1,-1,-1
1107,374,956.450,500.440,118.470,388.320,1.0000,-1,-1,-1
1107,375,1041.970,543.700,119.880,288.890,1.0000,-1,-1,-1
1107,377,1287.240,617.690,146.570,241.360,1.0000,-1,-1,-1
1107,379,497.370,631.380,186.590,276.590,1.0000,-1,-1,-1
1107,380,799.870,485.640,184.700,436.320,1.0000,-1,-1,-1
1107,388,594.520,547.110,144.530,306.450,1.0000,-1,-1,-1
1107,389,490.580,556.930,133.280,278.330,1.0000,-1,-1,-1
1107,390,691.890,532.120,135.440,341.570,1.0000,-1,-1,-1
1107,391,1207.300,578.450,116.600,244.690,1.0000,-1,-1,-1
1108,372,434.740,631.440,154.320,244.040,1.0000,-1,-1,-1
1108,373,1144.630,630.920,118.360,258.890,1.0000,-1,-1,-1
1108,374,953.090,500.540,118.420,388.190,1.0000,-1,-1,-1
1108,375,1032.090,544.110,132.560,286.940,1.0000,-1,-1,-1
1108,377,1286.650,617.260,151.840,243.020,1.0000,-1,-1,-1
1108,379,491.520,632.760,193.500,275.430,1.0000,-1,-1,-1
1108,380,806.370,490.320,174.530,430.940,1.0000,-1,-1,-1
1108,388,621.360,544.640,117.180,307.690,1.0000,-1,-1,-1
1108,389,496.060,557.200,140.440,283.430,1.0000,-1,-1,-1
1108,390,687.260,530.620,138.540,343.000,1.0000,-1,-1,-1
1108,391,1220.900,579.670,105.370,243.400,1.0000,-1,-1,-1
1109,372,436.390,627.660,155.660,250.210,1.0000,-1,-1,-1
1109,373,1089.460,630.050,178.450,259.770,1.0000,-1,-1,-1
1109,374,954.820,498.060,121.750,390.790,1.0000,-1,-1,-1
1109,375,1068.820,545.770,94.920,285.360,1.0000,-1,-1,-1
1109,377,1279.260,617.620,189.230,241.890,1.0000,-1,-1,-1
1109,379,485.750,630.510,206.910,276.590,1.0000,-1,-1,-1
1109,380,823.790,493.260,169.550,432.400,1.0000,-1,-1,-1
1109,388,643.730,536.420,94.360,317.000,1.0000,-1,-1,-1
1109,389,529.780,558.240,92.830,278.750,1.0000,-1,-1,-1
1109,390,700.030,523.420,142.210,350.080,1.0000,-1,-1,-1
1109,391,1239.810,579.830,87.580,243.290,1.0000,-1,-1,-1
1110,372,440.020,626.240,154.500,254.570,1.0000,-1,-1,-1
1110,373,1132.180,630.050,143.900,258.590,1.0000,-1,-1,-1
1110,374,963.750,495.270,122.610,393.640,1.0000,-1,-1,-1
1110,375,1085.550,546.000,79.890,285.070,1.0000,-1,-1,-1
1110,377,1288.740,617.470,236.130,243.300,1.0000,-1,-1,-1
1110,379,518.720,629.350,190.830,277.200,1.0000,-1,-1,-1
1110,380,807.990,494.530,277.910,431.170,1.0000,-1,-1,-1
1110,388,643.470,534.200,108.480,318.700,1.0000,-1,-1,-1
1110,389,530.720,559.150,91.860,275.790,1.0000,-1,-1,-1
1110,390,716.310,519.560,119.560,355.500,1.0000,-1,-1,-1
1110,391,1242.100,578.420,108.940,244.310,1.0000,-1,-1,-1
1111,372,446.650,625.490,176.200,250.740,1.0000,-1,-1,-1
1111,373,1123.110,632.060,167.320,259.360,1.0000,-1,-1,-1
1111,374,949.840,490.090,247.870,398.260,1.0000,-1,-1,-1
1111,375,1085.650,547.350,159.290,282.850,1.0000,-1,-1,-1
1111,377,1313.210,616.420,173.560,247.820,1.0000,-1,-1,-1
1111,379,524.870,628.770,241.110,275.330,1.0000,-1,-1,-1
1111,380,741.360,491.730,391.520,434.000,1.0000,-1,-1,-1
1111,388,638.220,527.310,123.350,323.480,1.0000,-1,-1,-1
1111,389,543.730,560.530,145.760,272.380,1.0000,-1,-1,-1
1111,390,707.100,519.480,191.050,357.820,1.0000,-1,-1,-1
1111,391,1240.560,574.850,161.190,246.520,1.0000,-1,-1,-1
1112,372,447.340,625.480,193.770,253.710,1.0000,-1,-1,-1
1112,373,1116.460,633.160,218.610,262.170,1.0000,-1,-1,-1
1112,374,944.100,488.320,257.850,399.680,1.0000,-1,-1,-1
1112,375,1084.080,543.820,176.570,288.980,1.0000,-1,-1,-1
1112,377,1319.970,616.250,138.040,248.090,1.0000,-1,-1,-1
1112,379,530.800,630.200,250.140,272.860,1.0000,-1,-1,-1
1112,380,734.410,489.770,392.450,436.250,1.0000,-1,-1,-1
1112,388,635.920,518.540,134.280,332.070,1.0000,-1,-1,-1
1112,389,542.270,560.360,145.280,276.530,1.0000,-1,-1,-1
1112,390,694.640,520.960,205.230,355.900,1.0000,-1,-1,-1
1112,391,1239.500,572.790,163.540,248.630,1.0000,-1,-1,-1
1113,372,439.820,624.680,157.930,258.430,1.0000,-1,-1,-1
1113,373,1096.250,633.850,270.460,266.940,1.0000,-1,-1,-1
1113,374,941.170,485.060,236.070,403.470,1.0000,-1,-1,-1
1113,375,1078.390,543.070,176.470,291.260,1.0000,-1,-1,-1
1113,377,1318.710,616.260,144.940,248.300,1.0000,-1,-1,-1
1113,379,539.970,631.470,212.660,270.940,1.0000,-1,-1,-1
1113,380,724.970,486.760,335.910,439.210,1.0000,-1,-1,-1
1113,388,626.760,522.610,150.180,328.160,1.0000,-1,-1,-1
1113,389,534.170,559.890,135.470,283.840,1.0000,-1,-1,-1
1113,390,721.350,524.540,149.260,352.520,1.0000,-1,-1,-1
1113,391,1237.560,570.480,131.020,251.400,1.0000,-1,-1,-1
1114,372,443.640,626.010,156.480,257.570,1.0000,-1,-1,-1
1114,373,1078.570,633.550,269.330,266.780,1.0000,-1,-1,-1
1114,374,965.860,485.540,177.180,403.270,1.0000,-1,-1,-1
1114,375,1082.280,542.330,142.640,292.150,1.0000,-1,-1,-1
1114,377,1311.990,616.280,158.110,247.860,1.0000,-1,-1,-1
1114,379,546.360,631.470,176.470,270.330,1.0000,-1,-1,-1
1114,380,774.600,484.250,252.920,441.440,1.0000,-1,-1,-1
1114,388,621.310,532.380,155.750,318.030,1.0000,-1,-1,-1
1114,389,539.490,560.040,117.500,288.010,1.0000,-1,-1,-1
1114,390,717.940,524.980,136.860,352.450,1.0000,-1,-1,-1
1114,391,1240.620,570.660,89.270,251.850,1.0000,-1,-1,-1
1115,372,455.650,629.530,139.610,254.250,1.0000,-1,-1,-1
1115,373,1129.680,631.460,188.510,268.670,1.0000,-1,-1,-1
1115,374,957.660,485.610,133.840,402.950,1.0000,-1,-1,-1
1115,375,1100.930,542.180,82.530,289.820,1.0000,-1,-1,-1
1115,377,1297.030,617.840,194.380,246.350,1.0000,-1,-1,-1
1115,379,533.810,629.800,203.990,269.800,1.0000,-1,-1,-1
1115,380,850.960,481.910,125.160,443.770,1.0000,-1,-1,-1
1115,388,629.120,537.050,126.140,314.320,1.0000,-1,-1,-1
1115,389,531.830,561.540,103.730,288.490,1.0000,-1,-1,-1
1115,390,731.620,524.990,121.350,352.480,1.0000,-1,-1,-1
1115,391,1244.060,570.360,78.280,254.400,1.0000,-1,-1,-1
1116,372,456.160,633.730,145.430,250.120,1.0000,-1,-1,-1
1116,373,1153.900,630.550,160.370,269.750,1.0000,-1,-1,-1
1116,374,978.830,486.550,126.790,401.160,1.0000,-1,-1,-1
1116,375,1104.150,542.570,79.740,289.400,1.0000,-1,-1,-1
1116,377,1295.830,618.260,208.650,245.830,1.0000,-1,-1,-1
1116,379,524.060,629.140,211.380,270.290,1.0000,-1,-1,-1
1116,380,849.810,480.860,166.220,444.930,1.0000,-1,-1,-1
1116,388,629.260,541.230,136.640,308.780,1.0000,-1,-1,-1
1116,389,552.210,561.960,80.910,290.240,1.0000,-1,-1,-1
1116,390,727.540,525.230,139.260,352.190,1.0000,-1,-1,-1
1116,391,1246.410,569.400,77.460,254.870,1.0000,-1,-1,-1
1117,372,444.520,637.050,162.940,246.080,1.0000,-1,-1,-1
1117,373,1144.020,630.770,168.420,269.350,1.0000,-1,-1,-1
1117,374,974.940,488.310,148.190,394.350,1.0000,-1,-1,-1
1117,375,1102.710,543.550,119.160,288.880,1.0000,-1,-1,-1
1117,377,1305.890,618.380,196.400,245.900,1.0000,-1,-1,-1
1117,379,519.370,624.770,219.580,276.030,1.0000,-1,-1,-1
1117,380,840.190,476.710,210.490,449.800,1.0000,-1,-1,-1
1117,388,637.830,541.560,103.340,306.430,1.0000,-1,-1,-1
1117,389,550.850,560.460,83.390,282.910,1.0000,-1,-1,-1
1117,390,729.640,523.060,141.940,353.980,1.0000,-1,-1,-1
1117,391,1233.920,568.250,111.490,256.000,1.0000,-1,-1,-1
1118,372,433.690,634.990,170.660,248.240,1.0000,-1,-1,-1
1118,373,1151.030,630.260,181.070,269.790,1.0000,-1,-1,-1
1118,374,974.740,488.140,152.350,393.610,1.0000,-1,-1,-1
1118,375,1106.310,544.150,139.460,288.050,1.0000,-1,-1,-1
1118,377,1310.650,618.090,184.660,246.080,1.0000,-1,-1,-1
1118,379,520.580,622.390,223.120,278.940,1.0000,-1,-1,-1
1118,380,831.160,470.550,191.140,455.600,1.0000,-1,-1,-1
1118,388,646.190,540.290,98.980,307.770,1.0000,-1,-1,-1
1118,389,545.190,558.400,93.810,279.730,1.0000,-1,-1,-1
1118,390,705.270,521.710,161.140,354.870,1.0000,-1,-1,-1
1118,391,1234.020,567.320,127.640,256.940,1.0000,-1,-1,-1
1119,372,430.150,627.270,179.600,255.990,1.0000,-1,-1,-1
1119,373,1154.360,630.800,199.190,269.340,1.0000,-1,-1,-1
1119,374,968.290,488.180,144.420,391.520,1.0000,-1,-1,-1
1119,375,1096.910,542.140,133.340,286.440,1.0000,-1,-1,-1
1119,377,1323.250,617.770,147.540,246.320,1.0000,-1,-1,-1
1119,379,532.490,618.790,211.550,282.740,1.0000,-1,-1,-1
1119,380,843.710,455.790,145.810,473.940,1.0000,-1,-1,-1
1119,388,663.980,535.810,93.130,313.980,1.0000,-1,-1,-1
1119,389,545.810,555.190,98.910,279.870,1.0000,-1,-1,-1
1119,390,710.630,517.850,159.020,357.420,1.0000,-1,-1,-1
1119,391,1241.880,566.000,121.370,258.710,1.0000,-1,-1,-1
1120,372,440.650,625.720,174.940,257.270,1.0000,-1,-1,-1
1120,373,1154.750,630.980,192.970,269.170,1.0000,-1,-1,-1
1120,374,971.720,487.520,135.690,393.860,1.0000,-1,-1,-1
1120,375,1096.830,540.830,129.800,287.420,1.0000,-1,-1,-1
1120,377,1321.880,618.120,135.940,245.760,1.0000,-1,-1,-1
1120,379,547.770,617.620,198.980,284.340,1.0000,-1,-1,-1
1120,380,841.080,447.690,150.740,495.240,1.0000,-1,-1,-1
1120,388,658.870,533.040,97.070,319.510,1.0000,-1,-1,-1
1120,389,547.090,554.250,99.340,281.140,1.0000,-1,-1,-1
1120,390,719.410,517.230,159.770,357.390,1.0000,-1,-1,-1
1120,391,1244.600,565.360,133.730,258.880,1.0000,-1,-1,-1
1121,372,434.220,610.600,179.020,271.810,1.0000,-1,-1,-1
1121,373,1143.130,631.410,171.340,269.030,1.0000,-1,-1,-1
1121,374,976.230,487.500,139.110,394.180,1.0000,-1,-1,-1
1121,375,1101.030,539.560,99.890,289.840,1.0000,-1,-1,-1
1121,377,1322.310,618.220,133.530,245.640,1.0000,-1,-1,-1
1121,379,571.980,617.770,182.660,293.160,1.0000,-1,-1,-1
1121,380,826.370,447.170,172.880,500.780,1.0000,-1,-1,-1
1121,388,661.940,532.270,81.740,321.630,1.0000,-1,-1,-1
1121,389,554.780,555.220,91.650,279.900,1.0000,-1,-1,-1
1121,390,733.030,517.990,135.340,365.490,1.0000,-1,-1,-1
1121,391,1250.300,565.670,107.660,260.300,1.0000,-1,-1,-1
1122,372,427.320,599.700,184.020,282.780,1.0000,-1,-1,-1
1122,373,1137.580,631.360,197.460,268.880,1.0000,-1,-1,-1
1122,374,956.910,488.200,158.920,393.430,1.0000,-1,-1,-1
1122,375,1102.830,541.930,86.880,293.520,1.0000,-1,-1,-1
1122,377,1322.030,618.500,134.150,245.150,1.0000,-1,-1,-1
1122,379,574.670,619.570,185.060,291.720,1.0000,-1,-1,-1
1122,380,824.280,441.330,174.790,505.980,1.0000,-1,-1,-1
1122,388,653.400,535.070,96.650,320.190,1.0000,-1,-1,-1
1122,389,558.910,556.810,89.450,277.940,1.0000,-1,-1,-1
1122,390,736.590,519.910,132.380,363.330,1.0000,-1,-1,-1
1122,391,1254.140,565.730,92.590,260.760,1.0000,-1,-1,-1
1123,372,424.470,593.560,184.920,288.990,1.0000,-1,-1,-1
1123,373,1141.280,632.830,172.010,267.270,1.0000,-1,-1,-1
1123,374,956.140,489.710,160.100,392.100,1.0000,-1,-1,-1
1123,375,1107.400,545.510,80.430,288.210,1.0000,-1,-1,-1
1123,377,1317.630,619.950,139.930,243.720,1.0000,-1,-1,-1
1123,379,576.440,621.430,184.090,290.320,1.0000,-1,-1,-1
1123,380,822.580,430.290,177.540,517.860,1.0000,-1,-1,-1
1123,388,651.120,538.250,102.330,316.650,1.0000,-1,-1,-1
1123,389,551.500,559.350,102.180,276.480,1.0000,-1,-1,-1
1123,390,738.800,522.600,130.380,360.810,1.0000,-1,-1,-1
1123,391,1256.660,565.740,95.640,260.230,1.0000,-1,-1,-1
1124,372,424.240,603.370,185.310,279.450,1.0000,-1,-1,-1
1124,373,1147.530,633.130,161.450,267.030,1.0000,-1,-1,-1
1124,374,958.590,490.370,157.720,391.310,1.0000,-1,-1,-1
1124,375,1110.090,546.640,79.140,285.090,1.0000,-1,-1,-1
1124,377,1315.270,620.830,143.480,242.860,1.0000,-1,-1,-1
1124,379,577.280,621.510,183.760,290.200,1.0000,-1,-1,-1
1124,380,824.180,427.490,175.620,520.780,1.0000,-1,-1,-1
1124,388,652.810,542.590,106.000,312.670,1.0000,-1,-1,-1
1124,389,548.110,559.890,100.500,275.770,1.0000,-1,-1,-1
1124,390,738.110,522.960,130.990,360.510,1.0000,-1,-1,-1
1124,391,1258.040,565.720,95.710,259.240,1.0000,-1,-1,-1
1124,392,872.130,574.730,73.040,280.180,1.0000,-1,-1,-1
1125,372,422.830,627.060,186.100,255.640,1.0000,-1,-1,-1
1125,373,1147.580,634.160,162.200,265.740,1.0000,-1,-1,-1
1125,374,975.160,492.250,141.250,389.330,1.0000,-1,-1,-1
1125,375,1112.460,547.130,81.810,284.010,1.0000,-1,-1,-1
1125,377,1312.300,621.620,147.200,241.950,1.0000,-1,-1,-1
1125,379,578.290,620.930,183.330,290.330,1.0000,-1,-1,-1
1125,380,827.300,424.640,176.050,523.670,1.0000,-1,-1,-1
1125,388,654.380,545.900,111.030,308.900,1.0000,-1,-1,-1
1125,389,547.870,560.190,98.400,275.420,1.0000,-1,-1,-1
1125,390,736.010,522.520,132.960,360.890,1.0000,-1,-1,-1
1125,391,1252.360,566.090,102.120,258.720,1.0000,-1,-1,-1
1125,392,868.080,567.470,79.110,287.860,1.0000,-1,-1,-1
1126,372,422.600,628.810,187.490,253.960,1.0000,-1,-1,-1
1126,373,1145.390,634.410,163.120,265.490,1.0000,-1,-1,-1
1126,374,981.680,493.360,134.730,388.180,1.0000,-1,-1,-1
1126,375,1111.960,547.450,83.760,283.910,1.0000,-1,-1,-1
1126,377,1313.770,621.950,145.690,241.690,1.0000,-1,-1,-1
1126,379,578.110,620.620,182.840,290.710,1.0000,-1,-1,-1
1126,380,833.800,425.940,172.980,522.430,1.0000,-1,-1,-1
1126,388,655.050,546.060,112.650,308.660,1.0000,-1,-1,-1
1126,389,547.630,559.290,97.520,275.620,1.0000,-1,-1,-1
1126,390,731.610,522.340,137.410,360.900,1.0000,-1,-1,-1
1126,391,1250.610,565.910,104.460,259.170,1.0000,-1,-1,-1
1126,392,866.120,563.470,80.750,292.060,1.0000,-1,-1,-1
1127,372,423.180,631.290,184.800,251.600,1.0000,-1,-1,-1
1127,373,1143.980,635.040,164.240,265.000,1.0000,-1,-1,-1
1127,374,989.840,494.980,126.680,386.550,1.0000,-1,-1,-1
1127,375,1111.790,547.410,86.450,283.970,1.0000,-1,-1,-1
1127,377,1315.490,622.310,143.700,241.420,1.0000,-1,-1,-1
1127,379,577.790,621.490,182.360,290.050,1.0000,-1,-1,-1
1127,380,841.470,429.880,170.940,518.600,1.0000,-1,-1,-1
1127,388,654.450,547.130,113.650,307.820,1.0000,-1,-1,-1
1127,389,546.070,557.290,100.690,278.240,1.0000,-1,-1,-1
1127,390,727.590,521.930,140.890,361.340,1.0000,-1,-1,-1
1127,391,1253.130,565.740,101.670,258.370,1.0000,-1,-1,-1
1127,392,868.260,570.720,83.950,285.030,1.0000,-1,-1,-1
1128,372,422.960,632.600,185.160,250.250,1.0000,-1,-1,-1
1128,373,1143.530,634.940,164.290,265.020,1.0000,-1,-1,-1
1128,374,992.210,495.030,124.500,386.500,1.0000,-1,-1,-1
1128,375,1111.950,547.370,87.440,283.940,1.0000,-1,-1,-1
1128,377,1316.720,622.160,142.450,241.580,1.0000,-1,-1,-1
1128,379,577.330,622.550,180.940,288.860,1.0000,-1,-1,-1
1128,380,841.910,437.270,172.790,511.200,1.0000,-1,-1,-1
1128,388,653.660,547.600,115.500,307.320,1.0000,-1,-1,-1
1128,389,544.500,556.270,102.080,278.520,1.0000,-1,-1,-1
1128,390,712.270,520.910,156.210,362.350,1.0000,-1,-1,-1
1128,391,1257.440,565.850,97.050,257.750,1.0000,-1,-1,-1
1128,392,869.250,573.970,83.760,281.170,1.0000,-1,-1,-1
1129,372,423.350,632.810,186.480,250.170,1.0000,-1,-1,-1
1129,373,1139.650,634.640,168.920,265.380,1.0000,-1,-1,-1
1129,374,992.340,495.150,123.770,386.440,1.0000,-1,-1,-1
1129,375,1112.320,547.060,88.080,284.360,1.0000,-1,-1,-1
1129,377,1317.290,621.510,141.200,242.440,1.0000,-1,-1,-1
1129,379,574.720,623.650,179.830,287.680,1.0000,-1,-1,-1
1129,380,842.780,450.790,172.190,498.040,1.0000,-1,-1,-1
1129,388,654.230,547.630,113.920,306.930,1.0000,-1,-1,-1
1129,389,533.270,555.270,110.920,280.310,1.0000,-1,-1,-1
1129,390,717.820,515.700,150.350,367.600,1.0000,-1,-1,-1
1129,391,1259.370,565.670,97.120,258.110,1.0000,-1,-1,-1
1129,392,868.170,560.430,93.910,294.500,1.0000,-1,-1,-1
1130,372,423.610,632.720,185.480,250.210,1.0000,-1,-1,-1
1130,373,1143.690,634.200,167.730,265.820,1.0000,-1,-1,-1
1130,374,991.450,494.470,124.910,387.220,1.0000,-1,-1,-1
1130,375,1111.920,546.800,89.360,285.220,1.0000,-1,-1,-1
1130,377,1317.740,621.070,140.740,242.950,1.0000,-1,-1,-1
1130,379,573.770,624.130,179.670,287.130,1.0000,-1,-1,-1
1130,380,843.080,452.920,168.390,495.750,1.0000,-1,-1,-1
1130,388,653.580,547.370,112.450,307.250,1.0000,-1,-1,-1
1130,389,530.730,555.330,112.570,280.400,1.0000,-1,-1,-1
1130,390,715.580,514.340,152.370,369.290,1.0000,-1,-1,-1
1130,391,1259.380,565.590,96.530,258.060,1.0000,-1,-1,-1
1130,392,867.580,546.270,90.470,309.370,1.0000,-1,-1,-1
1131,372,424.580,632.210,184.460,250.800,1.0000,-1,-1,-1
1131,373,1134.370,634.410,176.880,265.750,1.0000,-1,-1,-1
1131,374,994.650,491.980,121.190,390.060,1.0000,-1,-1,-1
1131,375,1110.590,547.280,90.530,284.460,1.0000,-1,-1,-1
1131,377,1319.610,620.650,140.050,243.240,1.0000,-1,-1,-1
1131,379,571.380,624.920,180.910,286.340,1.0000,-1,-1,-1
1131,380,843.850,453.750,163.060,494.770,1.0000,-1,-1,-1
1131,388,654.760,547.540,103.240,307.060,1.0000,-1,-1,-1
1131,389,536.480,557.160,112.510,280.930,1.0000,-1,-1,-1
1131,390,738.850,514.970,129.460,368.360,1.0000,-1,-1,-1
1131,391,1259.400,565.650,95.190,258.340,1.0000,-1,-1,-1
1131,392,864.230,549.490,92.390,305.010,1.0000,-1,-1,-1
1132,372,425.270,631.970,182.990,251.120,1.0000,-1,-1,-1
1132,373,1134.680,634.310,177.300,265.800,1.0000,-1,-1,-1
1132,374,997.250,490.890,118.160,392.190,1.0000,-1,-1,-1
1132,375,1111.070,547.000,90.230,285.110,1.0000,-1,-1,-1
1132,377,1320.380,620.410,140.340,243.750,1.0000,-1,-1,-1
1132,379,569.950,624.790,180.610,286.420,1.0000,-1,-1,-1
1132,380,844.360,452.650,160.320,495.670,1.0000,-1,-1,-1
1132,388,654.730,547.870,99.060,306.580,1.0000,-1,-1,-1
1132,389,540.220,558.650,107.690,285.000,1.0000,-1,-1,-1
1132,390,738.810,516.430,129.460,367.060,1.0000,-1,-1,-1
1132,391,1260.010,565.530,92.900,258.020,1.0000,-1,-1,-1
1132,392,864.630,546.800,91.850,307.310,1.0000,-1,-1,-1
1133,372,426.720,631.840,182.340,251.190,1.0000,-1,-1,-1
1133,373,1142.320,633.870,174.640,266.340,1.0000,-1,-1,-1
1133,374,1000.790,489.950,115.360,393.860,1.0000,-1,-1,-1
1133,375,1112.850,544.700,87.660,286.960,1.0000,-1,-1,-1
1133,377,1320.030,620.340,142.100,243.910,1.0000,-1,-1,-1
1133,379,567.140,624.310,183.120,286.710,1.0000,-1,-1,-1
1133,380,846.240,450.940,157.510,497.860,1.0000,-1,-1,-1
1133,388,655.650,547.990,94.530,307.260,1.0000,-1,-1,-1
1133,389,545.600,559.590,107.890,283.470,1.0000,-1,-1,-1
1133,390,738.860,518.510,129.460,365.150,1.0000,-1,-1,-1
1133,391,1262.260,565.390,89.790,258.950,1.0000,-1,-1,-1
1133,392,865.480,540.330,88.920,314.210,1.0000,-1,-1,-1
1134,372,428.100,631.760,182.460,251.260,1.0000,-1,-1,-1
1134,373,1138.490,633.860,173.630,266.340,1.0000,-1,-1,-1
1134,374,1002.140,490.040,113.990,393.910,1.0000,-1,-1,-1
1134,375,1114.560,544.310,86.030,287.400,1.0000,-1,-1,-1
1134,377,1319.490,620.170,144.080,244.180,1.0000,-1,-1,-1
1134,379,564.700,624.990,186.620,286.090,1.0000,-1,-1,-1
1134,380,846.910,450.900,156.870,498.120,1.0000,-1,-1,-1
1134,388,655.810,547.980,95.570,307.830,1.0000,-1,-1,-1
1134,389,549.260,558.330,104.650,289.360,1.0000,-1,-1,-1
1134,390,738.890,519.630,129.400,364.070,1.0000,-1,-1,-1
1134,391,1262.970,565.400,88.800,259.120,1.0000,-1,-1,-1
1134,392,866.120,543.800,89.010,310.890,1.0000,-1,-1,-1
1135,372,430.040,631.750,180.850,251.280,1.0000,-1,-1,-1
1135,373,1137.990,633.830,204.300,266.150,1.0000,-1,-1,-1
1135,374,1003.700,491.110,112.450,392.880,1.0000,-1,-1,-1
1135,375,1116.510,544.240,85.190,287.840,1.0000,-1,-1,-1
1135,377,1318.490,620.000,147.530,244.260,1.0000,-1,-1,-1
1135,379,561.010,626.060,195.600,285.320,1.0000,-1,-1,-1
1135,380,847.010,449.270,156.350,499.610,1.0000,-1,-1,-1
1135,388,655.770,547.640,98.940,308.640,1.0000,-1,-1,-1
1135,389,548.670,555.660,99.550,292.350,1.0000,-1,-1,-1
1135,390,738.980,520.740,129.110,362.940,1.0000,-1,-1,-1
1135,391,1263.510,565.290,86.790,258.550,1.0000,-1,-1,-1
1135,392,865.410,549.260,88.050,305.310,1.0000,-1,-1,-1
1136,372,430.670,631.750,180.720,251.150,1.0000,-1,-1,-1
1136,373,1137.640,633.620,216.020,266.380,1.0000,-1,-1,-1
1136,374,1003.340,491.620,112.940,392.460,1.0000,-1,-1,-1
1136,375,1117.620,544.190,84.920,288.530,1.0000,-1,-1,-1
1136,377,1317.720,619.760,149.730,244.440,1.0000,-1,-1,-1
1136,379,560.360,626.190,196.570,285.280,1.0000,-1,-1,-1
1136,380,846.430,449.000,156.300,499.710,1.0000,-1,-1,-1
1136,388,654.370,547.340,101.100,309.820,1.0000,-1,-1,-1
1136,389,549.980,553.270,92.870,293.170,1.0000,-1,-1,-1
1136,390,738.840,520.630,129.130,363.230,1.0000,-1,-1,-1
1136,391,1264.100,565.270,84.150,258.200,1.0000,-1,-1,-1
1136,392,867.120,551.290,84.520,303.330,1.0000,-1,-1,-1
1137,372,431.870,631.710,179.950,251.080,1.0000,-1,-1,-1
1137,373,1138.400,633.190,213.450,266.750,1.0000,-1,-1,-1
1137,374,1000.280,492.270,115.890,391.480,1.0000,-1,-1,-1
1137,375,1120.040,544.610,83.480,287.840,1.0000,-1,-1,-1
1137,377,1316.920,619.450,152.780,244.600,1.0000,-1,-1,-1
1137,379,558.820,626.490,199.950,285.000,1.0000,-1,-1,-1
1137,380,843.960,447.600,157.350,500.850,1.0000,-1,-1,-1
1137,388,655.490,546.240,100.300,311.340,1.0000,-1,-1,-1
1137,389,554.290,549.030,90.670,293.650,1.0000,-1,-1,-1
1137,390,738.870,520.240,129.270,363.830,1.0000,-1,-1,-1
1137,391,1265.000,565.020,82.420,259.000,1.0000,-1,-1,-1
1137,392,871.240,554.010,82.880,300.660,1.0000,-1,-1,-1
1138,372,432.210,632.050,179.500,250.830,1.0000,-1,-1,-1
1138,373,1149.900,633.020,192.990,267.000,1.0000,-1,-1,-1
1138,374,999.020,492.410,117.460,391.400,1.0000,-1,-1,-1
1138,375,1121.580,544.800,82.980,287.170,1.0000,-1,-1,-1
1138,377,1315.760,619.170,154.770,244.750,1.0000,-1,-1,-1
1138,379,558.410,627.530,200.970,284.110,1.0000,-1,-1,-1
1138,380,842.680,447.420,157.830,501.250,1.0000,-1,-1,-1
1138,388,655.170,545.590,100.630,312.000,1.0000,-1,-1,-1
1138,389,553.220,546.530,93.330,292.910,1.0000,-1,-1,-1
1138,390,738.700,520.440,129.560,363.580,1.0000,-1,-1,-1
1138,391,1265.530,565.090,80.480,259.200,1.0000,-1,-1,-1
1138,392,871.150,558.160,83.730,297.250,1.0000,-1,-1,-1
1139,372,432.170,632.210,179.920,250.650,1.0000,-1,-1,-1
1139,373,1148.280,633.120,177.330,267.040,1.0000,-1,-1,-1
1139,374,994.550,492.540,122.700,391.200,1.0000,-1,-1,-1
1139,375,1123.070,544.940,83.460,287.050,1.0000,-1,-1,-1
1139,377,1315.340,619.280,157.210,244.690,1.0000,-1,-1,-1
1139,379,556.610,627.370,203.310,284.360,1.0000,-1,-1,-1
1139,380,839.560,446.900,160.730,501.400,1.0000,-1,-1,-1
1139,388,652.740,544.500,104.160,312.810,1.0000,-1,-1,-1
1139,389,552.780,544.860,98.820,291.650,1.0000,-1,-1,-1
1139,390,738.300,520.000,129.790,363.830,1.0000,-1,-1,-1
1139,391,1265.460,565.240,79.330,259.840,1.0000,-1,-1,-1
1139,392,871.800,567.950,83.690,287.680,1.0000,-1,-1,-1
1140,372,431.860,632.770,180.700,250.100,1.0000,-1,-1,-1
1140,373,1137.520,633.100,172.550,267.180,1.0000,-1,-1,-1
1140,374,992.150,492.380,125.320,391.320,1.0000,-1,-1,-1
1140,375,1122.130,545.030,85.740,286.850,1.0000,-1,-1,-1
1140,377,1315.060,619.290,158.280,244.770,1.0000,-1,-1,-1
1140,379,556.790,626.950,203.490,284.730,1.0000,-1,-1,-1
1140,380,837.970,446.780,162.310,501.500,1.0000,-1,-1,-1
1140,388,653.660,543.790,103.330,313.130,1.0000,-1,-1,-1
1140,389,553.250,544.120,97.890,291.740,1.0000,-1,-1,-1
1140,390,738.110,519.750,130.200,364.110,1.0000,-1,-1,-1
1140,391,1265.710,565.150,78.700,260.470,1.0000,-1,-1,-1
1140,392,871.180,570.970,84.960,285.300,1.0000,-1,-1,-1
1141,372,430.310,633.470,183.720,249.460,1.0000,-1,-1,-1
1141,373,1134.260,633.710,175.450,266.530,1.0000,-1,-1,-1
1141,374,987.900,491.930,129.690,391.880,1.0000,-1,-1,-1
1141,375,1123.890,544.820,83.070,287.140,1.0000,-1,-1,-1
1141,377,1313.240,619.260,161.570,245.000,1.0000,-1,-1,-1
1141,379,557.900,627.580,165.820,284.620,1.0000,-1,-1,-1
1141,380,835.600,446.330,164.660,501.880,1.0000,-1,-1,-1
1141,388,652.290,542.350,106.700,313.680,1.0000,-1,-1,-1
1141,389,553.190,544.800,94.670,291.040,1.0000,-1,-1,-1
1141,390,738.370,519.940,130.160,363.890,1.0000,-1,-1,-1
1141,391,1265.670,565.240,78.330,260.150,1.0000,-1,-1,-1
1141,392,868.480,571.090,85.580,284.930,1.0000,-1,-1,-1
1142,372,429.500,633.830,184.960,249.060,1.0000,-1,-1,-1
1142,373,1134.030,633.600,175.490,266.660,1.0000,-1,-1,-1
1142,374,986.310,492.030,131.220,391.530,1.0000,-1,-1,-1
1142,375,1124.080,544.490,82.500,287.290,1.0000,-1,-1,-1
1142,377,1311.800,619.200,163.670,245.000,1.0000,-1,-1,-1
1142,379,557.790,628.220,167.340,284.000,1.0000,-1,-1,-1
1142,380,833.460,446.360,166.850,501.910,1.0000,-1,-1,-1
1142,388,651.920,541.950,106.350,314.400,1.0000,-1,-1,-1
1142,389,554.030,545.390,93.260,291.450,1.0000,-1,-1,-1
1142,390,738.080,519.760,130.890,364.070,1.0000,-1,-1,-1
1142,391,1265.530,565.260,79.380,260.260,1.0000,-1,-1,-1
1142,392,867.250,583.220,86.620,272.810,1.0000,-1,-1,-1
1143,372,427.690,634.610,185.740,248.320,1.0000,-1,-1,-1
1143,373,1128.080,633.960,182.860,266.300,1.0000,-1,-1,-1
1143,374,986.000,492.030,131.610,391.560,1.0000,-1,-1,-1
1143,375,1125.120,544.380,81.990,287.430,1.0000,-1,-1,-1
1143,377,1310.480,618.800,166.670,245.340,1.0000,-1,-1,-1
1143,379,555.540,628.850,207.960,283.190,1.0000,-1,-1,-1
1143,380,829.480,446.470,171.120,501.540,1.0000,-1,-1,-1
1143,388,650.970,541.490,106.530,314.600,1.0000,-1,-1,-1
1143,389,552.780,545.670,91.670,292.740,1.0000,-1,-1,-1
1143,390,738.140,519.340,131.520,364.310,1.0000,-1,-1,-1
1143,391,1265.410,565.320,77.490,259.700,1.0000,-1,-1,-1
1143,392,867.710,592.000,87.680,263.700,1.0000,-1,-1,-1
1144,372,426.870,634.910,187.390,248.020,1.0000,-1,-1,-1
1144,373,1126.900,633.950,208.910,266.150,1.0000,-1,-1,-1
1144,374,985.090,492.150,132.460,391.560,1.0000,-1,-1,-1
1144,375,1125.270,544.460,81.330,287.410,1.0000,-1,-1,-1
1144,377,1309.190,618.740,168.640,245.290,1.0000,-1,-1,-1
1144,379,553.040,629.570,211.410,282.370,1.0000,-1,-1,-1
1144,380,827.860,447.140,173.120,500.800,1.0000,-1,-1,-1
1144,388,650.450,541.290,105.400,314.770,1.0000,-1,-1,-1
1144,389,550.570,545.290,92.550,292.760,1.0000,-1,-1,-1
1144,390,737.950,518.960,131.780,364.980,1.0000,-1,-1,-1
1144,391,1264.400,565.640,78.250,258.820,1.0000,-1,-1,-1
1144,392,868.710,586.887,84.178,269.083,0.8500,-1,-1,-1
1145,372,425.180,635.450,189.700,247.460,1.0000,-1,-1,-1
1145,373,1124.290,634.020,209.880,266.150,1.0000,-1,-1,-1
1145,374,981.380,492.390,135.890,391.090,1.0000,-1,-1,-1
1145,375,1122.950,544.340,82.240,287.900,1.0000,-1,-1,-1
1145,377,1307.370,618.700,171.570,245.270,1.0000,-1,-1,-1
1145,379,550.140,630.150,217.510,281.900,1.0000,-1,-1,-1
1145,380,825.150,448.410,175.830,499.440,1.0000,-1,-1,-1
1145,388,649.500,540.830,106.220,314.510,1.0000,-1,-1,-1
1145,389,550.460,542.410,94.470,294.230,1.0000,-1,-1,-1
1145,390,735.350,518.770,134.350,364.890,1.0000,-1,-1,-1
1145,391,1264.470,565.500,77.820,259.210,1.0000,-1,-1,-1
1145,392,869.440,588.720,82.957,267.220,0.8500,-1,-1,-1
1146,372,424.200,635.760,190.480,247.140,1.0000,-1,-1,-1
1146,373,1132.660,634.020,178.450,266.320,1.0000,-1,-1,-1
1146,374,978.260,492.350,139.010,391.140,1.0000,-1,-1,-1
1146,375,1123.100,544.330,82.230,287.910,1.0000,-1,-1,-1
1146,377,1306.330,618.560,172.740,245.390,1.0000,-1,-1,-1
1146,379,549.350,631.140,218.760,281.040,1.0000,-1,-1,-1
1146,380,823.250,449.320,177.720,498.550,1.0000,-1,-1,-1
1146,388,649.190,540.440,106.050,315.000,1.0000,-1,-1,-1
1146,389,551.110,539.520,95.530,295.500,1.0000,-1,-1,-1
1146,390,731.120,518.430,138.490,365.160,1.0000,-1,-1,-1
1146,391,1263.820,565.660,80.390,259.280,1.0000,-1,-1,-1
1146,392,870.170,590.553,81.736,265.357,0.8500,-1,-1,-1
1147,372,421.100,635.960,192.340,246.870,1.0000,-1,-1,-1
1147,373,1121.560,634.570,186.120,265.550,1.0000,-1,-1,-1
1147,374,976.210,492.650,140.400,391.400,1.0000,-1,-1,-1
1147,375,1123.000,544.020,80.750,288.100,1.0000,-1,-1,-1
1147,377,1303.940,618.540,176.080,245.830,1.0000,-1,-1,-1
1147,379,547.950,630.860,221.380,281.360,1.0000,-1,-1,-1
1147,380,818.400,450.510,182.590,497.560,1.0000,-1,-1,-1
1147,388,649.010,540.440,107.020,314.790,1.0000,-1,-1,-1
1147,389,554.290,535.450,96.630,302.180,1.0000,-1,-1,-1
1147,390,721.690,518.150,149.720,366.020,1.0000,-1,-1,-1
1147,391,1264.510,566.300,82.990,259.020,1.0000,-1,-1,-1
1147,392,870.900,592.387,80.514,263.493,0.8500,-1,-1,-1
1148,372,418.660,636.080,198.160,246.740,1.0000,-1,-1,-1
1148,373,1120.180,634.940,187.430,265.170,1.0000,-1,-1,-1
1148,374,974.660,492.630,141.460,391.620,1.0000,-1,-1,-1
1148,375,1121.810,543.920,82.180,287.880,1.0000,-1,-1,-1
1148,377,1302.660,618.650,177.760,245.680,1.0000,-1,-1,-1
1148,379,542.810,630.380,227.570,281.750,1.0000,-1,-1,-1
1148,380,817.050,451.300,184.360,496.720,1.0000,-1,-1,-1
1148,388,648.960,540.470,106.900,314.980,1.0000,-1,-1,-1
1148,389,556.620,533.440,95.910,305.690,1.0000,-1,-1,-1
1148,390,717.310,517.920,154.770,366.480,1.0000,-1,-1,-1
1148,391,1264.190,566.170,82.620,258.870,1.0000,-1,-1,-1
1148,392,871.630,594.220,79.293,261.630,0.8500,-1,-1,-1
1149,372,414.180,635.760,200.660,247.030,1.0000,-1,-1,-1
1149,373,1117.710,635.930,188.770,264.130,1.0000,-1,-1,-1
1149,374,971.620,492.680,144.020,391.740,1.0000,-1,-1,-1
1149,375,1119.580,543.780,83.160,288.060,1.0000,-1,-1,-1
1149,377,1300.180,618.550,180.100,245.800,1.0000,-1,-1,-1
1149,379,539.260,630.240,227.600,282.010,1.0000,-1,-1,-1
1149,380,814.240,453.040,187.760,495.440,1.0000,-1,-1,-1
1149,388,648.950,540.360,107.210,315.310,1.0000,-1,-1,-1
1149,389,558.240,530.070,94.130,310.360,1.0000,-1,-1,-1
1149,390,716.720,518.510,155.360,365.690,1.0000,-1,-1,-1
1149,391,1263.650,566.510,82.530,258.840,1.0000,-1,-1,-1
1149,392,872.360,596.053,78.072,259.767,0.8500,-1,-1,-1
1150,372,411.310,635.310,203.000,247.580,1.0000,-1,-1,-1
1150,373,1116.540,636.460,189.910,263.590,1.0000,-1,-1,-1
1150,374,970.910,492.670,144.590,391.820,1.0000,-1,-1,-1
1150,375,1118.480,543.880,84.510,288.420,1.0000,-1,-1,-1
1150,377,1299.070,618.430,181.210,245.920,1.0000,-1,-1,-1
1150,379,538.200,629.780,226.070,282.390,1.0000,-1,-1,-1
1150,380,811.480,453.380,190.650,495.050,1.0000,-1,-1,-1
1150,388,652.490,540.460,104.670,315.510,1.0000,-1,-1,-1
1150,389,557.230,529.580,98.040,305.910,1.0000,-1,-1,-1
1150,390,714.880,518.630,158.170,365.810,1.0000,-1,-1,-1
1150,391,1262.630,566.520,82.390,258.960,1.0000,-1,-1,-1
1150,392,868.860,607.140,75.590,246.810,1.0000,-1,-1,-1
1151,372,408.150,634.980,201.720,248.120,1.0000,-1,-1,-1
1151,373,1112.430,637.120,194.540,263.000,1.0000,-1,-1,-1
1151,374,969.740,493.110,145.520,391.200,1.0000,-1,-1,-1
1151,375,1116.150,544.120,86.850,287.410,1.0000,-1,-1,-1
1151,377,1297.000,618.440,182.910,245.850,1.0000,-1,-1,-1
1151,379,537.110,630.180,222.410,281.680,1.0000,-1,-1,-1
1151,380,805.740,455.130,196.460,493.430,1.0000,-1,-1,-1
1151,388,655.380,541.080,101.860,314.540,1.0000,-1,-1,-1
1151,389,551.340,529.800,111.950,307.370,1.0000,-1,-1,-1
1151,390,705.520,520.080,168.430,364.130,1.0000,-1,-1,-1
1151,391,1259.650,566.460,80.200,259.150,1.0000,-1,-1,-1
1151,392,873.820,599.720,75.630,256.040,1.0000,-1,-1,-1
1152,372,407.110,635.060,204.820,248.130,1.0000,-1,-1,-1
1152,373,1111.360,638.000,195.240,262.150,1.0000,-1,-1,-1
1152,374,969.060,493.550,145.920,390.720,1.0000,-1,-1,-1
1152,375,1115.620,544.210,87.100,287.440,1.0000,-1,-1,-1
1152,377,1296.240,618.530,183.180,245.730,1.0000,-1,-1,-1
1152,379,538.230,630.890,215.800,280.880,1.0000,-1,-1,-1
1152,380,803.250,455.250,196.980,491.540,1.0000,-1,-1,-1
1152,388,656.220,542.110,102.650,313.170,1.0000,-1,-1,-1
1152,389,554.970,530.510,114.190,306.480,1.0000,-1,-1,-1
1152,390,689.510,522.090,185.170,361.870,1.0000,-1,-1,-1
1152,391,1259.190,566.490,79.770,258.800,1.0000,-1,-1,-1
1152,392,874.730,589.500,74.610,265.840,1.0000,-1,-1,-1
1153,372,409.940,635.400,200.560,247.600,1.0000,-1,-1,-1
1153,373,1110.960,639.110,196.020,260.950,1.0000,-1,-1,-1
1153,374,968.950,496.490,145.530,387.610,1.0000,-1,-1,-1
1153,375,1118.750,544.800,82.800,285.700,1.0000,-1,-1,-1
1153,377,1294.240,618.640,182.720,245.470,1.0000,-1,-1,-1
1153,379,541.230,632.710,205.630,278.680,1.0000,-1,-1,-1
1153,380,806.260,454.890,205.800,490.970,1.0000,-1,-1,-1
1153,388,658.670,544.640,99.890,310.720,1.0000,-1,-1,-1
1153,389,556.570,530.990,117.080,309.340,1.0000,-1,-1,-1
1153,390,691.100,526.370,184.320,357.990,1.0000,-1,-1,-1
1153,391,1259.030,567.060,85.860,258.980,1.0000,-1,-1,-1
1153,392,858.060,569.920,96.770,286.500,1.0000,-1,-1,-1
1154,372,414.340,635.900,192.890,246.840,1.0000,-1,-1,-1
1154,373,1110.770,639.760,196.690,260.310,1.0000,-1,-1,-1
1154,374,968.300,498.400,146.330,385.530,1.0000,-1,-1,-1
1154,375,1117.410,545.060,83.240,285.360,1.0000,-1,-1,-1
1154,377,1293.380,619.070,182.300,245.070,1.0000,-1,-1,-1
1154,379,548.840,633.190,190.680,277.530,1.0000,-1,-1,-1
1154,380,811.960,453.830,202.010,492.710,1.0000,-1,-1,-1
1154,388,659.800,546.460,96.320,309.400,1.0000,-1,-1,-1
1154,389,552.900,531.050,124.890,313.860,1.0000,-1,-1,-1
1154,390,688.200,528.960,186.520,355.740,1.0000,-1,-1,-1
1154,391,1260.640,567.170,89.880,258.770,1.0000,-1,-1,-1
1154,392,853.270,569.260,103.690,287.710,1.0000,-1,-1,-1
1155,372,434.000,637.250,172.750,244.750,1.0000,-1,-1,-1
1155,373,1127.880,641.700,178.310,258.270,1.0000,-1,-1,-1
1155,374,966.570,502.310,147.900,381.480,1.0000,-1,-1,-1
1155,375,1115.070,546.760,81.150,283.510,1.0000,-1,-1,-1
1155,377,1292.170,620.600,180.670,243.440,1.0000,-1,-1,-1
1155,379,568.600,631.990,161.560,272.150,1.0000,-1,-1,-1
1155,380,841.770,450.810,166.140,495.040,1.0000,-1,-1,-1
1155,388,668.170,550.750,96.630,305.300,1.0000,-1,-1,-1
1155,389,569.000,530.490,106.270,313.400,1.0000,-1,-1,-1
1155,390,695.690,533.320,179.150,351.380,1.0000,-1,-1,-1
1155,391,1263.750,567.580,90.810,258.280,1.0000,-1,-1,-1
1155,392,863.570,573.830,100.030,276.620,1.0000,-1,-1,-1
1156,372,436.630,637.230,167.130,244.860,1.0000,-1,-1,-1
1156,373,1141.060,643.690,165.060,256.350,1.0000,-1,-1,-1
1156,374,967.590,501.520,147.460,382.280,1.0000,-1,-1,-1
1156,375,1115.110,547.020,81.100,283.160,1.0000,-1,-1,-1
1156,377,1291.830,620.980,179.060,243.160,1.0000,-1,-1,-1
1156,379,572.420,630.300,155.360,273.240,1.0000,-1,-1,-1
1156,380,862.110,430.960,138.910,515.420,1.0000,-1,-1,-1
1156,388,674.420,552.420,105.090,302.650,1.0000,-1,-1,-1
1156,389,570.960,529.850,109.190,321.140,1.0000,-1,-1,-1
1156,390,691.100,534.610,183.290,349.510,1.0000,-1,-1,-1
1156,391,1265.410,568.270,88.030,257.550,1.0000,-1,-1,-1
1156,392,862.660,554.960,104.710,293.930,1.0000,-1,-1,-1
1157,372,436.240,633.570,166.000,242.580,1.0000,-1,-1,-1
1157,373,1136.740,644.080,169.330,255.890,1.0000,-1,-1,-1
1157,374,967.380,494.920,147.210,386.410,1.0000,-1,-1,-1
1157,375,1117.230,544.480,87.970,286.600,1.0000,-1,-1,-1
1157,377,1294.990,620.700,169.630,243.430,1.0000,-1,-1,-1
1157,379,574.280,622.900,148.110,280.330,1.0000,-1,-1,-1
1157,380,871.630,440.960,124.000,504.930,1.0000,-1,-1,-1
1157,388,680.320,552.400,80.190,301.460,1.0000,-1,-1,-1
1157,389,573.720,527.470,111.390,324.370,1.0000,-1,-1,-1
1157,390,701.640,535.360,170.480,349.250,1.0000,-1,-1,-1
1157,391,1265.430,568.830,83.560,256.830,1.0000,-1,-1,-1
1157,392,854.710,561.480,114.230,285.740,1.0000,-1,-1,-1
1158,372,437.620,629.990,163.890,245.250,1.0000,-1,-1,-1
1158,373,1137.480,640.190,166.860,259.800,1.0000,-1,-1,-1
1158,374,968.220,489.730,137.730,389.000,1.0000,-1,-1,-1
1158,375,1118.880,543.130,94.500,285.420,1.0000,-1,-1,-1
1158,377,1300.770,619.840,160.030,244.230,1.0000,-1,-1,-1
1158,379,573.840,618.570,139.830,284.790,1.0000,-1,-1,-1
1158,380,865.680,423.610,132.690,522.220,1.0000,-1,-1,-1
1158,388,678.190,550.170,83.230,303.930,1.0000,-1,-1,-1
1158,389,574.360,525.550,116.100,327.060,1.0000,-1,-1,-1
1158,390,703.180,533.660,166.370,351.780,1.0000,-1,-1,-1
1158,391,1265.600,568.820,79.890,257.260,1.0000,-1,-1,-1
1158,392,854.760,568.560,102.760,278.060,1.0000,-1,-1,-1
1159,372,435.970,619.830,152.220,255.750,1.0000,-1,-1,-1
1159,373,1141.740,629.890,160.090,270.210,1.0000,-1,-1,-1
1159,374,980.510,483.300,102.960,392.080,1.0000,-1,-1,-1
1159,375,1111.630,538.140,134.540,296.250,1.0000,-1,-1,-1
1159,377,1322.530,620.680,129.860,243.100,1.0000,-1,-1,-1
1159,379,569.050,608.230,138.780,294.940,1.0000,-1,-1,-1
1159,380,859.730,380.010,196.100,564.280,1.0000,-1,-1,-1
1159,388,674.800,539.020,88.890,315.450,1.0000,-1,-1,-1
1159,389,578.930,522.600,127.290,335.340,1.0000,-1,-1,-1
1159,390,733.170,521.320,127.720,358.340,1.0000,-1,-1,-1
1159,391,1264.990,567.840,78.280,255.590,1.0000,-1,-1,-1
1160,372,434.710,613.580,148.220,262.240,1.0000,-1,-1,-1
1160,373,1140.620,627.610,167.840,272.500,1.0000,-1,-1,-1
1160,374,989.300,483.640,106.100,392.870,1.0000,-1,-1,-1
1160,375,1108.060,535.870,151.130,307.370,1.0000,-1,-1,-1
1160,377,1321.460,623.210,127.830,240.210,1.0000,-1,-1,-1
1160,379,561.770,599.840,142.520,303.320,1.0000,-1,-1,-1
1160,380,858.870,412.380,238.280,529.550,1.0000,-1,-1,-1
1160,388,674.980,533.210,92.750,321.230,1.0000,-1,-1,-1
1160,389,581.390,521.770,115.180,344.520,1.0000,-1,-1,-1
1160,390,735.210,516.040,119.320,361.860,1.0000,-1,-1,-1
1160,391,1264.990,567.210,78.520,256.400,1.0000,-1,-1,-1
1161,372,437.070,599.750,146.400,276.150,1.0000,-1,-1,-1
1161,373,1138.030,628.560,163.390,270.550,1.0000,-1,-1,-1
1161,374,995.880,490.730,100.200,386.460,1.0000,-1,-1,-1
1161,375,1106.400,532.710,131.150,311.010,1.0000,-1,-1,-1
1161,377,1318.380,629.060,122.250,233.340,1.0000,-1,-1,-1
1161,379,556.610,586.660,148.190,316.580,1.0000,-1,-1,-1
1161,380,778.860,409.200,315.550,532.350,1.0000,-1,-1,-1
1161,388,663.080,526.980,98.500,324.880,1.0000,-1,-1,-1
1161,389,590.640,522.300,110.530,336.380,1.0000,-1,-1,-1
1161,390,728.660,508.060,110.550,366.570,1.0000,-1,-1,-1
1161,391,1256.560,566.650,89.210,254.920,1.0000,-1,-1,-1
1162,372,438.920,592.480,158.330,283.430,1.0000,-1,-1,-1
1162,373,1136.380,634.610,144.610,259.700,1.0000,-1,-1,-1
1162,374,995.060,496.270,102.760,381.720,1.0000,-1,-1,-1
1162,375,1107.280,532.890,119.670,306.240,1.0000,-1,-1,-1
1162,377,1316.770,628.910,121.480,232.190,1.0000,-1,-1,-1
1162,379,556.000,578.520,150.930,325.260,1.0000,-1,-1,-1
1162,380,747.600,410.970,321.160,530.320,1.0000,-1,-1,-1
1162,388,663.200,527.260,102.750,323.250,1.0000,-1,-1,-1
1162,389,595.220,523.010,110.340,335.100,1.0000,-1,-1,-1
1162,390,726.080,508.750,121.300,376.310,1.0000,-1,-1,-1
1162,391,1250.630,566.400,91.210,256.020,1.0000,-1,-1,-1
1163,372,448.180,578.060,140.520,296.850,1.0000,-1,-1,-1
1163,373,1137.230,638.840,143.820,253.770,1.0000,-1,-1,-1
1163,374,994.240,504.040,104.690,373.940,1.0000,-1,-1,-1
1163,375,1112.650,536.070,100.650,304.360,1.0000,-1,-1,-1
1163,377,1313.020,625.130,124.250,233.860,1.0000,-1,-1,-1
1163,379,548.550,565.080,147.360,338.260,1.0000,-1,-1,-1
1163,380,724.560,417.700,266.590,522.440,1.0000,-1,-1,-1
1163,388,636.760,537.310,127.120,313.620,1.0000,-1,-1,-1
1163,389,587.490,524.830,116.880,336.890,1.0000,-1,-1,-1
1163,390,722.370,514.670,137.870,369.530,1.0000,-1,-1,-1
1163,391,1253.820,566.230,84.390,256.130,1.0000,-1,-1,-1
1164,372,434.610,571.070,153.970,304.230,1.0000,-1,-1,-1
1164,373,1136.870,637.480,132.760,255.070,1.0000,-1,-1,-1
1164,374,993.130,504.450,105.650,373.700,1.0000,-1,-1,-1
1164,375,1114.980,537.150,97.040,303.130,1.0000,-1,-1,-1
1164,377,1310.630,619.810,126.270,238.880,1.0000,-1,-1,-1
1164,379,535.050,558.150,161.220,344.410,1.0000,-1,-1,-1
1164,380,727.370,424.190,289.250,515.220,1.0000,-1,-1,-1
1164,388,634.940,542.580,133.750,309.580,1.0000,-1,-1,-1
1164,389,578.610,523.850,124.120,351.920,1.0000,-1,-1,-1
1164,390,726.970,517.880,131.240,366.320,1.0000,-1,-1,-1
1164,391,1245.810,566.130,97.290,255.490,1.0000,-1,-1,-1
1165,372,421.880,556.830,166.650,318.900,1.0000,-1,-1,-1
1165,373,1133.570,628.260,152.940,264.160,1.0000,-1,-1,-1
1165,374,994.470,502.090,106.850,375.710,1.0000,-1,-1,-1
1165,375,1117.040,539.150,122.330,297.100,1.0000,-1,-1,-1
1165,377,1306.470,606.330,130.640,251.750,1.0000,-1,-1,-1
1165,379,512.700,543.990,207.150,358.840,1.0000,-1,-1,-1
1165,380,817.270,430.400,230.660,508.120,1.0000,-1,-1,-1
1165,388,659.440,544.640,116.210,306.410,1.0000,-1,-1,-1
1165,389,585.940,520.590,113.380,356.240,1.0000,-1,-1,-1
1165,390,724.900,519.630,124.370,364.440,1.0000,-1,-1,-1
1165,391,1252.150,566.230,96.860,256.220,1.0000,-1,-1,-1
1166,372,416.620,549.010,171.460,325.890,1.0000,-1,-1,-1
1166,373,1131.670,623.730,177.750,268.820,1.0000,-1,-1,-1
1166,374,993.720,500.660,109.790,376.920,1.0000,-1,-1,-1
1166,375,1114.410,539.150,116.070,304.600,1.0000,-1,-1,-1
1166,377,1299.560,598.250,138.200,259.620,1.0000,-1,-1,-1
1166,379,503.730,538.940,219.510,363.340,1.0000,-1,-1,-1
1166,380,785.050,434.770,273.500,503.790,1.0000,-1,-1,-1
1166,388,669.410,544.370,113.660,306.290,1.0000,-1,-1,-1
1166,389,588.900,518.630,122.560,358.820,1.0000,-1,-1,-1
1166,390,725.260,520.220,113.590,363.590,1.0000,-1,-1,-1
1166,391,1257.280,565.710,89.180,255.690,1.0000,-1,-1,-1
1167,372,411.240,535.540,179.420,339.730,1.0000,-1,-1,-1
1167,373,1128.620,613.450,187.050,278.820,1.0000,-1,-1,-1
1167,374,994.300,499.120,113.440,378.420,1.0000,-1,-1,-1
1167,375,1108.620,538.280,105.970,298.970,1.0000,-1,-1,-1
1167,377,1281.440,581.060,157.580,276.860,1.0000,-1,-1,-1
1167,379,494.730,530.640,211.920,368.360,1.0000,-1,-1,-1
1167,380,785.350,441.360,268.130,497.180,1.0000,-1,-1,-1
1167,388,677.800,539.530,107.820,311.510,1.0000,-1,-1,-1
1167,389,601.540,495.860,112.000,381.250,1.0000,-1,-1,-1
1167,390,681.070,519.720,170.700,365.400,1.0000,-1,-1,-1
1167,391,1266.260,564.600,83.470,257.450,1.0000,-1,-1,-1
1168,372,412.250,527.400,175.190,346.820,1.0000,-1,-1,-1
1168,373,1127.410,607.940,187.810,284.160,1.0000,-1,-1,-1
1168,374,994.410,499.320,115.390,378.400,1.0000,-1,-1,-1
1168,375,1106.170,537.190,100.230,298.480,1.0000,-1,-1,-1
1168,377,1276.610,571.660,163.130,286.120,1.0000,-1,-1,-1
1168,379,493.670,527.860,206.460,373.820,1.0000,-1,-1,-1
1168,380,781.050,445.390,242.200,493.150,1.0000,-1,-1,-1
1168,388,683.070,537.320,119.140,313.880,1.0000,-1,-1,-1
1168,389,596.250,487.990,105.530,389.760,1.0000,-1,-1,-1
1168,390,690.150,519.430,176.340,367.250,1.0000,-1,-1,-1
1168,391,1266.640,563.540,114.390,258.470,1.0000,-1,-1,-1
1169,372,420.290,512.740,173.870,360.890,1.0000,-1,-1,-1
1169,373,1121.060,595.750,187.120,296.210,1.0000,-1,-1,-1
1169,374,995.580,495.250,118.060,382.220,1.0000,-1,-1,-1
1169,375,1097.690,537.480,103.000,295.790,1.0000,-1,-1,-1
1169,377,1266.880,557.090,176.810,302.730,1.0000,-1,-1,-1
1169,379,444.340,520.550,257.350,379.610,1.0000,-1,-1,-1
1169,380,775.050,449.770,228.990,488.730,1.0000,-1,-1,-1
1169,388,684.330,534.850,117.810,315.530,1.0000,-1,-1,-1
1169,389,604.970,480.170,97.250,397.740,1.0000,-1,-1,-1
1169,390,724.930,521.690,143.300,365.870,1.0000,-1,-1,-1
1169,391,1267.900,563.110,103.860,261.570,1.0000,-1,-1,-1
1170,372,424.050,505.690,179.820,369.280,1.0000,-1,-1,-1
1170,373,1110.340,588.850,180.100,303.220,1.0000,-1,-1,-1
1170,374,995.510,494.170,120.290,382.570,1.0000,-1,-1,-1
1170,375,1089.320,538.900,109.800,289.020,1.0000,-1,-1,-1
1170,377,1268.680,551.030,176.550,308.960,1.0000,-1,-1,-1
1170,379,433.410,516.150,269.180,394.050,1.0000,-1,-1,-1
1170,380,774.780,452.150,215.880,486.340,1.0000,-1,-1,-1
1170,388,685.510,565.900,118.230,286.240,1.0000,-1,-1,-1
1170,389,604.440,479.070,95.700,398.730,1.0000,-1,-1,-1
1170,390,711.550,523.410,148.870,363.280,1.0000,-1,-1,-1
1171,372,425.300,495.750,193.820,378.890,1.0000,-1,-1,-1
1171,373,1107.470,572.860,158.440,319.440,1.0000,-1,-1,-1
1171,374,999.160,491.570,127.730,385.450,1.0000,-1,-1,-1
1171,375,1062.600,543.510,137.000,285.940,1.0000,-1,-1,-1
1171,377,1264.940,541.600,181.010,321.840,1.0000,-1,-1,-1
1171,379,413.550,507.260,294.140,403.600,1.0000,-1,-1,-1
1171,380,776.770,457.700,186.590,480.850,1.0000,-1,-1,-1
1171,389,600.480,481.690,94.450,398.170,1.0000,-1,-1,-1
1171,390,717.710,528.380,118.120,356.940,1.0000,-1,-1,-1
1172,372,405.300,494.610,212.930,381.450,1.0000,-1,-1,-1
1172,373,1110.720,564.100,156.120,327.970,1.0000,-1,-1,-1
1172,374,1001.520,492.970,133.020,384.680,1.0000,-1,-1,-1
1172,375,1043.010,545.220,176.550,286.440,1.0000,-1,-1,-1
1172,377,1262.480,536.670,185.520,328.930,1.0000,-1,-1,-1
1172,379,402.820,505.690,301.410,405.490,1.0000,-1,-1,-1
1172,380,778.890,460.630,184.520,478.070,1.0000,-1,-1,-1
1172,389,594.280,487.370,96.640,392.500,1.0000,-1,-1,-1
1172,390,713.590,531.860,134.890,352.880,1.0000,-1,-1,-1
1173,372,402.960,501.340,264.560,375.850,1.0000,-1,-1,-1
1173,373,1098.770,547.960,168.240,343.570,1.0000,-1,-1,-1
1173,374,999.730,499.370,138.660,378.650,1.0000,-1,-1,-1
1173,377,1245.130,528.090,204.890,337.820,1.0000,-1,-1,-1
1173,379,376.680,499.180,301.550,415.160,1.0000,-1,-1,-1
1173,380,785.320,465.610,176.970,472.990,1.0000,-1,-1,-1
1173,388,689.420,544.680,162.690,304.720,1.0000,-1,-1,-1
1173,389,596.440,510.880,88.370,366.870,1.0000,-1,-1,-1
1173,390,706.250,535.550,132.670,348.640,1.0000,-1,-1,-1
1174,372,402.890,501.100,172.070,373.130,1.0000,-1,-1,-1
1174,373,1098.110,539.560,168.810,351.700,1.0000,-1,-1,-1
1174,374,999.860,502.600,154.910,375.800,1.0000,-1,-1,-1
1174,377,1235.740,524.040,209.040,341.910,1.0000,-1,-1,-1
1174,379,368.730,503.110,300.540,411.630,1.0000,-1,-1,-1
1174,380,796.720,466.410,165.490,472.340,1.0000,-1,-1,-1
1174,388,695.010,548.500,153.850,303.720,1.0000,-1,-1,-1
1174,389,592.170,521.780,93.200,358.000,1.0000,-1,-1,-1
1174,390,702.090,535.180,131.500,349.320,1.0000,-1,-1,-1
1174,391,1260.850,575.660,174.430,249.850,1.0000,-1,-1,-1
1175,372,378.507,504.962,246.844,372.652,0.8500,-1,-1,-1
1175,373,1061.410,524.920,203.170,365.840,1.0000,-1,-1,-1
1175,374,1003.490,504.450,138.070,373.350,1.0000,-1,-1,-1
1175,377,1232.640,517.720,181.940,348.540,1.0000,-1,-1,-1
1175,379,372.230,500.710,238.720,414.130,1.0000,-1,-1,-1
1175,380,798.440,466.820,164.240,472.200,1.0000,-1,-1,-1
1175,388,749.670,549.370,151.900,313.240,1.0000,-1,-1,-1
1175,389,587.800,523.340,98.220,356.020,1.0000,-1,-1,-1
1175,390,693.160,531.710,134.330,349.970,1.0000,-1,-1,-1
1175,391,1278.250,572.420,157.310,250.400,1.0000,-1,-1,-1
1176,372,366.280,506.773,237.987,371.053,0.8500,-1,-1,-1
1176,373,1059.250,518.810,203.260,371.900,1.0000,-1,-1,-1
1176,374,1008.890,503.750,129.790,372.390,1.0000,-1,-1,-1
1176,377,1229.130,513.510,169.310,352.910,1.0000,-1,-1,-1
1176,379,377.550,499.670,201.950,415.060,1.0000,-1,-1,-1
1176,380,796.860,466.190,166.440,473.270,1.0000,-1,-1,-1
1176,388,764.390,547.360,135.600,317.340,1.0000,-1,-1,-1
1176,389,585.720,524.090,100.860,355.300,1.0000,-1,-1,-1
1176,390,686.460,530.430,131.640,343.380,1.0000,-1,-1,-1
1176,391,1287.440,570.490,148.050,252.840,1.0000,-1,-1,-1
1177,372,354.053,508.584,229.129,369.454,0.8500,-1,-1,-1
1177,373,1037.020,510.770,208.210,380.100,1.0000,-1,-1,-1
1177,374,1029.030,501.720,107.800,364.820,1.0000,-1,-1,-1
1177,375,1025.760,546.260,93.840,287.760,1.0000,-1,-1,-1
1177,377,1218.210,504.310,143.190,362.130,1.0000,-1,-1,-1
1177,379,366.870,497.760,166.380,416.310,1.0000,-1,-1,-1
1177,380,795.330,464.290,154.690,473.600,1.0000,-1,-1,-1
1177,389,583.920,524.480,106.450,354.650,1.0000,-1,-1,-1
1177,390,674.480,526.950,122.770,345.810,1.0000,-1,-1,-1
1177,391,1320.850,567.710,114.640,255.600,1.0000,-1,-1,-1
1178,372,341.827,510.396,220.271,367.856,0.8500,-1,-1,-1
1178,373,1034.580,507.000,191.630,383.890,1.0000,-1,-1,-1
1178,374,1061.740,498.870,98.030,367.490,1.0000,-1,-1,-1
1178,375,1014.800,546.160,82.790,288.030,1.0000,-1,-1,-1
1178,377,1211.700,500.520,130.430,365.470,1.0000,-1,-1,-1
1178,379,346.970,496.750,173.920,417.000,1.0000,-1,-1,-1
1178,380,780.700,464.480,152.110,470.840,1.0000,-1,-1,-1
1178,389,583.650,524.550,109.120,354.580,1.0000,-1,-1,-1
1178,390,668.780,525.610,114.830,346.930,1.0000,-1,-1,-1
1178,391,1326.320,566.470,109.350,256.220,1.0000,-1,-1,-1
1179,372,329.600,512.207,211.413,366.257,0.8500,-1,-1,-1
1179,373,1033.410,496.240,156.270,394.770,1.0000,-1,-1,-1
1179,375,997.190,543.860,92.790,288.680,1.0000,-1,-1,-1
1179,377,1194.980,496.620,123.740,371.500,1.0000,-1,-1,-1
1179,379,317.680,495.760,165.550,418.550,1.0000,-1,-1,-1
1179,380,787.440,463.900,133.530,468.640,1.0000,-1,-1,-1
1179,389,582.190,524.820,115.470,354.560,1.0000,-1,-1,-1
1179,390,648.900,526.290,121.920,346.890,1.0000,-1,-1,-1
1179,391,1360.430,563.020,83.210,259.760,1.0000,-1,-1,-1
1180,372,317.373,514.018,202.556,364.658,0.8500,-1,-1,-1
1180,373,1062.280,495.550,121.690,395.210,1.0000,-1,-1,-1
1180,374,1085.920,511.230,98.520,353.510,1.0000,-1,-1,-1
1180,375,978.460,543.690,109.660,288.680,1.0000,-1,-1,-1
1180,377,1186.520,496.700,120.990,370.340,1.0000,-1,-1,-1
1180,379,307.560,495.550,164.590,417.930,1.0000,-1,-1,-1
1180,380,786.760,463.850,135.110,468.480,1.0000,-1,-1,-1
1180,389,581.160,524.990,118.090,354.630,1.0000,-1,-1,-1
1180,390,646.650,528.230,121.330,344.620,1.0000,-1,-1,-1
1180,391,1365.090,561.670,88.650,260.840,1.0000,-1,-1,-1
1181,372,302.360,523.000,176.930,354.840,1.0000,-1,-1,-1
1181,373,1044.430,497.600,140.210,393.770,1.0000,-1,-1,-1
1181,375,942.170,545.420,146.360,287.630,1.0000,-1,-1,-1
1181,377,1162.920,502.830,146.640,370.350,1.0000,-1,-1,-1
1181,379,240.930,499.020,228.740,415.160,1.0000,-1,-1,-1
1181,380,786.180,463.140,142.780,469.340,1.0000,-1,-1,-1
1181,389,579.290,525.040,114.750,354.320,1.0000,-1,-1,-1
1181,390,646.420,535.800,114.240,336.670,1.0000,-1,-1,-1
1181,391,1375.150,561.160,98.500,260.970,1.0000,-1,-1,-1
1182,372,292.920,517.640,184.840,361.460,1.0000,-1,-1,-1
1182,373,1050.120,498.990,133.230,391.620,1.0000,-1,-1,-1
1182,374,1084.080,497.830,166.380,362.750,1.0000,-1,-1,-1
1182,375,934.310,547.150,155.410,286.710,1.0000,-1,-1,-1
1182,377,1140.290,506.850,170.130,368.200,1.0000,-1,-1,-1
1182,379,215.710,502.890,253.950,411.850,1.0000,-1,-1,-1
1182,380,786.050,463.320,148.900,469.540,1.0000,-1,-1,-1
1182,388,819.270,520.340,108.560,346.080,1.0000,-1,-1,-1
1182,389,578.240,525.110,104.570,354.180,1.0000,-1,-1,-1
1182,390,650.360,539.250,107.430,333.450,1.0000,-1,-1,-1
1182,391,1381.460,562.260,115.080,260.030,1.0000,-1,-1,-1
1183,372,279.400,527.120,197.970,351.600,1.0000,-1,-1,-1
1183,373,1051.200,502.920,113.670,384.880,1.0000,-1,-1,-1
1183,374,1083.320,509.730,179.540,347.900,1.0000,-1,-1,-1
1183,375,928.230,549.790,157.590,285.350,1.0000,-1,-1,-1
1183,377,1129.250,510.940,178.730,371.410,1.0000,-1,-1,-1
1183,379,197.250,507.950,270.030,408.360,1.0000,-1,-1,-1
1183,380,783.660,465.310,164.990,467.610,1.0000,-1,-1,-1
1183,388,814.590,524.130,99.770,341.960,1.0000,-1,-1,-1
1183,389,567.110,524.070,123.290,354.800,1.0000,-1,-1,-1
1183,390,649.620,546.390,102.990,325.110,1.0000,-1,-1,-1
1183,391,1390.560,566.310,136.820,256.180,1.0000,-1,-1,-1
1184,372,275.390,526.260,200.300,353.790,1.0000,-1,-1,-1
1184,373,1050.640,504.040,107.630,382.680,1.0000,-1,-1,-1
1184,374,1094.620,520.750,169.740,341.600,1.0000,-1,-1,-1
1184,375,927.550,549.730,148.530,285.400,1.0000,-1,-1,-1
1184,377,1129.360,510.720,170.540,372.520,1.0000,-1,-1,-1
1184,379,190.500,509.900,273.370,406.480,1.0000,-1,-1,-1
1184,380,782.090,466.080,164.720,466.870,1.0000,-1,-1,-1
1184,388,801.790,534.170,111.820,332.440,1.0000,-1,-1,-1
1184,389,560.980,523.510,132.470,355.220,1.0000,-1,-1,-1
1184,390,644.370,547.700,109.050,324.400,1.0000,-1,-1,-1
1184,391,1390.790,568.090,141.340,254.930,1.0000,-1,-1,-1
1185,372,270.770,524.500,192.890,356.220,1.0000,-1,-1,-1
1185,373,1037.200,505.770,116.050,380.110,1.0000,-1,-1,-1
1185,374,1113.890,539.030,151.000,318.840,1.0000,-1,-1,-1
1185,375,928.250,548.530,122.660,286.610,1.0000,-1,-1,-1
1185,377,1127.020,506.880,141.020,371.210,1.0000,-1,-1,-1
1185,379,186.450,509.820,255.760,405.580,1.0000,-1,-1,-1
1185,380,778.330,464.920,143.770,467.460,1.0000,-1,-1,-1
1185,388,811.480,536.980,111.760,331.080,1.0000,-1,-1,-1
1185,389,547.720,521.340,142.620,357.600,1.0000,-1,-1,-1
1185,390,640.290,548.490,111.160,315.690,1.0000,-1,-1,-1
1185,391,1390.910,568.830,147.950,252.900,1.0000,-1,-1,-1
1186,372,272.430,521.950,181.500,357.090,1.0000,-1,-1,-1
1186,373,1031.020,505.810,117.940,379.000,1.0000,-1,-1,-1
1186,374,1117.950,520.750,146.920,333.350,1.0000,-1,-1,-1
1186,375,928.320,547.050,109.050,288.180,1.0000,-1,-1,-1
1186,377,1103.170,504.740,129.570,372.870,1.0000,-1,-1,-1
1186,379,185.510,509.840,240.160,405.250,1.0000,-1,-1,-1
1186,380,776.360,463.670,133.770,466.180,1.0000,-1,-1,-1
1186,388,820.350,536.890,99.640,329.330,1.0000,-1,-1,-1
1186,389,542.740,520.360,135.490,358.800,1.0000,-1,-1,-1
1186,390,638.560,547.910,107.330,307.080,1.0000,-1,-1,-1
1186,391,1395.470,568.120,143.860,254.420,1.0000,-1,-1,-1
1187,372,268.470,519.160,146.670,361.450,1.0000,-1,-1,-1
1187,373,1016.600,504.830,124.350,379.650,1.0000,-1,-1,-1
1187,374,1127.860,515.020,141.670,336.230,1.0000,-1,-1,-1
1187,375,926.540,544.700,79.190,290.690,1.0000,-1,-1,-1
1187,377,1097.940,500.160,103.980,378.230,1.0000,-1,-1,-1
1187,379,160.070,510.090,220.670,405.080,1.0000,-1,-1,-1
1187,380,774.400,460.870,116.170,457.530,1.0000,-1,-1,-1
1187,388,832.500,533.730,95.640,319.430,1.0000,-1,-1,-1
1187,389,534.490,517.840,150.890,361.070,1.0000,-1,-1,-1
1187,390,623.490,544.690,112.800,307.850,1.0000,-1,-1,-1
1187,391,1413.820,566.600,125.940,255.410,1.0000,-1,-1,-1
1188,372,270.050,516.090,123.220,363.310,1.0000,-1,-1,-1
1188,373,1010.000,504.400,124.120,379.390,1.0000,-1,-1,-1
1188,374,1134.810,512.920,134.960,338.080,1.0000,-1,-1,-1
1188,375,912.470,543.040,89.400,292.490,1.0000,-1,-1,-1
1188,377,1085.560,499.070,103.230,379.110,1.0000,-1,-1,-1
1188,379,142.210,505.950,213.630,409.220,1.0000,-1,-1,-1
1188,380,772.990,460.290,110.970,455.160,1.0000,-1,-1,-1
1188,388,837.480,530.830,92.520,320.240,1.0000,-1,-1,-1
1188,389,531.590,517.190,157.190,361.750,1.0000,-1,-1,-1
1188,390,617.220,542.890,114.680,310.100,1.0000,-1,-1,-1
1188,391,1428.400,565.160,111.160,255.070,1.0000,-1,-1,-1
1189,372,247.660,511.340,111.090,369.660,1.0000,-1,-1,-1
1189,373,1001.030,502.790,121.200,381.310,1.0000,-1,-1,-1
1189,374,1184.630,507.200,102.880,342.910,1.0000,-1,-1,-1
1189,375,908.760,541.320,87.340,294.050,1.0000,-1,-1,-1
1189,377,1067.810,498.010,109.710,380.570,1.0000,-1,-1,-1
1189,379,120.840,500.440,177.840,414.310,1.0000,-1,-1,-1
1189,380,769.160,459.600,111.760,455.330,1.0000,-1,-1,-1
1189,388,842.920,525.820,94.170,324.860,1.0000,-1,-1,-1
1189,389,531.490,514.780,149.480,363.950,1.0000,-1,-1,-1
1189,390,614.840,539.750,110.870,313.080,1.0000,-1,-1,-1
1189,391,1454.420,562.040,85.540,258.730,1.0000,-1,-1,-1
1190,372,215.960,510.070,135.390,371.400,1.0000,-1,-1,-1
1190,373,998.060,502.100,123.890,382.770,1.0000,-1,-1,-1
1190,374,1206.870,505.400,90.490,344.440,1.0000,-1,-1,-1
1190,375,899.380,541.390,93.840,294.170,1.0000,-1,-1,-1
1190,377,1059.450,498.160,110.920,380.220,1.0000,-1,-1,-1
1190,379,113.370,499.470,187.240,415.550,1.0000,-1,-1,-1
1190,380,767.640,458.480,112.540,456.680,1.0000,-1,-1,-1
1190,388,850.340,525.080,90.140,326.750,1.0000,-1,-1,-1
1190,389,533.910,514.080,185.390,364.470,1.0000,-1,-1,-1
1190,391,1459.460,561.000,83.950,260.220,1.0000,-1,-1,-1
1191,372,201.320,510.380,131.670,370.200,1.0000,-1,-1,-1
1191,373,998.340,502.270,123.580,382.770,1.0000,-1,-1,-1
1191,374,1218.800,504.710,96.850,343.880,1.0000,-1,-1,-1
1191,375,874.290,542.960,111.570,291.620,1.0000,-1,-1,-1
1191,377,1020.440,501.060,139.450,376.670,1.0000,-1,-1,-1
1191,379,103.530,500.710,191.710,414.150,1.0000,-1,-1,-1
1191,380,759.530,457.570,121.370,457.540,1.0000,-1,-1,-1
1191,388,858.650,526.510,86.510,328.120,1.0000,-1,-1,-1
1191,389,548.580,514.890,133.060,363.500,1.0000,-1,-1,-1
1191,390,569.370,578.040,141.610,274.420,1.0000,-1,-1,-1
1191,391,1469.960,560.560,102.440,259.830,1.0000,-1,-1,-1
1192,372,168.270,512.190,159.360,368.860,1.0000,-1,-1,-1
1192,373,997.180,503.600,122.670,382.320,1.0000,-1,-1,-1
1192,374,1213.030,506.650,111.760,341.810,1.0000,-1,-1,-1
1192,375,873.310,546.820,108.480,288.060,1.0000,-1,-1,-1
1192,377,997.990,504.040,164.270,374.430,1.0000,-1,-1,-1
1192,379,74.670,503.700,215.930,411.550,1.0000,-1,-1,-1
1192,380,754.930,457.290,132.030,457.880,1.0000,-1,-1,-1
1192,388,859.990,528.530,89.270,329.030,1.0000,-1,-1,-1
1192,389,558.770,515.730,122.800,363.040,1.0000,-1,-1,-1
1192,390,549.190,582.070,156.890,269.970,1.0000,-1,-1,-1
1192,391,1474.720,560.830,119.990,259.260,1.0000,-1,-1,-1
1193,372,132.470,521.310,195.290,359.760,1.0000,-1,-1,-1
1193,373,996.400,506.700,118.490,388.860,1.0000,-1,-1,-1
1193,374,1210.030,514.800,152.920,334.040,1.0000,-1,-1,-1
1193,375,872.340,550.630,100.470,286.260,1.0000,-1,-1,-1
1193,377,994.990,511.440,164.800,367.310,1.0000,-1,-1,-1
1193,379,35.280,512.950,241.310,402.600,1.0000,-1,-1,-1
1193,380,737.990,460.090,156.170,454.950,1.0000,-1,-1,-1
1193,388,863.940,533.320,82.090,330.120,1.0000,-1,-1,-1
1193,389,573.730,519.090,108.860,359.110,1.0000,-1,-1,-1
1193,390,533.810,560.640,169.060,289.820,1.0000,-1,-1,-1
1193,391,1485.550,563.520,144.640,256.380,1.0000,-1,-1,-1
1194,372,129.570,526.050,195.920,355.870,1.0000,-1,-1,-1
1194,373,995.420,506.510,122.480,394.660,1.0000,-1,-1,-1
1194,374,1214.190,517.660,157.150,331.320,1.0000,-1,-1,-1
1194,375,870.810,550.060,96.390,292.290,1.0000,-1,-1,-1
1194,377,994.180,518.220,156.980,360.330,1.0000,-1,-1,-1
1194,379,36.430,519.240,232.550,396.340,1.0000,-1,-1,-1
1194,380,728.600,461.780,168.570,453.190,1.0000,-1,-1,-1
1194,388,859.030,533.600,92.050,330.910,1.0000,-1,-1,-1
1194,389,574.570,520.560,106.890,357.890,1.0000,-1,-1,-1
1194,390,530.960,557.430,171.290,295.530,1.0000,-1,-1,-1
1194,391,1491.650,565.620,148.130,253.880,1.0000,-1,-1,-1
1195,372,121.110,529.130,188.170,352.610,1.0000,-1,-1,-1
1195,373,997.000,505.250,122.050,398.490,1.0000,-1,-1,-1
1195,374,1229.100,520.170,149.260,327.400,1.0000,-1,-1,-1
1195,375,847.688,541.152,106.262,297.174,0.8500,-1,-1,-1
1195,379,28.640,516.450,216.380,399.760,1.0000,-1,-1,-1
1195,380,697.160,467.980,204.900,447.580,1.0000,-1,-1,-1
1195,388,861.040,532.460,102.010,334.110,1.0000,-1,-1,-1
1195,389,569.990,521.950,110.210,356.550,1.0000,-1,-1,-1
1195,390,529.980,546.920,166.240,305.950,1.0000,-1,-1,-1
1195,391,1498.660,568.710,151.570,250.900,1.0000,-1,-1,-1
1196,372,118.130,528.720,173.810,353.420,1.0000,-1,-1,-1
1196,373,993.790,505.730,131.180,397.970,1.0000,-1,-1,-1
1196,374,1237.200,519.540,142.270,327.610,1.0000,-1,-1,-1
1196,375,835.362,536.413,109.158,302.631,0.8500,-1,-1,-1
1196,379,27.550,517.160,204.670,399.220,1.0000,-1,-1,-1
1196,380,683.780,472.800,225.670,442.200,1.0000,-1,-1,-1
1196,388,857.030,531.180,112.020,335.570,1.0000,-1,-1,-1
1196,389,567.690,522.020,118.950,356.230,1.0000,-1,-1,-1
1196,390,529.760,552.260,142.830,297.490,1.0000,-1,-1,-1
1196,391,1499.350,568.610,151.720,251.060,1.0000,-1,-1,-1
1197,372,116.460,529.040,137.460,347.050,1.0000,-1,-1,-1
1197,373,983.830,513.800,131.880,390.050,1.0000,-1,-1,-1
1197,374,1267.660,515.900,118.120,321.040,1.0000,-1,-1,-1
1197,375,823.036,531.674,112.054,308.088,0.8500,-1,-1,-1
1197,379,26.810,514.860,173.650,397.000,1.0000,-1,-1,-1
1197,380,682.430,484.500,222.210,428.930,1.0000,-1,-1,-1
1197,388,853.150,528.550,118.440,338.450,1.0000,-1,-1,-1
1197,389,561.100,520.910,122.010,357.700,1.0000,-1,-1,-1
1197,390,525.630,551.260,118.780,297.670,1.0000,-1,-1,-1
1197,391,1506.450,567.460,144.680,251.930,1.0000,-1,-1,-1
1198,372,119.370,527.970,128.540,347.240,1.0000,-1,-1,-1
1198,373,981.430,524.610,139.340,379.290,1.0000,-1,-1,-1
1198,374,1284.430,513.850,106.630,322.760,1.0000,-1,-1,-1
1198,375,810.710,526.935,114.950,313.545,0.8500,-1,-1,-1
1198,379,26.370,513.320,158.130,398.320,1.0000,-1,-1,-1
1198,380,693.650,492.750,216.180,420.750,1.0000,-1,-1,-1
1198,388,852.360,526.730,118.230,340.590,1.0000,-1,-1,-1
1198,389,548.690,519.420,135.620,359.320,1.0000,-1,-1,-1
1198,390,519.140,550.310,122.770,298.560,1.0000,-1,-1,-1
1198,391,1517.290,566.180,133.740,252.660,1.0000,-1,-1,-1
1199,372,112.640,524.090,124.990,353.510,1.0000,-1,-1,-1
1199,373,958.270,542.400,159.210,361.320,1.0000,-1,-1,-1
1199,374,1322.130,511.720,82.350,325.290,1.0000,-1,-1,-1
1199,375,798.384,522.196,117.846,319.002,0.8500,-1,-1,-1
1199,377,957.370,499.780,171.000,378.630,1.0000,-1,-1,-1
1199,379,15.350,510.000,135.980,401.060,1.0000,-1,-1,-1
1199,380,711.080,503.910,187.990,409.100,1.0000,-1,-1,-1
1199,388,855.800,520.220,114.090,347.320,1.0000,-1,-1,-1
1199,389,526.070,521.370,159.530,356.700,1.0000,-1,-1,-1
1199,390,507.820,549.060,91.590,299.950,1.0000,-1,-1,-1
1199,391,1543.090,563.320,108.100,255.510,1.0000,-1,-1,-1
1200,372,99.510,522.960,132.950,355.930,1.0000,-1,-1,-1
1200,373,985.400,552.270,133.580,351.250,1.0000,-1,-1,-1
1200,374,1329.230,511.790,82.680,325.660,1.0000,-1,-1,-1
1200,375,786.058,517.457,120.742,324.459,0.8500,-1,-1,-1
1200,377,953.150,499.010,170.490,378.430,1.0000,-1,-1,-1
1200,379,2.370,508.420,143.660,402.990,1.0000,-1,-1,-1
1200,380,721.500,525.120,176.050,387.800,1.0000,-1,-1,-1
1200,388,855.000,517.170,114.120,350.460,1.0000,-1,-1,-1
1200,389,515.490,521.220,170.060,356.990,1.0000,-1,-1,-1
1200,390,494.980,549.310,91.400,299.900,1.0000,-1,-1,-1
1200,391,1550.850,562.190,100.020,256.710,1.0000,-1,-1,-1
1201,372,72.530,522.510,153.140,356.220,1.0000,-1,-1,-1
1201,373,995.280,567.710,115.830,336.140,1.0000,-1,-1,-1
1201,374,1337.860,514.470,122.710,321.790,1.0000,-1,-1,-1
1201,375,773.732,512.718,123.638,329.916,0.8500,-1,-1,-1
1201,377,949.860,497.880,153.660,380.130,1.0000,-1,-1,-1
1201,379,0.520,507.790,131.470,403.070,1.0000,-1,-1,-1
1201,380,736.330,544.570,153.660,368.770,1.0000,-1,-1,-1
1201,388,863.360,512.540,105.180,353.510,1.0000,-1,-1,-1
1201,389,501.150,521.480,183.640,356.320,1.0000,-1,-1,-1
1201,390,472.810,546.460,102.380,302.900,1.0000,-1,-1,-1
1201,391,1559.690,560.900,103.730,258.160,1.0000,-1,-1,-1
1202,372,65.300,525.020,156.980,354.180,1.0000,-1,-1,-1
1202,373,994.590,578.850,115.790,325.390,1.0000,-1,-1,-1
1202,374,1337.570,517.480,150.360,318.820,1.0000,-1,-1,-1
1202,375,748.570,505.340,129.480,342.280,1.0000,-1,-1,-1
1202,377,951.060,497.140,138.460,381.190,1.0000,-1,-1,-1
1202,379,0.370,510.060,123.790,400.450,1.0000,-1,-1,-1
1202,380,732.670,553.010,153.780,360.330,1.0000,-1,-1,-1
1202,388,863.130,511.310,105.420,354.860,1.0000,-1,-1,-1
1202,389,494.000,521.330,190.170,356.710,1.0000,-1,-1,-1
1202,390,447.070,547.960,127.980,301.670,1.0000,-1,-1,-1
1202,391,1563.960,560.990,104.750,257.940,1.0000,-1,-1,-1
1203,372,67.480,531.910,147.600,347.570,1.0000,-1,-1,-1
1203,373,993.260,598.280,116.620,306.180,1.0000,-1,-1,-1
1203,374,1338.000,524.660,174.210,311.790,1.0000,-1,-1,-1
1203,375,749.080,503.240,129.430,340.830,1.0000,-1,-1,-1
1203,377,959.970,498.180,119.830,375.190,1.0000,-1,-1,-1
1203,379,0.410,515.660,111.410,395.440,1.0000,-1,-1,-1
1203,380,727.520,576.940,150.600,336.710,1.0000,-1,-1,-1
1203,388,866.710,511.120,103.200,368.360,1.0000,-1,-1,-1
1203,389,495.340,523.290,185.540,354.640,1.0000,-1,-1,-1
1203,390,415.350,553.010,158.570,296.580,1.0000,-1,-1,-1
1203,391,1574.300,562.350,105.510,256.550,1.0000,-1,-1,-1
